age,employment_type,employment_tenure,monthly_income,existing_emi,credit_score,previous_default,loan_amount,loan_tenure,dti,loan_to_income,risk_category
61,Salaried,1.0,92097,19265,571,No,2938283,12,20.92,2.659,Medium Risk
55,Salaried,12.0,28331,1965,611,No,2625049,1,6.94,7.721,Medium Risk
56,Salaried,14.5,162853,52551,729,No,127257,13,32.27,0.065,Low Risk
31,Business Owner,5.8,92842,14025,672,No,1693530,2,15.11,1.52,Low Risk
43,Self-Employed,12.3,31390,16459,774,No,1687688,2,52.43,4.48,Medium Risk
56,Self-Employed,16.7,182141,113937,685,No,391735,1,62.55,0.179,Medium Risk
63,Salaried,15.6,40916,24793,551,No,2001740,11,60.59,4.077,High Risk
44,Salaried,7.7,74921,36383,849,No,2654880,11,48.56,2.953,Low Risk
31,Business Owner,9.6,62834,22021,638,Yes,2784353,12,35.05,3.693,High Risk
56,Salaried,13.8,34663,6894,516,No,1782607,5,19.89,4.286,Medium Risk
25,Salaried,6.4,168682,104522,661,No,2193927,7,61.96,1.084,Medium Risk
62,Self-Employed,3.3,56603,11904,787,No,2551931,7,21.03,3.757,Low Risk
58,Self-Employed,7.6,56262,21447,546,No,559901,3,38.12,0.829,Medium Risk
61,Salaried,15.9,130666,57188,697,No,2063143,9,43.77,1.316,Low Risk
37,Business Owner,16.4,23009,11325,558,No,2352216,13,49.22,8.519,High Risk
38,Business Owner,7.1,96939,32242,732,No,1204733,9,33.26,1.036,Low Risk
32,Business Owner,12.8,183918,44874,827,No,934293,3,24.4,0.423,Low Risk
44,Salaried,11.0,159029,102895,806,No,181691,2,64.7,0.095,Low Risk
44,Self-Employed,5.2,83143,51607,540,No,2138391,14,62.07,2.143,Medium Risk
25,Business Owner,5.5,53657,25693,781,No,2313224,14,47.88,3.593,Low Risk
59,Self-Employed,19.3,161373,87290,602,No,1773494,11,54.09,0.916,Medium Risk
62,Self-Employed,9.0,155679,53470,626,No,1518033,1,34.35,0.813,Low Risk
58,Business Owner,5.0,77728,4250,823,No,382697,15,5.47,0.41,Low Risk
23,Self-Employed,0.8,82391,19033,748,No,654956,12,23.1,0.662,Medium Risk
57,Business Owner,9.7,143987,82774,597,No,2863973,7,57.49,1.658,Medium Risk
43,Self-Employed,8.5,34200,16679,830,No,1788716,12,48.77,4.358,Medium Risk
42,Salaried,5.3,69862,27846,571,No,1268303,8,39.86,1.513,Medium Risk
36,Salaried,8.3,164264,18667,833,Yes,161898,2,11.36,0.082,Low Risk
36,Salaried,7.6,146185,27620,705,Yes,790538,7,18.89,0.451,Low Risk
21,Self-Employed,1.2,139277,32787,784,No,2141247,3,23.54,1.281,Low Risk
33,Self-Employed,3.7,35331,15068,777,No,1415353,1,42.65,3.338,Medium Risk
24,Business Owner,3.1,159231,24256,760,No,879406,2,15.23,0.46,Low Risk
59,Salaried,13.7,81657,25514,791,No,2593594,1,31.25,2.647,Low Risk
60,Salaried,8.7,173006,72212,661,Yes,956725,11,41.74,0.461,Medium Risk
41,Salaried,5.7,54308,26426,653,No,404267,1,48.66,0.62,Low Risk
50,Business Owner,20.0,46209,4511,609,No,655563,15,9.76,1.182,Low Risk
43,Salaried,17.6,116869,27492,724,No,1368848,10,23.52,0.976,Low Risk
62,Business Owner,0.7,165385,40453,839,No,663257,5,24.46,0.334,Low Risk
28,Salaried,7.6,60749,13792,809,No,1538144,4,22.7,2.11,Low Risk
64,Business Owner,17.1,152489,56047,526,No,1876605,14,36.75,1.026,Medium Risk
38,Salaried,0.6,54293,25199,634,No,1953192,9,46.41,2.998,Medium Risk
48,Business Owner,0.7,39724,26388,576,No,1648604,10,66.43,3.458,High Risk
56,Salaried,8.9,30965,7753,520,Yes,981124,11,25.04,2.64,High Risk
36,Business Owner,2.3,166770,104179,708,Yes,748243,15,62.47,0.374,High Risk
36,Salaried,17.6,66413,41370,512,No,1493286,13,62.29,1.874,Medium Risk
47,Business Owner,17.3,85055,19003,555,No,262422,14,22.34,0.257,Medium Risk
51,Salaried,4.4,140665,39003,616,No,2868379,4,27.73,1.699,Low Risk
46,Self-Employed,5.9,38198,25916,642,No,2236602,7,67.85,4.879,High Risk
64,Business Owner,7.0,27235,3404,633,No,1213446,1,12.5,3.713,Medium Risk
27,Business Owner,4.2,102228,34109,761,No,2518385,4,33.37,2.053,Low Risk
37,Salaried,13.6,20443,7931,775,No,2912819,4,38.8,11.874,Medium Risk
44,Self-Employed,1.9,194125,125890,819,No,622716,12,64.85,0.267,Medium Risk
40,Business Owner,6.5,127057,33291,651,No,904635,7,26.2,0.593,Low Risk
63,Self-Employed,13.7,65620,29535,654,No,101702,5,45.01,0.129,Low Risk
39,Salaried,8.9,172039,76442,664,No,1954552,11,44.43,0.947,Low Risk
34,Business Owner,7.8,64483,30839,645,No,2754746,10,47.83,3.56,Medium Risk
42,Salaried,16.5,81569,39750,615,No,718047,1,48.73,0.734,Medium Risk
23,Salaried,4.9,180241,108564,537,No,2741427,10,60.23,1.267,Medium Risk
33,Business Owner,10.6,149598,46342,575,No,123256,15,30.98,0.069,Low Risk
27,Self-Employed,2.4,155779,54828,785,No,609014,8,35.2,0.326,Low Risk
29,Self-Employed,7.5,166518,72776,726,No,2217193,7,43.7,1.11,Low Risk
56,Self-Employed,18.0,144433,49475,626,No,1263128,13,34.25,0.729,Low Risk
54,Self-Employed,12.7,91984,30899,646,No,1508646,6,33.59,1.367,Low Risk
55,Salaried,3.2,80623,24104,578,No,369395,7,29.9,0.382,Medium Risk
47,Self-Employed,11.1,128992,11670,715,No,2549806,12,9.05,1.647,Low Risk
22,Business Owner,1.8,21545,14280,652,No,1857502,9,66.28,7.185,High Risk
55,Business Owner,18.0,147986,28506,723,No,1730985,6,19.26,0.975,Low Risk
63,Business Owner,16.1,63265,37727,565,Yes,2340276,1,59.63,3.083,High Risk
46,Business Owner,11.5,27104,2834,719,No,2036503,3,10.46,6.261,Medium Risk
24,Self-Employed,2.6,75485,26084,672,No,1690170,5,34.56,1.866,Medium Risk
47,Self-Employed,16.8,143288,8970,776,No,1567840,4,6.26,0.912,Low Risk
62,Salaried,15.7,190853,14537,515,Yes,936179,14,7.62,0.409,Medium Risk
22,Business Owner,1.0,53088,18996,558,No,1014209,8,35.78,1.592,Medium Risk
65,Self-Employed,15.5,63984,28398,558,No,786883,5,44.38,1.025,Medium Risk
27,Business Owner,0.7,101777,43181,692,No,931855,2,42.43,0.763,Medium Risk
58,Business Owner,16.7,83661,9724,654,Yes,2618308,13,11.62,2.608,Medium Risk
28,Business Owner,7.9,111017,43994,838,No,2222153,11,39.63,1.668,Low Risk
42,Salaried,17.1,148503,17612,685,No,2028286,12,11.86,1.138,Low Risk
30,Self-Employed,2.5,156772,106222,638,No,2357260,13,67.76,1.253,Medium Risk
51,Self-Employed,9.0,175313,39350,625,No,463490,5,22.45,0.22,Low Risk
49,Salaried,15.1,169382,75666,694,No,2173271,14,44.67,1.069,Low Risk
41,Salaried,10.0,113015,64259,674,No,2600455,12,56.86,1.917,Medium Risk
38,Business Owner,0.7,70084,7404,708,No,1107991,12,10.56,1.317,Low Risk
51,Business Owner,14.4,137486,77735,547,No,1796181,12,56.54,1.089,Medium Risk
36,Self-Employed,12.1,116736,41747,771,No,2408496,6,35.76,1.719,Low Risk
43,Business Owner,9.3,100379,21422,561,No,1423504,2,21.34,1.182,Low Risk
55,Business Owner,4.1,76723,40670,641,No,2300486,10,53.01,2.499,Medium Risk
39,Salaried,16.7,97659,19323,591,No,2340324,3,19.79,1.997,Low Risk
38,Salaried,19.5,165059,39596,564,No,2158894,2,23.99,1.09,Low Risk
21,Business Owner,1.2,145492,48930,594,Yes,1158971,14,33.63,0.664,High Risk
51,Salaried,16.5,125043,46220,795,No,324852,3,36.96,0.216,Low Risk
30,Business Owner,11.4,42329,29463,560,No,1845560,10,69.6,3.633,High Risk
59,Business Owner,4.9,156989,46664,726,No,2568453,7,29.72,1.363,Low Risk
40,Business Owner,12.6,179811,121205,550,Yes,971525,11,67.41,0.45,High Risk
34,Self-Employed,10.7,61171,12596,782,No,111222,7,20.59,0.152,Low Risk
49,Business Owner,12.1,96351,6862,647,No,2004345,2,7.12,1.734,Low Risk
64,Salaried,18.5,183855,79676,601,No,2384060,4,43.34,1.081,Low Risk
62,Salaried,18.2,57286,5523,584,No,2595795,12,9.64,3.776,Medium Risk
57,Self-Employed,9.1,142866,71096,706,Yes,2199132,9,49.76,1.283,Medium Risk
52,Self-Employed,2.1,30449,19126,665,No,208485,2,62.81,0.571,Medium Risk
35,Business Owner,14.3,170784,73715,510,Yes,2919753,14,43.16,1.425,Medium Risk
38,Business Owner,1.3,65925,23458,833,No,1266673,3,35.58,1.601,Low Risk
58,Self-Employed,12.9,148902,101236,740,No,1497996,6,67.99,0.838,Low Risk
63,Salaried,17.2,106456,33807,753,No,1779618,14,31.76,1.393,Low Risk
56,Salaried,9.4,102448,21930,559,Yes,1795233,14,21.41,1.46,Medium Risk
53,Salaried,13.3,162237,56829,527,No,1617412,10,35.03,0.831,Medium Risk
52,Business Owner,9.1,33529,6113,781,No,1308081,8,18.23,3.251,Low Risk
65,Self-Employed,2.9,185156,82536,622,No,1403380,9,44.58,0.632,Medium Risk
21,Business Owner,1.5,78903,54835,558,No,592688,11,69.5,0.626,High Risk
30,Self-Employed,11.2,96509,36747,639,No,2123749,8,38.08,1.834,Medium Risk
36,Self-Employed,10.1,120554,20964,806,No,672557,14,17.39,0.465,Low Risk
25,Self-Employed,5.5,128774,34887,759,No,110759,5,27.09,0.072,Low Risk
40,Business Owner,11.8,192999,71075,576,No,2131475,6,36.83,0.92,Medium Risk
42,Business Owner,15.4,118883,41130,664,Yes,1101623,10,34.6,0.772,Medium Risk
45,Salaried,17.2,127682,10007,742,No,1698999,7,7.84,1.109,Low Risk
63,Business Owner,19.6,149847,101467,564,No,2575396,6,67.71,1.432,Medium Risk
27,Self-Employed,1.3,139780,8383,573,No,2846351,3,6.0,1.697,Medium Risk
25,Self-Employed,5.6,89474,24164,703,No,1478103,14,27.01,1.377,Low Risk
64,Business Owner,7.9,103010,47119,749,Yes,250571,10,45.74,0.203,Medium Risk
25,Salaried,4.6,95334,66574,546,No,512900,13,69.83,0.448,Medium Risk
61,Business Owner,17.5,136307,21555,653,Yes,292900,6,15.81,0.179,Medium Risk
24,Self-Employed,2.5,132901,19220,771,No,2959678,13,14.46,1.856,Low Risk
32,Salaried,2.9,179774,110749,817,No,2187367,15,61.6,1.014,Medium Risk
58,Salaried,5.0,187222,40269,630,No,2051413,15,21.51,0.913,Low Risk
39,Business Owner,11.2,39362,13270,676,Yes,1354743,11,33.71,2.868,Medium Risk
48,Business Owner,5.4,99199,17805,696,Yes,547336,4,17.95,0.46,Medium Risk
45,Business Owner,7.5,97561,67829,651,No,2860815,7,69.52,2.444,Medium Risk
38,Salaried,11.5,199778,111057,525,Yes,2183425,14,55.59,0.911,High Risk
39,Salaried,12.3,112358,21612,597,No,2942750,13,19.23,2.183,Low Risk
63,Business Owner,16.8,184691,20899,821,No,1395758,13,11.32,0.63,Low Risk
49,Salaried,11.8,54448,5912,651,No,1842746,3,10.86,2.82,Low Risk
33,Salaried,11.9,115907,45790,639,No,1177810,15,39.51,0.847,Low Risk
51,Self-Employed,15.1,108792,62311,739,Yes,690377,13,57.28,0.529,Medium Risk
35,Business Owner,12.4,124179,84283,785,No,1754965,1,67.87,1.178,Low Risk
37,Business Owner,2.8,116622,56834,844,No,1698136,14,48.73,1.213,Low Risk
61,Self-Employed,2.6,81295,28978,817,Yes,2454713,6,35.65,2.516,Medium Risk
60,Salaried,13.1,186567,109236,654,No,589374,3,58.55,0.263,Medium Risk
23,Salaried,1.9,149138,18714,620,Yes,669016,7,12.55,0.374,Medium Risk
50,Self-Employed,13.6,161608,52108,579,Yes,2846941,2,32.24,1.468,Medium Risk
52,Business Owner,8.5,93332,6651,689,No,1965189,4,7.13,1.755,Low Risk
44,Salaried,19.6,116294,46971,830,No,1769918,5,40.39,1.268,Low Risk
33,Salaried,14.3,139201,15255,608,No,2604611,1,10.96,1.559,Low Risk
24,Self-Employed,1.8,53010,29767,605,No,2424515,4,56.15,3.811,High Risk
58,Salaried,16.4,81079,21369,575,No,2599728,1,26.36,2.672,Medium Risk
38,Salaried,19.8,161614,34412,589,No,208129,3,21.29,0.107,Low Risk
21,Self-Employed,2.5,82372,35647,508,No,319777,3,43.28,0.324,Medium Risk
47,Business Owner,2.7,36661,13182,685,No,557405,8,35.96,1.267,Medium Risk
53,Salaried,18.9,31367,16396,837,No,2021169,11,52.27,5.37,Medium Risk
22,Salaried,4.0,125281,40977,555,No,1960435,2,32.71,1.304,Medium Risk
26,Self-Employed,5.1,37218,4914,819,No,2399973,12,13.2,5.374,Low Risk
41,Self-Employed,19.9,159082,38448,758,No,515984,13,24.17,0.27,Low Risk
65,Salaried,17.1,190633,118289,782,No,1001872,7,62.05,0.438,Low Risk
49,Salaried,8.6,138882,42939,548,No,1410818,11,30.92,0.847,Low Risk
37,Self-Employed,18.1,144326,13514,543,No,505020,12,9.36,0.292,Low Risk
44,Salaried,11.3,173738,116718,787,No,612675,7,67.18,0.294,Low Risk
43,Business Owner,18.9,130870,80388,526,Yes,2618302,5,61.43,1.667,High Risk
43,Salaried,11.8,75768,11409,746,No,553900,6,15.06,0.609,Low Risk
56,Self-Employed,2.7,93024,39365,719,No,2707698,10,42.32,2.426,Medium Risk
64,Business Owner,11.4,179644,117470,636,No,1246179,12,65.39,0.578,Medium Risk
40,Self-Employed,7.3,67554,41573,789,No,391862,3,61.54,0.483,Low Risk
61,Salaried,2.3,159062,30196,714,No,760222,6,18.98,0.398,Low Risk
40,Business Owner,6.8,168791,73854,526,No,2691401,1,43.75,1.329,Medium Risk
64,Salaried,5.8,193523,63013,810,No,1245744,4,32.56,0.536,Low Risk
53,Salaried,7.2,49069,11488,847,No,2310121,11,23.41,3.923,Low Risk
40,Salaried,4.8,177109,15162,604,No,985979,13,8.56,0.464,Low Risk
29,Self-Employed,3.5,51453,2831,720,No,1694705,9,5.5,2.745,Low Risk
35,Business Owner,9.7,195124,112007,536,No,277428,7,57.4,0.118,Medium Risk
22,Self-Employed,3.7,102066,43301,793,No,2784948,7,42.42,2.274,Low Risk
39,Salaried,8.4,105136,17002,816,No,2992434,15,16.17,2.372,Low Risk
44,Salaried,9.0,47751,9940,801,No,429869,7,20.82,0.75,Low Risk
40,Business Owner,7.1,107311,59711,539,No,578262,9,55.64,0.449,Medium Risk
53,Salaried,18.2,111586,31045,830,No,1090983,2,27.82,0.815,Low Risk
30,Self-Employed,2.8,177915,26574,835,No,2733808,8,14.94,1.28,Low Risk
50,Business Owner,15.3,137677,67839,789,No,2719434,6,49.27,1.646,Low Risk
61,Self-Employed,3.4,37900,13447,823,No,1252064,10,35.48,2.753,Medium Risk
24,Self-Employed,3.3,101371,35493,519,No,1304088,2,35.01,1.072,Medium Risk
62,Salaried,12.5,152924,45864,797,No,272061,8,29.99,0.148,Low Risk
57,Business Owner,4.2,178598,64145,577,Yes,1989630,2,35.92,0.928,High Risk
42,Business Owner,2.1,189378,30710,626,No,1943068,9,16.22,0.855,Low Risk
54,Business Owner,3.6,117740,76138,698,No,1519214,11,64.67,1.075,Medium Risk
59,Salaried,15.9,189687,50745,668,No,2945329,7,26.75,1.294,Low Risk
39,Self-Employed,14.6,192114,130036,808,Yes,1498221,2,67.69,0.65,Medium Risk
58,Business Owner,3.3,111703,28110,835,No,1743990,3,25.16,1.301,Low Risk
59,Business Owner,18.8,101155,41807,829,No,636005,11,41.33,0.524,Low Risk
65,Business Owner,19.9,157990,17497,843,No,1617617,1,11.07,0.853,Low Risk
44,Self-Employed,4.0,76149,20722,748,No,676990,3,27.21,0.741,Low Risk
25,Self-Employed,6.0,46513,17675,776,No,2308433,1,38.0,4.136,Medium Risk
63,Self-Employed,17.6,182013,24605,692,No,858522,14,13.52,0.393,Low Risk
65,Business Owner,16.3,63395,32887,522,No,2936871,12,51.88,3.861,Medium Risk
36,Self-Employed,11.2,137683,27826,622,No,2067194,15,20.21,1.251,Low Risk
33,Self-Employed,10.3,169532,116958,736,No,1701689,9,68.99,0.836,Low Risk
54,Self-Employed,19.3,72349,41298,570,Yes,318857,11,57.08,0.367,High Risk
51,Self-Employed,11.3,46893,24028,764,Yes,1295640,2,51.24,2.302,High Risk
31,Self-Employed,6.1,154572,22533,723,No,1031294,14,14.58,0.556,Low Risk
49,Self-Employed,18.6,128762,10895,757,No,1719698,2,8.46,1.113,Low Risk
44,Salaried,1.0,45974,27376,832,No,712575,3,59.55,1.292,Medium Risk
23,Self-Employed,4.6,143851,72277,571,No,2067590,8,50.24,1.198,Medium Risk
60,Salaried,18.2,24981,5405,576,No,2653828,9,21.64,8.853,High Risk
48,Salaried,15.6,82295,20224,524,No,2779957,13,24.58,2.815,Medium Risk
60,Self-Employed,1.7,151027,66132,508,No,2511923,4,43.79,1.386,Medium Risk
30,Self-Employed,5.4,181168,50606,792,No,2886575,11,27.93,1.328,Low Risk
26,Business Owner,7.8,37741,25276,778,No,2229123,9,66.97,4.922,Medium Risk
22,Self-Employed,3.6,31412,14550,691,No,168124,6,46.32,0.446,Medium Risk
25,Self-Employed,2.1,192255,88123,797,No,1494684,3,45.84,0.648,Low Risk
23,Self-Employed,3.0,188505,30879,850,No,2107105,11,16.38,0.931,Low Risk
32,Salaried,1.4,139977,10364,603,No,936637,15,7.4,0.558,Low Risk
23,Self-Employed,4.7,155104,47903,778,No,253598,13,30.88,0.136,Low Risk
62,Salaried,6.1,32531,19934,669,No,1643584,7,61.28,4.21,Medium Risk
46,Business Owner,9.1,121356,32811,595,No,2186764,6,27.04,1.502,Low Risk
54,Self-Employed,16.1,131280,13299,808,Yes,856889,9,10.13,0.544,Low Risk
39,Self-Employed,2.5,105962,50819,656,No,1887260,3,47.96,1.484,Medium Risk
65,Self-Employed,7.4,31103,16249,680,No,1924272,5,52.24,5.156,Medium Risk
61,Salaried,2.0,187120,58763,762,No,2949654,3,31.4,1.314,Low Risk
22,Salaried,3.5,197756,110319,517,No,1089836,13,55.79,0.459,Medium Risk
62,Self-Employed,7.6,168699,11986,578,No,1655937,6,7.1,0.818,Low Risk
49,Salaried,11.7,158794,45815,660,No,1146947,2,28.85,0.602,Low Risk
22,Business Owner,1.2,155723,46957,787,No,1191734,12,30.15,0.638,Low Risk
49,Salaried,19.9,94862,47534,751,No,669286,14,50.11,0.588,Low Risk
25,Self-Employed,1.6,136683,95435,849,Yes,1440448,11,69.82,0.878,Medium Risk
43,Business Owner,1.8,162126,38705,653,Yes,2774707,3,23.87,1.426,Medium Risk
44,Business Owner,4.9,72685,41056,621,No,210243,6,56.48,0.241,Medium Risk
56,Business Owner,7.7,164610,22116,544,No,1770003,12,13.44,0.896,Low Risk
51,Business Owner,8.5,127330,74510,537,No,1429710,11,58.52,0.936,Medium Risk
25,Self-Employed,3.5,155622,42630,782,No,863208,13,27.39,0.462,Low Risk
29,Self-Employed,5.8,34526,20384,765,No,790621,3,59.04,1.908,Medium Risk
41,Business Owner,4.9,156025,98561,540,No,2763622,9,63.17,1.476,Medium Risk
38,Salaried,12.7,181068,71841,757,No,2582224,10,39.68,1.188,Low Risk
30,Salaried,8.1,178633,48133,788,No,219007,2,26.95,0.102,Low Risk
23,Business Owner,4.0,89377,42296,792,No,2780123,1,47.32,2.592,Low Risk
52,Business Owner,11.1,188272,126485,747,No,2973059,7,67.18,1.316,Low Risk
40,Self-Employed,1.9,35705,5454,712,No,955734,6,15.28,2.231,Medium Risk
59,Salaried,6.6,103706,54677,676,Yes,648472,13,52.72,0.521,Medium Risk
44,Business Owner,11.5,103654,21470,562,No,1139847,3,20.71,0.916,Low Risk
27,Salaried,3.0,120702,73834,714,No,769828,14,61.17,0.531,Medium Risk
41,Business Owner,14.6,69763,38093,755,Yes,2057964,8,54.6,2.458,Medium Risk
40,Self-Employed,1.0,123086,46593,623,No,1580149,1,37.85,1.07,Medium Risk
24,Self-Employed,3.2,191510,93292,646,No,550875,7,48.71,0.24,Medium Risk
29,Self-Employed,8.1,125710,36187,705,No,2456430,4,28.79,1.628,Low Risk
44,Business Owner,6.1,121279,45815,781,No,2714064,11,37.78,1.865,Low Risk
60,Salaried,3.0,45344,13877,673,No,1633464,13,30.6,3.002,Medium Risk
30,Salaried,7.4,125221,46964,523,No,1496873,13,37.5,0.996,Medium Risk
51,Business Owner,9.4,178927,112820,571,No,2671394,6,63.05,1.244,Medium Risk
31,Self-Employed,12.9,98442,42913,759,No,2332795,8,43.59,1.975,Low Risk
57,Self-Employed,9.8,24361,7051,844,No,1847096,10,28.94,6.318,Medium Risk
40,Business Owner,17.5,184956,12451,742,No,2849747,13,6.73,1.284,Low Risk
58,Business Owner,4.9,33462,14365,587,No,2699360,13,42.93,6.722,High Risk
45,Salaried,16.5,83490,5888,556,No,1949849,6,7.05,1.946,Low Risk
47,Salaried,8.6,73448,23264,813,Yes,361226,12,31.67,0.41,Medium Risk
29,Business Owner,2.7,105209,73518,744,No,1415973,3,69.88,1.122,Medium Risk
50,Business Owner,7.2,112874,55231,848,No,1208815,10,48.93,0.892,Low Risk
51,Salaried,19.2,93139,38444,615,Yes,1348285,13,41.28,1.206,Medium Risk
39,Business Owner,4.5,148189,37948,678,No,1246964,5,25.61,0.701,Low Risk
28,Business Owner,6.9,119534,75575,702,No,714365,5,63.22,0.498,Low Risk
23,Self-Employed,4.8,40717,11203,726,No,2109404,4,27.51,4.317,Medium Risk
33,Business Owner,4.4,167329,84085,570,No,2561345,4,50.25,1.276,Medium Risk
36,Salaried,12.2,159209,31314,619,No,1833511,6,19.67,0.96,Low Risk
51,Salaried,13.8,56036,2991,781,Yes,762452,7,5.34,1.134,Low Risk
62,Self-Employed,9.8,72286,39131,647,No,2809092,1,54.13,3.238,Medium Risk
26,Business Owner,4.8,160286,84975,519,Yes,834274,7,53.01,0.434,High Risk
32,Salaried,14.0,124069,69748,595,Yes,1314112,15,56.22,0.883,High Risk
23,Salaried,1.8,178015,21316,671,No,2789859,9,11.97,1.306,Low Risk
54,Self-Employed,17.8,55179,33283,739,No,572474,6,60.32,0.865,Medium Risk
31,Business Owner,6.2,87440,45214,507,No,1337421,10,51.71,1.275,Medium Risk
64,Salaried,3.9,187438,118663,718,No,463804,7,63.31,0.206,Medium Risk
63,Salaried,4.1,56860,20489,627,No,1708827,4,36.03,2.504,Medium Risk
49,Self-Employed,19.1,99153,42497,793,No,2841746,6,42.86,2.388,Low Risk
65,Salaried,1.7,50991,17975,581,No,2207723,15,35.25,3.608,Medium Risk
40,Business Owner,2.8,97342,28122,613,No,660228,8,28.89,0.565,Medium Risk
30,Self-Employed,9.1,178790,52360,781,Yes,2354512,13,29.29,1.097,Low Risk
63,Salaried,15.4,198347,107223,541,No,2315318,12,54.06,0.973,Medium Risk
44,Salaried,18.4,49414,4454,780,Yes,947906,10,9.01,1.599,Medium Risk
55,Salaried,3.7,156404,52739,848,No,2545898,8,33.72,1.356,Low Risk
26,Business Owner,3.8,34584,11922,762,No,2465214,1,34.47,5.94,Medium Risk
56,Self-Employed,13.6,100784,52421,702,No,112647,12,52.01,0.093,Low Risk
34,Business Owner,1.6,131069,35906,532,No,352730,15,27.39,0.224,Medium Risk
25,Self-Employed,0.7,127182,21238,569,No,2809020,7,16.7,1.841,Medium Risk
44,Self-Employed,9.2,118958,34994,849,Yes,2361989,3,29.42,1.655,Low Risk
62,Self-Employed,2.8,160839,49134,565,No,1034030,14,30.55,0.536,Medium Risk
21,Salaried,2.9,141373,68958,778,No,1690800,14,48.78,0.997,Low Risk
35,Salaried,8.1,60664,13903,557,No,2869069,7,22.92,3.941,Medium Risk
60,Salaried,5.2,37639,4350,517,No,2918671,12,11.56,6.462,Medium Risk
24,Salaried,4.6,125451,42067,776,No,336743,3,33.53,0.224,Low Risk
53,Self-Employed,5.1,171023,44002,806,No,1444966,4,25.73,0.704,Low Risk
40,Salaried,19.7,156642,30338,653,No,2435045,10,19.37,1.295,Low Risk
32,Business Owner,9.7,165712,61670,676,Yes,2915814,7,37.22,1.466,Medium Risk
54,Self-Employed,14.1,127022,18671,692,No,2356234,8,14.7,1.546,Low Risk
36,Salaried,5.8,57840,33186,529,No,1846960,9,57.38,2.661,Medium Risk
54,Salaried,8.1,86845,15820,831,No,1986542,14,18.22,1.906,Low Risk
44,Salaried,10.9,69933,5839,693,No,2628838,1,8.35,3.133,Low Risk
25,Salaried,5.7,174031,90635,786,No,976144,14,52.08,0.467,Low Risk
42,Self-Employed,19.2,24019,4508,597,Yes,592059,12,18.77,2.054,High Risk
51,Salaried,14.1,73611,22658,622,No,1287236,7,30.78,1.457,Low Risk
50,Business Owner,13.2,100851,22189,762,Yes,2054562,2,22.0,1.698,Low Risk
51,Self-Employed,18.3,117178,29693,523,No,1028090,12,25.34,0.731,Low Risk
30,Salaried,3.5,173100,73817,713,No,922887,6,42.64,0.444,Low Risk
35,Self-Employed,9.9,84416,31618,835,Yes,1515847,5,37.45,1.496,Medium Risk
52,Business Owner,13.0,148606,51944,680,No,2392381,8,34.95,1.342,Low Risk
32,Business Owner,13.9,35396,13824,538,Yes,2902699,1,39.06,6.834,High Risk
21,Self-Employed,0.8,185334,37147,577,No,2221197,8,20.04,0.999,Medium Risk
44,Salaried,12.5,194785,127981,747,No,165983,1,65.7,0.071,Low Risk
55,Business Owner,8.5,24384,9610,640,No,1302458,1,39.41,4.451,Medium Risk
53,Business Owner,13.6,66993,8010,549,No,1110696,4,11.96,1.382,Low Risk
60,Business Owner,5.4,112914,25266,703,No,1803002,8,22.38,1.331,Low Risk
57,Salaried,19.8,79207,19404,541,No,2825854,13,24.5,2.973,Medium Risk
23,Salaried,2.3,118872,48649,528,No,818834,2,40.93,0.574,Medium Risk
52,Self-Employed,13.1,106840,44638,548,Yes,278475,4,41.78,0.217,Medium Risk
34,Business Owner,14.3,144649,32721,538,No,1275969,15,22.62,0.735,Low Risk
55,Business Owner,13.3,67016,43808,661,No,968884,10,65.37,1.205,Medium Risk
30,Business Owner,9.9,40168,9822,788,No,1732241,11,24.45,3.594,Low Risk
55,Self-Employed,8.0,56687,31961,540,No,1550639,1,56.38,2.28,Medium Risk
27,Self-Employed,2.5,39927,10836,814,Yes,1763893,13,27.14,3.681,Medium Risk
41,Salaried,12.9,138109,50947,682,No,1674654,7,36.89,1.01,Low Risk
32,Business Owner,8.4,119633,12645,816,No,1133685,12,10.57,0.79,Low Risk
25,Salaried,2.2,119614,61313,824,No,1734193,6,51.26,1.208,Medium Risk
44,Salaried,2.3,100810,34182,638,No,466151,3,33.91,0.385,Medium Risk
48,Self-Employed,11.4,154333,48650,513,No,2424566,2,31.52,1.309,Low Risk
59,Business Owner,15.8,120987,7020,711,No,455255,12,5.8,0.314,Low Risk
56,Salaried,11.7,64455,31935,586,No,1363036,5,49.55,1.762,Medium Risk
52,Salaried,1.7,133947,30724,653,No,422631,6,22.94,0.263,Low Risk
37,Salaried,13.8,149971,65383,600,No,668284,5,43.6,0.371,Low Risk
21,Self-Employed,1.3,182579,54213,668,No,1906135,14,29.69,0.87,Low Risk
62,Business Owner,3.2,104060,46004,602,No,845064,7,44.21,0.677,Medium Risk
41,Self-Employed,14.8,185911,68630,794,No,1466865,7,36.92,0.658,Low Risk
38,Self-Employed,7.6,167810,30184,779,No,2407283,1,17.99,1.195,Low Risk
50,Business Owner,4.6,96370,56890,535,No,1816064,11,59.03,1.57,Medium Risk
52,Salaried,12.9,83444,17877,578,No,1681214,2,21.42,1.679,Medium Risk
49,Business Owner,9.8,125068,49694,714,No,1607975,12,39.73,1.071,Low Risk
55,Business Owner,12.9,42277,5119,627,No,1589014,3,12.11,3.132,Medium Risk
62,Business Owner,1.4,189091,92722,704,Yes,1490817,13,49.04,0.657,Medium Risk
48,Salaried,0.7,87826,17065,765,No,2984273,10,19.43,2.832,Low Risk
35,Self-Employed,6.7,141389,78050,801,No,732270,6,55.2,0.432,Low Risk
22,Self-Employed,0.9,129045,83667,543,No,694228,6,64.84,0.448,High Risk
40,Self-Employed,9.4,74229,28855,678,No,1937801,12,38.87,2.175,Medium Risk
65,Self-Employed,6.7,98712,7803,558,No,1538973,11,7.9,1.299,Low Risk
27,Business Owner,7.3,83940,32350,782,No,2448176,7,38.54,2.43,Low Risk
50,Salaried,16.1,185087,31445,827,No,1759192,1,16.99,0.792,Low Risk
60,Salaried,9.3,132604,40145,609,No,362411,10,30.27,0.228,Low Risk
27,Business Owner,2.1,105454,18781,558,No,2153044,9,17.81,1.701,Medium Risk
61,Self-Employed,12.1,180250,55004,558,No,2020406,10,30.52,0.934,Low Risk
32,Business Owner,10.0,97973,63403,802,No,661817,6,64.71,0.563,Low Risk
28,Salaried,3.4,67984,19895,572,No,1854221,10,29.26,2.273,Medium Risk
29,Business Owner,4.5,68694,25165,775,No,2806416,15,36.63,3.404,Low Risk
32,Business Owner,2.8,95716,13514,661,No,2697993,1,14.12,2.349,Medium Risk
43,Salaried,9.9,71151,41260,787,No,2176054,7,57.99,2.549,Medium Risk
64,Self-Employed,8.6,136353,50131,542,No,1024967,5,36.77,0.626,Medium Risk
23,Self-Employed,1.5,95673,15244,734,No,2177494,9,15.93,1.897,Low Risk
53,Salaried,11.7,90225,49969,687,No,274527,13,55.38,0.254,Medium Risk
49,Business Owner,4.8,131451,15323,834,No,1348681,14,11.66,0.855,Low Risk
23,Self-Employed,1.7,42802,14356,560,No,1093823,4,33.54,2.13,Medium Risk
58,Business Owner,7.3,179976,83023,584,No,966625,14,46.13,0.448,Medium Risk
34,Salaried,9.3,159534,37124,775,No,1327398,5,23.27,0.693,Low Risk
57,Self-Employed,19.1,154850,106934,847,No,668701,13,69.06,0.36,Low Risk
47,Salaried,19.9,191939,25428,567,No,1450971,14,13.25,0.63,Low Risk
36,Business Owner,7.4,57269,24358,637,No,1673586,8,42.53,2.435,Medium Risk
25,Business Owner,5.7,44404,13848,642,No,1647996,8,31.19,3.093,Medium Risk
52,Self-Employed,11.8,44416,23323,734,No,1602495,14,52.51,3.007,Medium Risk
25,Business Owner,3.1,132628,77740,753,No,1289475,6,58.62,0.81,Low Risk
56,Business Owner,3.0,147228,82801,849,No,292698,2,56.24,0.166,Low Risk
61,Self-Employed,0.8,61414,20686,500,Yes,1894320,4,33.68,2.57,High Risk
65,Salaried,17.7,99132,15200,640,No,1611775,5,15.33,1.355,Low Risk
26,Self-Employed,5.5,190108,29959,702,No,1082070,7,15.76,0.474,Low Risk
62,Salaried,14.2,20284,3828,539,No,1048713,9,18.87,4.308,Medium Risk
64,Self-Employed,0.7,110065,63961,716,No,2103620,2,58.11,1.593,Medium Risk
35,Self-Employed,2.0,46850,5485,688,Yes,675161,7,11.71,1.201,Medium Risk
29,Business Owner,10.9,57448,5427,788,No,2826382,3,9.45,4.1,Low Risk
49,Self-Employed,14.6,184647,99040,710,No,1955492,14,53.64,0.883,Low Risk
34,Salaried,14.4,56703,30568,801,No,1574447,7,53.91,2.314,Medium Risk
41,Salaried,5.3,188983,19798,783,No,2648430,5,10.48,1.168,Low Risk
65,Salaried,17.0,192597,119273,605,No,2237092,4,61.93,0.968,Medium Risk
46,Self-Employed,13.1,82741,30753,557,No,2776311,10,37.17,2.796,Medium Risk
25,Business Owner,6.3,23163,16017,662,No,2483960,7,69.15,8.937,High Risk
44,Business Owner,13.8,143473,96184,537,No,383252,1,67.04,0.223,Medium Risk
37,Salaried,1.2,35851,23900,703,No,2736416,12,66.66,6.361,High Risk
53,Self-Employed,8.8,125454,12994,774,No,740388,5,10.36,0.492,Low Risk
26,Self-Employed,1.1,73267,50064,579,No,1738846,10,68.33,1.978,High Risk
61,Business Owner,13.8,37331,9393,723,No,1100917,1,25.16,2.458,Low Risk
36,Salaried,16.7,50405,17374,811,No,2893740,12,34.47,4.784,Low Risk
63,Business Owner,3.9,23320,11896,505,No,1554186,9,51.01,5.554,High Risk
54,Business Owner,5.6,117483,15567,637,No,595165,13,13.25,0.422,Low Risk
22,Self-Employed,3.3,91298,35652,634,No,2518652,11,39.05,2.299,Medium Risk
25,Self-Employed,3.5,114404,9843,790,No,759805,5,8.6,0.553,Low Risk
27,Business Owner,6.2,50234,9970,760,No,151539,4,19.85,0.251,Low Risk
23,Self-Employed,2.1,59343,9870,518,No,2850218,7,16.63,4.002,Medium Risk
35,Self-Employed,4.6,103869,23507,539,No,600803,9,22.63,0.482,Medium Risk
64,Salaried,4.0,155207,106770,705,No,2050746,14,68.79,1.101,Medium Risk
39,Self-Employed,6.9,164989,57232,688,No,2464776,13,34.69,1.245,Low Risk
40,Business Owner,12.6,141615,40980,752,Yes,919661,12,28.94,0.541,Low Risk
55,Salaried,3.4,127488,8356,777,No,140243,6,6.55,0.092,Low Risk
21,Business Owner,1.4,100612,11829,771,Yes,1860835,8,11.76,1.541,Medium Risk
24,Salaried,4.4,44386,3486,618,Yes,2280028,7,7.85,4.281,High Risk
65,Self-Employed,9.4,42256,18064,758,No,1754029,2,42.75,3.459,Low Risk
58,Business Owner,1.7,193655,131054,621,No,1421243,15,67.67,0.612,Medium Risk
46,Business Owner,16.7,105524,27092,639,No,950238,3,25.67,0.75,Low Risk
58,Salaried,3.5,63089,21590,660,No,2347830,6,34.22,3.101,Medium Risk
34,Self-Employed,5.3,89470,54050,546,No,2977522,5,60.41,2.773,Medium Risk
65,Business Owner,1.3,105929,15509,627,Yes,1761969,9,14.64,1.386,Medium Risk
24,Business Owner,2.1,65578,4604,707,Yes,2431839,12,7.02,3.09,Medium Risk
56,Salaried,2.3,46714,26745,571,No,358659,14,57.25,0.64,High Risk
35,Salaried,3.8,125010,36497,822,Yes,452486,10,29.2,0.302,Medium Risk
58,Self-Employed,18.4,39657,2545,533,No,2809465,8,6.42,5.904,Medium Risk
29,Salaried,10.0,106913,13861,736,No,2507044,7,12.96,1.954,Low Risk
46,Self-Employed,1.1,199100,65172,681,No,884968,5,32.73,0.37,Low Risk
38,Self-Employed,17.7,29083,13063,815,No,1337760,8,44.92,3.833,Medium Risk
47,Business Owner,9.8,42995,9969,570,No,2795480,15,23.19,5.418,Medium Risk
54,Salaried,12.8,162516,92090,695,No,1606225,8,56.67,0.824,Medium Risk
55,Self-Employed,7.2,168282,63368,698,No,209316,6,37.66,0.104,Low Risk
59,Salaried,1.1,93644,8249,741,No,2549427,4,8.81,2.269,Low Risk
31,Salaried,3.6,83216,18577,528,No,1020278,10,22.32,1.022,Medium Risk
45,Self-Employed,18.7,65537,10779,803,No,1604845,15,16.45,2.041,Low Risk
58,Salaried,14.2,112191,74709,788,No,889509,14,66.59,0.661,Low Risk
52,Business Owner,6.5,148564,11094,528,No,1017751,1,7.47,0.571,Low Risk
54,Self-Employed,0.5,180991,32751,566,No,844320,15,18.1,0.389,Medium Risk
41,Salaried,0.9,173776,88287,572,No,2307440,14,50.81,1.107,High Risk
44,Salaried,7.8,193575,59454,551,No,1453095,3,30.71,0.626,Low Risk
31,Business Owner,12.4,187579,126509,832,No,2457103,12,67.44,1.092,Low Risk
60,Self-Employed,4.9,174389,101040,693,No,2987771,5,57.94,1.428,Medium Risk
29,Salaried,8.2,170165,51822,790,No,2626601,6,30.45,1.286,Low Risk
60,Salaried,13.0,47291,31158,572,No,426344,4,65.89,0.751,Medium Risk
43,Self-Employed,3.8,43258,25266,843,No,1508235,8,58.41,2.906,Medium Risk
21,Self-Employed,1.0,37771,10493,555,No,301945,7,27.78,0.666,Medium Risk
49,Business Owner,8.7,63604,39750,752,Yes,1573170,9,62.5,2.061,Medium Risk
45,Salaried,16.7,171533,81157,615,No,409159,13,47.31,0.199,Low Risk
23,Self-Employed,0.6,88453,59138,537,No,1674784,3,66.86,1.578,High Risk
25,Business Owner,6.6,44406,11975,814,Yes,229994,7,26.97,0.432,Medium Risk
62,Salaried,12.3,133823,20357,551,No,896851,7,15.21,0.558,Low Risk
65,Business Owner,14.6,161590,35941,644,No,502300,1,22.24,0.259,Low Risk
46,Business Owner,11.2,148699,22280,684,No,467539,5,14.98,0.262,Low Risk
63,Business Owner,12.2,72343,8178,605,No,1323945,2,11.3,1.525,Low Risk
51,Salaried,6.5,124193,44227,838,No,2792182,9,35.61,1.874,Low Risk
45,Salaried,7.7,119993,34811,728,No,1944405,8,29.01,1.35,Low Risk
37,Salaried,16.0,167913,15123,841,No,2902387,6,9.01,1.44,Low Risk
55,Self-Employed,19.4,174593,34549,531,No,2291868,7,19.79,1.094,Low Risk
55,Business Owner,17.4,144472,61005,620,No,431161,7,42.23,0.249,Low Risk
23,Business Owner,3.1,155480,88669,846,Yes,718440,2,57.03,0.385,Medium Risk
49,Salaried,19.0,63821,43520,598,No,1875763,2,68.19,2.449,Medium Risk
64,Self-Employed,4.4,184423,26948,804,No,381068,2,14.61,0.172,Low Risk
45,Business Owner,8.2,105492,64013,766,No,151857,13,60.68,0.12,Low Risk
65,Business Owner,12.0,129994,16007,576,No,2565974,10,12.31,1.645,Low Risk
27,Salaried,5.3,46474,26060,774,Yes,1823397,5,56.07,3.27,High Risk
45,Business Owner,10.0,179635,64216,588,No,703361,10,35.75,0.326,Medium Risk
59,Business Owner,14.0,30166,9269,669,No,306741,12,30.73,0.847,Low Risk
51,Self-Employed,18.0,25303,6822,655,No,2162000,14,26.96,7.12,Medium Risk
65,Business Owner,2.4,79757,10955,726,No,1445819,5,13.74,1.511,Low Risk
47,Business Owner,13.1,69266,23351,708,No,2266363,14,33.71,2.727,Low Risk
44,Salaried,10.5,61673,5714,759,No,2299015,15,9.26,3.106,Low Risk
57,Salaried,3.9,72619,43138,627,No,312060,15,59.4,0.358,Medium Risk
44,Business Owner,4.4,116561,68221,758,No,619560,11,58.53,0.443,Low Risk
22,Salaried,1.8,175724,59740,742,No,1566999,6,34.0,0.743,Low Risk
31,Self-Employed,9.9,43695,10281,697,No,2500224,13,23.53,4.768,Medium Risk
34,Salaried,10.5,197653,36442,833,No,184105,14,18.44,0.078,Low Risk
64,Salaried,9.7,54685,25745,807,No,1038559,5,47.08,1.583,Low Risk
59,Self-Employed,14.4,188490,43163,692,Yes,2025177,5,22.9,0.895,Medium Risk
34,Self-Employed,5.2,156482,91667,703,No,130817,9,58.58,0.07,Low Risk
63,Self-Employed,11.4,175653,78321,652,No,2120557,2,44.59,1.006,Low Risk
42,Self-Employed,13.0,92583,20345,833,No,728849,9,21.97,0.656,Low Risk
36,Salaried,14.6,177295,55434,663,No,206767,11,31.27,0.097,Low Risk
52,Self-Employed,5.6,129724,40602,518,No,2499319,14,31.3,1.606,Low Risk
33,Self-Employed,11.0,78291,38841,826,No,2918020,6,49.61,3.106,Low Risk
53,Self-Employed,17.0,192389,119228,592,No,2074598,3,61.97,0.899,Medium Risk
37,Business Owner,15.5,67990,45247,671,No,1032198,6,66.55,1.265,Medium Risk
35,Business Owner,14.9,130224,73220,669,No,2556061,5,56.23,1.636,Medium Risk
50,Salaried,9.7,186303,79984,817,No,915975,9,42.93,0.41,Low Risk
28,Business Owner,4.1,98212,31282,577,No,940104,6,31.85,0.798,Medium Risk
47,Business Owner,17.9,139949,20026,592,No,2145062,6,14.31,1.277,Low Risk
61,Salaried,6.6,35207,1868,640,No,807183,10,5.31,1.911,Low Risk
31,Self-Employed,10.3,43079,5777,722,No,1791954,7,13.41,3.466,Low Risk
51,Self-Employed,0.6,159927,28726,691,Yes,1451459,13,17.96,0.756,Medium Risk
54,Salaried,0.8,21081,9641,627,No,1544307,5,45.73,6.105,High Risk
29,Salaried,4.5,174316,43400,533,No,1350750,5,24.9,0.646,Medium Risk
50,Business Owner,10.6,157394,42432,568,No,2155958,6,26.96,1.141,Low Risk
33,Salaried,14.2,125746,7850,614,No,650316,4,6.24,0.431,Low Risk
22,Business Owner,2.3,52286,15073,833,No,1673671,15,28.83,2.667,Low Risk
61,Self-Employed,15.5,183351,14958,524,No,2841261,14,8.16,1.291,Low Risk
22,Salaried,2.9,129255,43792,563,No,2089762,12,33.88,1.347,Medium Risk
30,Salaried,8.5,185232,10382,715,No,2878654,9,5.6,1.295,Low Risk
38,Business Owner,12.3,55956,18031,553,No,2690813,2,32.22,4.007,Medium Risk
39,Salaried,15.8,150479,26954,602,No,2294233,4,17.91,1.271,Low Risk
43,Business Owner,8.5,62040,4691,754,Yes,2986536,15,7.56,4.012,Medium Risk
51,Self-Employed,5.1,23342,11357,556,No,2906081,8,48.65,10.375,High Risk
30,Salaried,9.5,39673,20643,551,Yes,2802544,4,52.03,5.887,High Risk
50,Self-Employed,5.7,33128,3806,589,Yes,1318727,6,11.49,3.317,High Risk
64,Self-Employed,8.8,50382,5630,523,No,680468,11,11.17,1.126,Low Risk
62,Salaried,6.9,134744,90387,637,Yes,489866,6,67.08,0.303,High Risk
42,Salaried,2.7,124923,84386,639,No,2993660,14,67.55,1.997,Medium Risk
51,Self-Employed,13.2,63720,7869,530,Yes,768552,2,12.35,1.005,Medium Risk
47,Business Owner,9.9,169145,83043,592,No,1604072,10,49.1,0.79,Medium Risk
22,Business Owner,3.6,54250,19747,749,No,1825051,8,36.4,2.803,Medium Risk
23,Salaried,1.7,102375,5941,847,No,2518641,12,5.8,2.05,Low Risk
57,Salaried,19.6,195595,120788,765,No,2693082,2,61.75,1.147,Low Risk
48,Business Owner,14.7,146334,40203,846,No,723501,14,27.47,0.412,Low Risk
56,Business Owner,1.6,188663,124016,758,No,2179682,14,65.73,0.963,Medium Risk
31,Salaried,9.9,104052,21495,642,No,1034098,9,20.66,0.828,Low Risk
62,Self-Employed,8.4,81603,8261,727,No,1979461,2,10.12,2.021,Low Risk
52,Self-Employed,6.7,150383,80365,509,No,1829473,1,53.44,1.014,Medium Risk
56,Business Owner,0.5,43827,24747,816,No,2232123,9,56.47,4.244,High Risk
34,Business Owner,10.9,109352,31294,527,No,2006143,6,28.62,1.529,Low Risk
56,Business Owner,12.2,192272,55017,731,No,2863669,4,28.61,1.241,Low Risk
21,Self-Employed,1.4,186110,125974,649,No,1668209,12,67.69,0.747,Medium Risk
27,Salaried,8.1,149085,21065,709,No,2662098,4,14.13,1.488,Low Risk
33,Salaried,14.0,122995,23385,597,No,552002,13,19.01,0.374,Low Risk
47,Salaried,18.6,196197,84900,730,No,2571771,9,43.27,1.092,Low Risk
29,Self-Employed,0.5,32732,13407,721,No,2125563,15,40.96,5.412,Medium Risk
53,Salaried,14.0,65521,34387,565,No,2857846,10,52.48,3.635,Medium Risk
59,Self-Employed,10.3,120837,38925,811,Yes,1141188,5,32.21,0.787,Low Risk
46,Self-Employed,19.4,138710,79497,570,No,2248719,5,57.31,1.351,Medium Risk
65,Business Owner,17.3,165118,76149,602,No,1318778,11,46.12,0.666,Low Risk
43,Business Owner,3.1,190416,130219,591,No,2771257,6,68.39,1.213,Medium Risk
28,Self-Employed,5.8,172779,72725,841,No,2927982,12,42.09,1.412,Low Risk
55,Self-Employed,17.6,130726,75219,767,No,1697485,3,57.54,1.082,Low Risk
24,Business Owner,0.8,89986,48378,582,Yes,2966346,5,53.76,2.747,High Risk
30,Salaried,8.4,97369,17780,777,No,1998318,2,18.26,1.71,Low Risk
60,Business Owner,14.9,78800,41966,787,No,2242963,13,53.26,2.372,Medium Risk
65,Self-Employed,14.0,32315,21076,698,No,2973722,6,65.22,7.669,High Risk
56,Salaried,0.8,85887,15632,726,No,2758301,12,18.2,2.676,Medium Risk
62,Self-Employed,15.2,163291,86543,600,No,911588,5,53.0,0.465,Medium Risk
49,Salaried,19.7,39521,6779,588,No,600606,7,17.15,1.266,Medium Risk
23,Self-Employed,1.8,89268,12010,799,No,123677,6,13.45,0.115,Low Risk
50,Business Owner,18.8,30470,4568,665,No,2722977,10,14.99,7.447,Medium Risk
63,Self-Employed,10.1,170123,69343,537,No,1433197,9,40.76,0.702,Medium Risk
35,Salaried,9.1,152419,23410,778,No,485647,6,15.36,0.266,Low Risk
35,Salaried,11.4,106787,30383,611,Yes,2693256,9,28.45,2.102,Medium Risk
51,Business Owner,16.6,190210,10599,842,No,1108092,15,5.57,0.485,Low Risk
62,Business Owner,18.4,83917,56500,849,Yes,1699592,15,67.33,1.688,Medium Risk
28,Self-Employed,2.9,94141,6219,764,No,1672688,9,6.61,1.481,Low Risk
53,Self-Employed,10.0,97708,61935,598,No,445381,2,63.39,0.38,Medium Risk
31,Business Owner,7.2,184346,17062,843,No,994121,14,9.26,0.449,Low Risk
64,Self-Employed,16.8,73891,29522,722,No,402495,12,39.95,0.454,Low Risk
64,Salaried,1.0,106957,7982,537,No,1156578,9,7.46,0.901,Medium Risk
25,Business Owner,5.8,87803,27655,730,No,1916238,6,31.5,1.819,Low Risk
22,Self-Employed,2.9,160203,8624,816,No,2556218,1,5.38,1.33,Low Risk
65,Salaried,7.5,151815,18064,654,No,1280769,13,11.9,0.703,Low Risk
49,Self-Employed,8.2,193204,13531,580,No,672025,12,7.0,0.29,Low Risk
46,Business Owner,6.3,186211,26749,846,Yes,2817659,6,14.36,1.261,Low Risk
21,Business Owner,2.7,57060,7424,502,No,1752898,9,13.01,2.56,Medium Risk
56,Salaried,6.4,110138,20665,830,Yes,697500,3,18.76,0.528,Low Risk
32,Salaried,8.8,86254,15208,592,No,2479397,14,17.63,2.395,Medium Risk
24,Business Owner,3.0,164091,16006,843,No,511890,4,9.75,0.26,Low Risk
58,Self-Employed,19.1,113621,15150,835,No,1295951,10,13.33,0.95,Low Risk
25,Salaried,2.6,138134,36388,837,No,2550186,3,26.34,1.538,Low Risk
57,Business Owner,7.6,102924,69281,586,No,1132533,13,67.31,0.917,Medium Risk
35,Business Owner,12.7,134327,30874,684,No,1490675,15,22.98,0.925,Low Risk
51,Self-Employed,9.2,100077,36681,555,No,2644380,2,36.65,2.202,Medium Risk
38,Salaried,17.9,71493,15807,820,No,416250,15,22.11,0.485,Low Risk
22,Business Owner,2.7,172539,73551,802,No,253747,9,42.63,0.123,Low Risk
37,Business Owner,17.0,161473,57624,576,No,1036615,15,35.69,0.535,Medium Risk
58,Business Owner,17.2,55096,19397,761,No,1626162,9,35.21,2.46,Low Risk
21,Business Owner,1.1,180965,89524,763,No,767827,3,49.47,0.354,Low Risk
57,Business Owner,13.4,58325,30816,747,Yes,269533,4,52.83,0.385,Medium Risk
52,Salaried,1.7,116845,23616,842,No,1615198,7,20.21,1.152,Low Risk
51,Self-Employed,17.7,30460,20938,665,No,2286796,11,68.74,6.256,High Risk
38,Business Owner,5.6,162698,68431,692,No,1632165,10,42.06,0.836,Low Risk
62,Salaried,10.6,118652,80949,614,No,1580161,14,68.22,1.11,Medium Risk
43,Self-Employed,16.0,178390,9685,571,No,1064651,2,5.43,0.497,Low Risk
53,Business Owner,6.0,59384,10184,685,No,596312,11,17.15,0.837,Low Risk
35,Self-Employed,13.9,49711,18044,745,No,2577956,3,36.3,4.322,Medium Risk
62,Self-Employed,0.9,31310,4168,803,No,2740483,9,13.31,7.294,Medium Risk
23,Business Owner,1.2,63605,13858,592,No,1800607,10,21.79,2.359,Medium Risk
57,Business Owner,0.9,193472,112958,543,No,2643953,8,58.38,1.139,High Risk
51,Salaried,4.8,127680,56249,798,No,862877,10,44.05,0.563,Low Risk
63,Business Owner,5.7,199723,54472,732,No,388748,4,27.27,0.162,Low Risk
45,Self-Employed,3.1,24341,4419,758,No,727305,10,18.15,2.49,Low Risk
27,Salaried,4.5,181152,79685,772,No,592899,2,43.99,0.273,Low Risk
51,Business Owner,3.0,178197,71374,500,Yes,2946084,11,40.05,1.378,High Risk
48,Business Owner,8.7,31387,15802,719,No,2122172,13,50.35,5.634,Medium Risk
45,Self-Employed,12.0,171026,19414,568,No,1075229,15,11.35,0.524,Low Risk
26,Self-Employed,5.0,162535,51299,596,No,129838,10,31.56,0.067,Low Risk
54,Salaried,10.6,118311,56252,661,No,547042,3,47.55,0.385,Low Risk
48,Business Owner,11.9,88498,53606,716,No,2666413,5,60.57,2.511,Medium Risk
64,Self-Employed,15.2,128325,52468,785,No,1652785,9,40.89,1.073,Low Risk
56,Self-Employed,5.4,100387,42712,703,No,2865232,2,42.55,2.378,Low Risk
35,Self-Employed,13.4,62413,7189,760,No,1519511,13,11.52,2.029,Low Risk
56,Business Owner,14.1,33645,5197,825,No,482053,14,15.45,1.194,Low Risk
30,Self-Employed,11.1,134131,14391,634,No,435710,10,10.73,0.271,Low Risk
23,Business Owner,2.2,125026,56146,766,No,2605981,1,44.91,1.737,Low Risk
32,Business Owner,7.2,22807,4131,836,Yes,2273292,5,18.11,8.306,Medium Risk
33,Salaried,11.9,153837,59270,618,No,2927063,1,38.53,1.586,Low Risk
44,Salaried,13.3,61273,6522,641,No,1581124,11,10.64,2.15,Low Risk
46,Self-Employed,11.9,155723,9342,535,Yes,2405158,5,6.0,1.287,Medium Risk
56,Business Owner,7.3,92484,18228,599,No,1794316,10,19.71,1.617,Low Risk
21,Self-Employed,0.9,152707,18203,537,No,1525920,2,11.92,0.833,Medium Risk
53,Self-Employed,17.6,170704,36290,726,Yes,2462100,8,21.26,1.202,Medium Risk
36,Self-Employed,17.3,140284,69165,800,Yes,2121529,2,49.3,1.26,Medium Risk
37,Salaried,7.6,77771,38107,617,No,1829839,6,49.0,1.961,Medium Risk
54,Business Owner,0.7,89035,18819,547,No,1534422,2,21.14,1.436,Medium Risk
56,Salaried,9.8,112677,21642,793,No,2965159,15,19.21,2.193,Low Risk
33,Self-Employed,11.2,81567,43070,635,No,950464,14,52.8,0.971,Medium Risk
36,Business Owner,6.7,47967,6136,540,No,2882602,8,12.79,5.008,Medium Risk
60,Salaried,15.4,161944,108939,746,No,1422954,8,67.27,0.732,Low Risk
57,Self-Employed,10.1,153990,35752,613,No,637902,1,23.22,0.345,Low Risk
54,Self-Employed,9.8,161759,11512,677,No,2978712,13,7.12,1.535,Low Risk
32,Self-Employed,13.7,155844,54397,504,No,983959,7,34.9,0.526,Low Risk
58,Salaried,6.8,180636,110224,595,No,1094633,5,61.02,0.505,Medium Risk
51,Business Owner,7.2,68211,25525,607,No,1661579,6,37.42,2.03,Medium Risk
46,Self-Employed,9.3,169791,22963,794,No,518884,12,13.52,0.255,Low Risk
38,Salaried,11.3,119846,21266,576,No,140862,3,17.74,0.098,Low Risk
47,Self-Employed,3.1,185321,71544,661,No,1358434,5,38.61,0.611,Low Risk
56,Business Owner,1.4,45945,22920,530,No,1166568,8,49.89,2.116,High Risk
61,Salaried,9.3,107728,23576,684,No,1180934,6,21.88,0.914,Low Risk
22,Self-Employed,0.9,198149,133954,601,No,2825733,11,67.6,1.188,Medium Risk
55,Salaried,19.6,94608,26568,844,No,1974560,15,28.08,1.739,Low Risk
26,Self-Employed,5.1,141569,65209,574,Yes,2786789,13,46.06,1.64,Medium Risk
42,Self-Employed,12.8,169851,53181,536,No,1541269,4,31.31,0.756,Low Risk
41,Self-Employed,13.2,90116,39966,702,No,1966039,13,44.35,1.818,Low Risk
44,Business Owner,11.9,138040,44048,594,Yes,624455,12,31.91,0.377,Medium Risk
36,Business Owner,4.9,40988,7659,703,No,367564,15,18.69,0.747,Low Risk
51,Business Owner,1.5,124074,48462,542,No,2692508,3,39.06,1.808,Medium Risk
26,Business Owner,7.5,122195,30682,626,No,1958749,11,25.11,1.336,Low Risk
29,Salaried,6.0,64723,4438,839,No,1463993,14,6.86,1.885,Low Risk
51,Self-Employed,19.5,161710,106350,780,No,2361936,3,65.77,1.217,Low Risk
58,Business Owner,9.4,186684,115789,722,No,2782375,9,62.02,1.242,Low Risk
40,Self-Employed,9.9,79540,45581,726,No,1828908,5,57.31,1.916,Medium Risk
30,Self-Employed,0.6,157184,91166,569,No,2067958,9,58.0,1.096,High Risk
21,Business Owner,2.8,145060,35503,720,No,2604015,4,24.47,1.496,Low Risk
21,Business Owner,1.4,127934,79755,723,No,784801,12,62.34,0.511,Medium Risk
62,Self-Employed,16.7,77826,17195,716,No,2266819,13,22.09,2.427,Low Risk
60,Business Owner,13.9,94626,44616,772,No,1831844,4,47.15,1.613,Low Risk
25,Salaried,1.4,48929,22702,816,No,2712018,8,46.4,4.619,Medium Risk
33,Self-Employed,0.8,33010,22457,511,No,528966,5,68.03,1.335,High Risk
38,Salaried,14.4,22150,4459,577,No,1010952,6,20.13,3.803,Medium Risk
47,Self-Employed,15.8,150651,105256,737,No,233115,6,69.87,0.129,Low Risk
26,Salaried,0.9,122871,11845,740,No,1148909,14,9.64,0.779,Low Risk
45,Salaried,2.9,85263,25589,726,No,240552,4,30.01,0.235,Low Risk
50,Business Owner,15.5,156613,75629,606,No,2958176,5,48.29,1.574,Low Risk
41,Salaried,12.8,31058,16587,781,No,1162470,8,53.41,3.119,Medium Risk
61,Self-Employed,4.4,33654,20575,611,Yes,1089712,11,61.14,2.698,High Risk
48,Self-Employed,0.8,92377,39727,702,No,137454,1,43.01,0.124,Medium Risk
58,Business Owner,9.8,176293,26575,545,No,2196813,2,15.07,1.038,Low Risk
64,Business Owner,7.1,183874,16371,682,No,2349628,13,8.9,1.065,Low Risk
27,Salaried,4.6,103031,70895,830,No,1940120,12,68.81,1.569,Low Risk
33,Salaried,10.5,113891,59321,628,Yes,2135504,12,52.09,1.563,High Risk
49,Business Owner,6.2,148474,25739,595,No,1457615,12,17.34,0.818,Low Risk
50,Self-Employed,17.4,176940,114022,783,No,2327751,3,64.44,1.096,Low Risk
49,Self-Employed,16.5,161978,46751,500,No,2222140,7,28.86,1.143,Low Risk
32,Salaried,8.9,115440,64001,622,No,365674,11,55.44,0.264,Medium Risk
55,Self-Employed,4.2,199103,74346,782,No,1287529,6,37.34,0.539,Low Risk
47,Business Owner,6.8,45233,17645,534,No,644312,3,39.01,1.187,Medium Risk
23,Salaried,1.0,70231,8020,792,No,1729901,11,11.42,2.053,Low Risk
52,Business Owner,12.7,174743,37807,687,No,397266,1,21.64,0.189,Low Risk
34,Business Owner,8.1,40960,14510,827,No,2440505,12,35.42,4.965,Medium Risk
47,Self-Employed,16.0,35283,20654,636,No,395229,14,58.54,0.933,Medium Risk
40,Salaried,18.9,156179,17668,618,No,894654,4,11.31,0.477,Low Risk
54,Business Owner,5.4,183925,122471,785,No,1841410,12,66.59,0.834,Low Risk
27,Business Owner,5.4,196814,68524,840,No,536637,3,34.82,0.227,Low Risk
32,Business Owner,5.9,108476,51786,773,Yes,1958127,15,47.74,1.504,Medium Risk
43,Self-Employed,11.2,105106,62975,711,No,1906017,14,59.92,1.511,Low Risk
41,Business Owner,5.2,163032,30822,781,Yes,1165727,6,18.91,0.596,Low Risk
49,Self-Employed,19.2,20051,10469,645,No,2271011,3,52.21,9.438,High Risk
40,Salaried,6.4,78166,14823,661,No,2992891,14,18.96,3.191,Low Risk
38,Business Owner,10.5,169597,110552,579,No,2030930,6,65.19,0.998,Medium Risk
30,Salaried,3.5,172608,36663,631,No,485478,10,21.24,0.234,Low Risk
46,Business Owner,18.4,40237,20936,747,No,2992371,12,52.03,6.197,Medium Risk
57,Salaried,12.1,98746,7336,795,No,334556,15,7.43,0.282,Low Risk
42,Self-Employed,17.7,133850,42931,561,Yes,1050922,12,32.07,0.654,Medium Risk
62,Business Owner,18.6,186169,103384,695,No,2299423,1,55.53,1.029,Medium Risk
41,Business Owner,11.5,105676,39793,613,No,2925430,12,37.66,2.307,Medium Risk
46,Self-Employed,15.2,170799,64575,613,No,1753908,3,37.81,0.856,Low Risk
29,Self-Employed,1.4,169799,90750,780,No,456847,7,53.45,0.224,Medium Risk
53,Self-Employed,15.6,54177,29544,746,No,2146237,7,54.53,3.301,Medium Risk
62,Business Owner,4.3,181479,126691,768,No,400496,5,69.81,0.184,Low Risk
48,Self-Employed,13.9,170999,18508,843,No,1632043,6,10.82,0.795,Low Risk
33,Self-Employed,5.5,191811,12609,656,No,1566816,10,6.57,0.681,Low Risk
49,Business Owner,3.3,31764,20670,619,No,1667918,3,65.07,4.376,High Risk
26,Salaried,6.0,83713,55821,575,Yes,1306638,1,66.68,1.301,High Risk
42,Business Owner,16.2,99984,34249,511,No,2356558,4,34.25,1.964,Medium Risk
34,Business Owner,8.6,87805,35712,818,No,692854,12,40.67,0.658,Low Risk
65,Business Owner,0.9,172831,110426,769,No,814372,1,63.89,0.393,Medium Risk
39,Salaried,15.9,181995,41191,738,No,134956,2,22.63,0.062,Low Risk
45,Business Owner,5.8,193041,54851,555,No,2823827,7,28.41,1.219,Low Risk
35,Self-Employed,8.9,46110,29396,748,Yes,2329526,2,63.75,4.21,High Risk
32,Salaried,7.3,140058,58047,511,No,2320528,5,41.44,1.381,Medium Risk
42,Self-Employed,8.2,61157,3788,850,No,2722408,5,6.19,3.71,Low Risk
36,Business Owner,5.3,36255,16560,698,Yes,223588,9,45.68,0.514,Medium Risk
38,Salaried,3.5,122982,58663,544,No,2284048,11,47.7,1.548,Medium Risk
60,Business Owner,13.9,129401,26687,578,No,1410228,15,20.62,0.908,Low Risk
59,Self-Employed,9.3,54543,10057,570,No,2969107,13,18.44,4.536,Medium Risk
33,Salaried,5.0,157312,100871,720,Yes,708813,11,64.12,0.375,Medium Risk
57,Salaried,6.7,166103,65847,560,No,710366,12,39.64,0.356,Medium Risk
22,Self-Employed,3.6,128538,86735,655,No,2771131,15,67.48,1.797,Medium Risk
38,Salaried,15.7,47989,6503,513,No,2666836,10,13.55,4.631,Medium Risk
38,Business Owner,11.6,80532,35244,618,No,1606851,2,43.76,1.663,Medium Risk
65,Self-Employed,3.1,178521,63321,832,No,1725126,8,35.47,0.805,Low Risk
51,Salaried,3.7,79316,5627,507,Yes,1832432,4,7.09,1.925,Medium Risk
63,Salaried,15.3,37337,6164,724,Yes,2154969,12,16.51,4.81,Medium Risk
41,Self-Employed,17.8,132081,41363,521,No,1695404,12,31.32,1.07,Low Risk
41,Self-Employed,12.4,169929,74085,768,No,261530,9,43.6,0.128,Low Risk
27,Self-Employed,4.4,31119,19311,625,No,1759313,12,62.06,4.711,High Risk
23,Business Owner,2.2,185320,125218,597,No,1769500,15,67.57,0.796,Medium Risk
40,Self-Employed,9.5,130745,31558,527,No,696596,8,24.14,0.444,Low Risk
62,Self-Employed,2.3,151244,18688,799,Yes,2391797,3,12.36,1.318,Medium Risk
46,Self-Employed,6.8,26530,4411,802,Yes,946964,15,16.63,2.975,Medium Risk
50,Salaried,5.4,190020,121547,583,No,618182,2,63.97,0.271,Medium Risk
28,Business Owner,4.8,115143,12142,696,No,2246084,10,10.55,1.626,Low Risk
31,Self-Employed,7.4,31509,17310,671,No,2866270,14,54.94,7.581,High Risk
30,Salaried,10.5,66888,36785,526,No,1398213,12,54.99,1.742,Medium Risk
49,Self-Employed,12.7,50816,32220,603,No,1161624,1,63.41,1.905,Medium Risk
50,Self-Employed,17.2,162475,93398,811,Yes,1097734,4,57.48,0.563,Medium Risk
58,Business Owner,9.8,127518,43001,807,No,1126401,15,33.72,0.736,Low Risk
56,Self-Employed,12.6,166158,96883,606,No,721831,1,58.31,0.362,Medium Risk
62,Self-Employed,1.2,28501,13782,808,No,467851,1,48.36,1.368,Medium Risk
27,Self-Employed,8.9,62293,30328,812,No,2595480,10,48.69,3.472,Low Risk
56,Salaried,19.3,171772,48804,518,No,1355332,6,28.41,0.658,Low Risk
44,Self-Employed,16.5,132020,78968,533,No,664325,2,59.82,0.419,Medium Risk
65,Self-Employed,6.9,128464,50232,607,No,558446,10,39.1,0.362,Low Risk
61,Business Owner,19.8,146789,76425,809,Yes,1304550,7,52.06,0.741,Medium Risk
59,Self-Employed,5.6,170770,118987,681,Yes,2676518,10,69.68,1.306,Medium Risk
52,Business Owner,14.7,150479,55696,592,Yes,1076105,12,37.01,0.596,Medium Risk
39,Salaried,0.5,26287,9258,560,No,969608,13,35.22,3.074,High Risk
60,Self-Employed,8.6,107501,29807,826,No,2786947,4,27.73,2.16,Low Risk
65,Self-Employed,5.5,37782,9447,759,No,125716,2,25.0,0.277,Low Risk
64,Self-Employed,7.2,169139,76179,514,No,913760,6,45.04,0.45,Medium Risk
42,Business Owner,9.8,144387,82043,830,No,751737,11,56.82,0.434,Low Risk
50,Business Owner,18.0,141233,79033,711,Yes,334974,14,55.96,0.198,Medium Risk
54,Self-Employed,11.5,197785,50450,774,No,2521781,11,25.51,1.063,Low Risk
42,Self-Employed,1.8,59139,13738,515,No,1673873,11,23.23,2.359,Medium Risk
55,Salaried,11.6,122122,20980,559,Yes,1393025,12,17.18,0.951,Medium Risk
41,Business Owner,1.1,128493,13674,621,No,1369316,4,10.64,0.888,Low Risk
54,Self-Employed,3.9,118098,66160,603,Yes,1961323,9,56.02,1.384,High Risk
22,Self-Employed,3.7,60390,10486,747,No,2296254,5,17.36,3.169,Low Risk
41,Salaried,15.5,45756,26739,764,No,656656,4,58.44,1.196,Medium Risk
23,Self-Employed,2.2,156929,19662,659,Yes,2981706,14,12.53,1.583,Medium Risk
59,Salaried,7.0,32095,3756,837,No,194289,10,11.7,0.504,Low Risk
40,Business Owner,17.9,104116,18778,646,No,1438611,13,18.04,1.151,Low Risk
49,Business Owner,2.8,59143,9012,558,No,2712820,9,15.24,3.822,Medium Risk
53,Salaried,4.5,111833,45526,638,No,1288110,10,40.71,0.96,Medium Risk
36,Salaried,1.7,180763,113873,776,No,645569,1,63.0,0.298,Medium Risk
51,Business Owner,1.5,120558,10244,718,No,2600314,15,8.5,1.797,Low Risk
58,Business Owner,16.8,136873,61676,659,No,931089,12,45.06,0.567,Low Risk
63,Business Owner,2.0,142079,59540,547,No,2064091,2,41.91,1.211,Medium Risk
50,Self-Employed,13.8,142000,50531,614,No,2687642,5,35.59,1.577,Low Risk
44,Self-Employed,4.1,194373,51453,666,No,226936,2,26.47,0.097,Low Risk
51,Salaried,7.4,140911,84511,644,No,2635206,10,59.97,1.558,Medium Risk
29,Business Owner,1.6,48044,12579,832,No,1367175,9,26.18,2.371,Medium Risk
50,Self-Employed,12.0,82541,37438,780,No,2123225,7,45.36,2.144,Low Risk
25,Self-Employed,1.9,174919,57766,722,No,1535294,9,33.02,0.731,Low Risk
65,Salaried,3.9,195532,19677,793,No,579504,10,10.06,0.247,Low Risk
59,Self-Employed,6.8,45599,26644,590,No,1802022,2,58.43,3.293,High Risk
59,Salaried,13.9,176344,97231,694,No,2805280,11,55.14,1.326,Medium Risk
24,Salaried,1.7,56416,35357,825,No,715410,11,62.67,1.057,Medium Risk
30,Self-Employed,6.6,122231,55019,728,No,2958488,15,45.01,2.017,Low Risk
41,Self-Employed,11.6,198142,49131,722,No,1543950,2,24.8,0.649,Low Risk
58,Salaried,12.4,153804,48099,565,Yes,361768,6,31.27,0.196,Medium Risk
56,Salaried,0.5,166808,97331,683,No,1283671,14,58.35,0.641,Medium Risk
22,Salaried,2.0,174707,53508,662,No,1803024,7,30.63,0.86,Low Risk
48,Business Owner,4.6,65458,23478,596,No,1611156,14,35.87,2.051,Medium Risk
47,Salaried,6.1,195653,25749,505,No,165883,3,13.16,0.071,Low Risk
52,Business Owner,9.0,55592,5839,828,No,2012722,15,10.5,3.017,Low Risk
65,Business Owner,18.6,183380,30600,760,No,1987628,7,16.69,0.903,Low Risk
43,Salaried,4.1,178485,9786,755,No,1093001,12,5.48,0.51,Low Risk
53,Self-Employed,8.5,163174,69288,517,Yes,2482992,8,42.46,1.268,Medium Risk
44,Salaried,11.8,40988,5835,769,Yes,1271973,8,14.24,2.586,Medium Risk
54,Salaried,10.7,179926,19340,741,No,2883914,11,10.75,1.336,Low Risk
25,Business Owner,4.6,171946,43524,527,Yes,2344092,13,25.31,1.136,Medium Risk
21,Self-Employed,1.6,143006,60503,669,No,1335717,5,42.31,0.778,Medium Risk
31,Salaried,9.2,176666,94892,788,No,2739475,8,53.71,1.292,Low Risk
58,Salaried,11.7,192050,133232,819,No,2133231,2,69.37,0.926,Low Risk
29,Business Owner,1.3,92836,19851,815,No,1177750,1,21.38,1.057,Low Risk
28,Business Owner,2.2,175128,92875,837,No,835678,5,53.03,0.398,Medium Risk
65,Salaried,10.0,158251,96582,675,Yes,708468,10,61.03,0.373,Medium Risk
30,Self-Employed,9.2,128251,70633,621,No,2774181,3,55.07,1.803,Medium Risk
34,Business Owner,11.9,110459,9423,635,No,586515,1,8.53,0.442,Low Risk
31,Self-Employed,5.5,99001,35598,772,No,2966848,12,35.96,2.497,Low Risk
45,Self-Employed,5.6,159052,97925,506,No,1982490,7,61.57,1.039,Medium Risk
64,Self-Employed,19.3,199011,133599,549,Yes,2773550,6,67.13,1.161,High Risk
48,Business Owner,18.4,91457,24486,636,No,1170990,11,26.77,1.067,Low Risk
58,Self-Employed,9.5,197023,105783,844,No,917577,9,53.69,0.388,Low Risk
42,Business Owner,14.0,67164,17034,505,No,385011,1,25.36,0.478,Medium Risk
47,Salaried,10.7,199699,67870,612,No,1156528,4,33.99,0.483,Low Risk
23,Salaried,3.3,34911,23042,836,Yes,1009428,10,66.0,2.41,High Risk
61,Salaried,14.3,51451,5462,809,No,2853118,13,10.62,4.621,Low Risk
62,Business Owner,16.2,68435,43278,594,No,2058553,11,63.24,2.507,Medium Risk
25,Business Owner,3.4,92452,50856,841,No,1456455,5,55.01,1.313,Medium Risk
31,Salaried,4.0,36354,10863,670,Yes,1183131,14,29.88,2.712,High Risk
37,Salaried,8.7,148901,102239,602,No,848440,11,68.66,0.475,Medium Risk
52,Salaried,3.3,133050,25539,829,No,1952127,12,19.2,1.223,Low Risk
37,Salaried,1.1,38458,16205,628,No,178705,15,42.14,0.387,Medium Risk
52,Salaried,13.2,20227,13277,840,No,735887,12,65.64,3.032,Medium Risk
42,Self-Employed,11.7,155104,79094,751,No,1794132,14,50.99,0.964,Low Risk
25,Business Owner,2.0,120774,80943,746,No,2345228,15,67.02,1.618,Medium Risk
43,Self-Employed,13.8,125018,10736,831,No,2342385,14,8.59,1.561,Low Risk
42,Salaried,16.9,96010,45227,590,No,1711299,11,47.11,1.485,Medium Risk
33,Self-Employed,10.6,47988,22070,683,No,2754118,8,45.99,4.783,Medium Risk
33,Salaried,1.0,26649,13800,803,No,1730609,2,51.78,5.412,High Risk
55,Business Owner,6.5,159969,108334,730,Yes,168863,1,67.72,0.088,Medium Risk
42,Salaried,7.1,31223,9791,608,No,2898927,9,31.36,7.737,Medium Risk
50,Business Owner,17.5,160656,23587,796,No,402130,1,14.68,0.209,Low Risk
30,Self-Employed,8.0,143527,91809,816,No,2821207,3,63.97,1.638,Low Risk
21,Salaried,2.1,100566,58678,549,No,815923,14,58.35,0.676,Medium Risk
58,Salaried,16.4,47874,5947,804,No,1025148,2,12.42,1.784,Low Risk
33,Self-Employed,5.4,197837,61588,561,Yes,2515780,9,31.13,1.06,Medium Risk
29,Self-Employed,9.3,75897,41497,803,No,365171,2,54.68,0.401,Low Risk
38,Salaried,15.3,64053,32193,783,No,1121919,15,50.26,1.46,Low Risk
58,Salaried,3.1,185726,83221,580,No,2142489,2,44.81,0.961,Medium Risk
21,Salaried,0.9,43367,22090,803,Yes,1845762,12,50.94,3.547,High Risk
51,Business Owner,3.0,57509,26793,767,No,1103502,3,46.59,1.599,Low Risk
60,Business Owner,1.2,67186,34680,813,Yes,2730632,14,51.62,3.387,High Risk
40,Self-Employed,8.7,166200,33766,560,Yes,501327,10,20.32,0.251,Medium Risk
44,Business Owner,10.4,141691,78031,837,No,322587,4,55.07,0.19,Low Risk
28,Salaried,7.0,144364,53903,581,No,280839,1,37.34,0.162,Medium Risk
62,Self-Employed,6.1,133946,28584,815,No,2000638,1,21.34,1.245,Low Risk
27,Business Owner,0.9,160865,26434,514,No,586812,2,16.43,0.304,Medium Risk
36,Business Owner,8.3,171981,45039,601,No,1466021,4,26.19,0.71,Low Risk
28,Self-Employed,2.7,82159,43506,602,No,1025526,2,52.95,1.04,Medium Risk
51,Business Owner,9.9,134259,19362,812,No,1724581,6,14.42,1.07,Low Risk
29,Self-Employed,8.1,185680,52563,638,No,633564,1,28.31,0.284,Low Risk
65,Business Owner,1.7,55783,6818,738,No,818070,13,12.22,1.222,Low Risk
42,Salaried,17.8,178239,27077,826,Yes,812761,10,15.19,0.38,Low Risk
56,Salaried,2.2,156778,57693,610,No,2040968,5,36.8,1.085,Medium Risk
21,Business Owner,1.6,84658,17870,722,No,2582070,3,21.11,2.542,Medium Risk
57,Salaried,8.6,31593,2402,740,No,2214836,1,7.6,5.842,Low Risk
48,Business Owner,8.2,45689,15721,623,No,152105,12,34.41,0.277,Medium Risk
47,Salaried,3.1,97539,20034,546,No,2906138,5,20.54,2.483,Medium Risk
31,Business Owner,6.2,169521,90819,512,Yes,2045153,13,53.57,1.005,High Risk
29,Business Owner,4.8,117103,53566,824,No,2731107,2,45.74,1.944,Low Risk
45,Business Owner,7.0,28575,6938,638,No,2669016,9,24.28,7.784,Medium Risk
57,Salaried,15.9,41222,18686,671,No,329896,9,45.33,0.667,Medium Risk
64,Self-Employed,17.8,49089,14674,738,No,1633316,6,29.89,2.773,Low Risk
32,Business Owner,8.0,37565,15570,604,No,1504796,4,41.45,3.338,Medium Risk
55,Salaried,13.2,172074,106038,607,No,1045552,6,61.62,0.506,Medium Risk
43,Self-Employed,10.3,130868,30119,532,No,1997547,8,23.01,1.272,Low Risk
53,Business Owner,16.7,143250,73256,847,No,1325845,8,51.14,0.771,Low Risk
60,Self-Employed,16.1,37203,6415,734,No,1738641,15,17.24,3.894,Low Risk
32,Self-Employed,13.4,40171,4864,641,No,720564,8,12.11,1.495,Low Risk
30,Salaried,6.5,184436,11942,713,Yes,2370942,15,6.47,1.071,Low Risk
29,Self-Employed,4.1,136355,72201,510,No,364029,1,52.95,0.222,Medium Risk
35,Business Owner,11.1,127922,54515,835,No,1468628,8,42.62,0.957,Low Risk
58,Business Owner,14.1,163777,55589,655,No,1385533,3,33.94,0.705,Low Risk
37,Salaried,9.5,95535,52576,524,No,1292784,8,55.03,1.128,Medium Risk
31,Business Owner,12.1,160330,37743,589,No,2894899,13,23.54,1.505,Low Risk
30,Salaried,3.2,30787,21426,794,No,1192226,6,69.59,3.227,Medium Risk
32,Salaried,8.1,29093,14041,676,No,1980847,9,48.26,5.674,Medium Risk
31,Business Owner,4.3,26533,8304,755,No,2021162,15,31.3,6.348,Medium Risk
41,Salaried,0.6,163168,111630,669,No,1339655,8,68.41,0.684,Medium Risk
39,Business Owner,13.5,168172,88047,726,No,571085,12,52.36,0.283,Low Risk
51,Salaried,3.2,164430,20713,512,No,1024276,8,12.6,0.519,Low Risk
43,Salaried,6.9,179423,83764,798,No,1265711,4,46.69,0.588,Low Risk
22,Salaried,2.4,136774,67032,544,Yes,1754332,4,49.01,1.069,High Risk
52,Self-Employed,12.3,154101,102202,841,No,720530,12,66.32,0.39,Low Risk
48,Self-Employed,8.0,23195,5451,679,No,1968881,14,23.5,7.074,Medium Risk
56,Salaried,4.7,136449,72590,712,No,1310618,3,53.2,0.8,Medium Risk
48,Business Owner,18.0,56586,33560,806,No,971508,5,59.31,1.431,Low Risk
51,Business Owner,19.7,37331,24510,802,No,470978,1,65.66,1.051,Medium Risk
47,Business Owner,18.3,128662,21059,736,No,674313,4,16.37,0.437,Low Risk
32,Self-Employed,4.4,148604,11510,654,No,1374709,8,7.75,0.771,Low Risk
56,Business Owner,9.5,27035,15256,578,No,2786683,14,56.43,8.59,High Risk
61,Self-Employed,2.9,194565,122624,713,No,2985023,11,63.02,1.279,Medium Risk
36,Salaried,2.6,92670,34333,534,No,1617329,10,37.05,1.454,Medium Risk
51,Business Owner,9.0,87609,40142,743,Yes,601570,6,45.82,0.572,Medium Risk
53,Business Owner,11.7,88036,13720,529,No,2033758,15,15.58,1.925,Low Risk
65,Salaried,7.5,33864,7695,714,No,1593106,1,22.72,3.92,Low Risk
39,Self-Employed,10.8,40139,15414,821,No,496398,10,38.4,1.031,Low Risk
31,Business Owner,4.5,102892,60442,850,No,1238581,11,58.74,1.003,Low Risk
65,Business Owner,7.6,160095,68365,573,No,2273365,5,42.7,1.183,Medium Risk
44,Self-Employed,8.5,62737,7313,579,No,890277,13,11.66,1.183,Low Risk
56,Business Owner,13.9,157796,94669,782,No,578011,7,59.99,0.305,Low Risk
50,Salaried,2.8,54401,35372,745,No,2998476,6,65.02,4.593,Medium Risk
29,Self-Employed,9.8,176670,68906,675,No,1377938,1,39.0,0.65,Low Risk
28,Salaried,1.7,57318,28500,657,No,646174,2,49.72,0.939,Medium Risk
48,Business Owner,15.4,49287,4955,747,No,278328,4,10.05,0.471,Low Risk
27,Salaried,7.2,154605,67340,740,No,1161211,1,43.56,0.626,Low Risk
25,Self-Employed,4.8,45297,25300,808,No,938963,3,55.85,1.727,Medium Risk
63,Self-Employed,1.1,58156,34883,642,Yes,1558932,6,59.98,2.234,High Risk
31,Business Owner,10.3,180682,37435,791,No,2524868,13,20.72,1.165,Low Risk
21,Business Owner,1.0,70213,47518,587,Yes,2352871,1,67.68,2.793,High Risk
27,Salaried,8.3,144443,41629,801,No,2924971,2,28.82,1.688,Low Risk
32,Self-Employed,13.7,131173,24828,616,No,1418187,2,18.93,0.901,Low Risk
50,Salaried,10.6,149975,81808,647,No,270324,2,54.55,0.15,Medium Risk
41,Self-Employed,2.8,94347,32740,659,No,1962085,4,34.7,1.733,Medium Risk
56,Self-Employed,6.2,132187,22830,535,Yes,2095133,11,17.27,1.321,Medium Risk
44,Salaried,0.7,196726,72704,553,No,2292204,11,36.96,0.971,Medium Risk
64,Salaried,2.8,123497,38334,802,Yes,807676,2,31.04,0.545,Medium Risk
44,Salaried,7.1,175965,105336,706,No,1881338,12,59.86,0.891,Low Risk
52,Self-Employed,15.4,172546,75208,829,Yes,1593580,8,43.59,0.77,Medium Risk
63,Business Owner,19.0,147017,56222,575,No,553138,2,38.24,0.314,Medium Risk
37,Self-Employed,9.7,184723,122390,515,No,321679,14,66.26,0.145,Medium Risk
25,Self-Employed,4.9,66948,19998,847,No,1369836,10,29.87,1.705,Low Risk
60,Salaried,15.3,193298,104100,752,No,946963,5,53.85,0.408,Low Risk
63,Self-Employed,10.1,88593,35666,776,No,232533,7,40.26,0.219,Low Risk
28,Self-Employed,4.8,118654,40065,518,No,2434828,11,33.77,1.71,Medium Risk
40,Business Owner,3.7,132900,18263,699,No,558781,10,13.74,0.35,Low Risk
64,Self-Employed,13.4,199666,79987,740,No,755615,9,40.06,0.315,Low Risk
24,Self-Employed,1.9,174938,119144,815,No,1293017,6,68.11,0.616,Medium Risk
24,Salaried,3.7,53606,31842,678,No,2549335,1,59.4,3.963,Medium Risk
61,Self-Employed,7.9,132236,36278,682,No,336765,11,27.43,0.212,Low Risk
36,Salaried,4.6,101815,44304,533,Yes,580127,6,43.51,0.475,High Risk
31,Salaried,7.2,29798,10417,716,No,1866526,5,34.96,5.22,Medium Risk
22,Business Owner,2.1,25829,17841,693,No,1452333,10,69.07,4.686,High Risk
27,Self-Employed,1.4,196976,36212,754,No,2899226,6,18.38,1.227,Low Risk
31,Business Owner,4.2,134292,24326,825,No,415919,14,18.11,0.258,Low Risk
55,Salaried,6.1,32460,7896,793,No,1047434,10,24.33,2.689,Low Risk
26,Business Owner,6.8,44833,19489,639,No,2327442,8,43.47,4.326,Medium Risk
48,Salaried,7.3,40096,18985,654,No,1357909,7,47.35,2.822,Medium Risk
63,Business Owner,6.6,128609,40061,819,No,2916727,13,31.15,1.89,Low Risk
56,Salaried,17.7,184585,93615,595,No,993188,11,50.72,0.448,Medium Risk
50,Self-Employed,18.8,159649,91927,722,Yes,2728815,1,57.58,1.424,Medium Risk
54,Salaried,7.6,58730,12113,850,No,1926152,7,20.62,2.733,Low Risk
41,Salaried,12.9,128118,28635,646,No,1175615,11,22.35,0.765,Low Risk
59,Salaried,8.4,49768,7340,514,No,1402501,8,14.75,2.348,Medium Risk
52,Business Owner,19.8,130629,61461,518,No,1243836,3,47.05,0.793,Medium Risk
22,Self-Employed,3.3,92816,44379,590,No,277135,12,47.81,0.249,Medium Risk
52,Salaried,1.6,42001,10670,652,Yes,1807110,15,25.4,3.585,High Risk
44,Business Owner,13.3,43673,13450,571,No,2494835,12,30.8,4.76,Medium Risk
53,Salaried,10.7,172153,114876,768,No,478530,4,66.73,0.232,Low Risk
59,Salaried,15.6,102158,26973,799,No,1089596,15,26.4,0.889,Low Risk
48,Salaried,3.3,65915,12469,640,No,1166636,14,18.92,1.475,Low Risk
58,Salaried,10.1,118226,59675,557,No,1877467,8,50.48,1.323,Medium Risk
64,Salaried,19.3,57987,16581,688,No,188391,11,28.59,0.271,Low Risk
59,Salaried,16.9,193597,110217,527,No,2916888,4,56.93,1.256,Medium Risk
37,Business Owner,7.6,187496,126187,685,Yes,2974139,2,67.3,1.322,Medium Risk
55,Salaried,17.2,121835,6715,701,Yes,1171785,5,5.51,0.801,Low Risk
26,Salaried,2.7,62002,40012,823,No,2802933,7,64.53,3.767,Medium Risk
23,Self-Employed,4.4,148894,53037,711,Yes,1495538,12,35.62,0.837,Medium Risk
48,Salaried,16.6,88411,33518,680,No,2397336,12,37.91,2.26,Medium Risk
41,Self-Employed,14.1,33657,15714,594,No,2788963,3,46.69,6.905,High Risk
21,Self-Employed,1.0,100097,25417,542,No,1146913,9,25.39,0.955,Medium Risk
62,Salaried,17.0,199766,63267,663,No,659980,5,31.67,0.275,Low Risk
32,Business Owner,8.5,105873,60315,601,No,1641824,3,56.97,1.292,Medium Risk
46,Self-Employed,18.9,169524,33213,511,Yes,2814162,10,19.59,1.383,Medium Risk
61,Salaried,18.2,141221,25261,586,No,2692096,7,17.89,1.589,Low Risk
59,Self-Employed,3.4,116448,18699,790,No,2305523,7,16.06,1.65,Low Risk
50,Business Owner,10.1,78847,40513,597,Yes,1216535,5,51.38,1.286,High Risk
52,Self-Employed,3.0,74160,32634,644,No,894246,7,44.0,1.005,Medium Risk
32,Self-Employed,11.2,27542,6572,634,No,1991533,15,23.86,6.026,Medium Risk
36,Self-Employed,10.7,189668,65968,505,No,1455791,12,34.78,0.64,Low Risk
46,Business Owner,4.6,120531,61530,805,No,499630,9,51.05,0.345,Low Risk
24,Salaried,2.3,81562,29045,681,Yes,2913503,13,35.61,2.977,High Risk
59,Business Owner,15.1,31930,1708,758,No,1368807,7,5.35,3.572,Low Risk
63,Self-Employed,3.1,166685,12790,591,No,2212866,8,7.67,1.106,Low Risk
42,Self-Employed,3.1,103182,52795,721,No,590071,6,51.17,0.477,Medium Risk
23,Salaried,2.7,93662,50211,720,No,1204009,10,53.61,1.071,Medium Risk
37,Business Owner,6.3,63249,16135,751,No,734450,9,25.51,0.968,Low Risk
63,Business Owner,16.1,33951,5867,527,No,250417,8,17.28,0.615,Medium Risk
37,Salaried,13.6,134407,16857,753,No,1595353,12,12.54,0.989,Low Risk
56,Self-Employed,9.4,49488,29683,575,No,492494,4,59.98,0.829,Medium Risk
39,Salaried,16.8,153362,89666,788,Yes,2556509,4,58.47,1.389,Medium Risk
58,Salaried,10.8,169628,28391,539,No,2189228,11,16.74,1.076,Low Risk
27,Self-Employed,0.7,198601,136611,562,No,2576059,15,68.79,1.081,High Risk
27,Self-Employed,1.8,41250,14403,837,No,2735519,5,34.92,5.526,Medium Risk
59,Business Owner,0.6,31494,15007,731,No,2487223,3,47.65,6.581,High Risk
34,Salaried,12.9,94174,24491,528,No,2394939,10,26.01,2.119,Medium Risk
45,Salaried,8.3,66664,13736,704,No,973349,3,20.6,1.217,Low Risk
45,Self-Employed,6.1,191459,28755,652,No,1913442,12,15.02,0.833,Low Risk
40,Business Owner,12.3,114121,55073,688,No,2153627,8,48.26,1.573,Low Risk
45,Self-Employed,5.7,177375,57646,716,No,2674748,3,32.5,1.257,Low Risk
48,Business Owner,8.8,30600,11740,737,No,2816275,11,38.37,7.67,Medium Risk
30,Self-Employed,6.6,189666,74167,648,No,432118,15,39.1,0.19,Low Risk
51,Self-Employed,3.4,53499,26472,653,No,2294007,7,49.48,3.573,Medium Risk
39,Business Owner,1.4,40062,25890,762,No,1882216,7,64.62,3.915,Medium Risk
27,Self-Employed,6.1,169023,97752,681,No,442966,13,57.83,0.218,Medium Risk
53,Salaried,2.7,193428,67868,593,No,289828,2,35.09,0.125,Medium Risk
47,Business Owner,6.3,173933,90560,843,No,1211802,6,52.07,0.581,Low Risk
32,Salaried,3.0,178348,38979,844,No,2341335,1,21.86,1.094,Low Risk
21,Self-Employed,0.8,65019,30967,735,No,2858665,12,47.63,3.664,Medium Risk
59,Business Owner,10.0,182135,105372,815,No,2926135,12,57.85,1.339,Low Risk
64,Self-Employed,16.2,42973,5643,507,No,166627,12,13.13,0.323,Medium Risk
33,Salaried,3.5,190032,27431,623,No,2725882,14,14.43,1.195,Low Risk
55,Salaried,2.2,141484,20700,716,No,796696,15,14.63,0.469,Low Risk
30,Business Owner,8.6,147152,52455,730,No,944474,5,35.65,0.535,Low Risk
57,Self-Employed,1.5,22064,2576,721,Yes,2179129,12,11.68,8.23,High Risk
58,Business Owner,14.8,96224,7126,704,No,2578998,12,7.41,2.234,Low Risk
60,Business Owner,18.1,147900,29689,531,No,1870015,10,20.07,1.054,Low Risk
41,Business Owner,1.7,189948,61000,742,No,2711779,11,32.11,1.19,Low Risk
43,Self-Employed,14.1,25454,3942,598,No,1937569,4,15.49,6.343,Medium Risk
53,Salaried,12.0,199561,53971,808,Yes,2855482,8,27.04,1.192,Low Risk
29,Self-Employed,8.1,122333,82437,844,No,1611021,13,67.39,1.097,Low Risk
51,Salaried,12.6,94044,46924,544,No,641470,3,49.9,0.568,Medium Risk
33,Salaried,9.3,46451,26280,752,No,978425,9,56.58,1.755,Medium Risk
24,Salaried,2.5,88369,24927,581,No,2211743,1,28.21,2.086,Medium Risk
25,Self-Employed,3.3,181890,35896,787,No,1181384,6,19.74,0.541,Low Risk
43,Salaried,15.5,166020,37167,577,Yes,2261691,10,22.39,1.135,Medium Risk
63,Salaried,14.3,134773,76732,556,Yes,2660926,10,56.93,1.645,High Risk
27,Business Owner,0.9,47632,7553,560,Yes,1616821,3,15.86,2.829,High Risk
39,Business Owner,9.1,152617,57072,550,No,1625623,6,37.4,0.888,Medium Risk
29,Salaried,9.4,135109,91910,503,No,2086688,6,68.03,1.287,Medium Risk
39,Business Owner,3.8,89734,26210,712,No,2889192,4,29.21,2.683,Low Risk
30,Business Owner,5.3,79816,11150,719,No,1816767,15,13.97,1.897,Low Risk
50,Business Owner,16.0,114836,76186,726,No,141727,12,66.34,0.103,Low Risk
54,Salaried,2.2,102524,31892,584,No,1749478,13,31.11,1.422,Medium Risk
23,Business Owner,4.7,59571,37925,529,Yes,2869757,15,63.66,4.014,High Risk
54,Self-Employed,8.7,198486,100337,655,No,1415733,15,50.55,0.594,Medium Risk
43,Salaried,16.6,158357,70748,575,No,1971452,11,44.68,1.037,Medium Risk
34,Business Owner,10.2,182054,86262,676,Yes,2821084,7,47.38,1.291,Medium Risk
33,Self-Employed,1.7,160884,43024,564,No,2368238,5,26.74,1.227,Medium Risk
34,Salaried,8.4,101855,39608,825,No,216984,15,38.89,0.178,Low Risk
55,Business Owner,5.5,99676,52054,758,No,351430,14,52.22,0.294,Low Risk
44,Self-Employed,12.7,112923,14734,833,Yes,1982138,5,13.05,1.463,Low Risk
57,Business Owner,0.6,108861,74996,797,No,2732950,11,68.89,2.092,Medium Risk
55,Business Owner,5.1,98433,23127,793,No,1684044,9,23.5,1.426,Low Risk
36,Salaried,6.2,172664,30244,684,No,714688,12,17.52,0.345,Low Risk
48,Self-Employed,2.1,36303,11841,566,No,1971347,2,32.62,4.525,High Risk
44,Business Owner,10.8,174203,72003,702,Yes,2550747,8,41.33,1.22,Medium Risk
61,Self-Employed,19.9,148330,77965,713,No,705431,9,52.56,0.396,Low Risk
29,Self-Employed,8.0,53917,36622,762,Yes,595171,12,67.92,0.92,Medium Risk
34,Self-Employed,7.8,61114,40558,689,Yes,598140,10,66.36,0.816,High Risk
47,Salaried,2.9,169884,40472,767,No,1658047,5,23.82,0.813,Low Risk
44,Self-Employed,6.2,27334,15424,572,No,1868976,1,56.43,5.698,High Risk
40,Self-Employed,4.7,148134,7608,780,No,287411,7,5.14,0.162,Low Risk
51,Business Owner,6.5,138587,88029,693,No,2640530,3,63.52,1.588,Medium Risk
29,Business Owner,7.2,137946,66724,576,Yes,1464055,2,48.37,0.884,Medium Risk
60,Business Owner,12.7,121511,24464,702,No,292181,11,20.13,0.2,Low Risk
49,Business Owner,5.9,43207,26480,512,No,1395402,9,61.29,2.691,High Risk
62,Salaried,13.1,42322,7410,816,No,321771,10,17.51,0.634,Low Risk
54,Salaried,15.1,151763,96060,561,No,2330780,3,63.3,1.28,Medium Risk
22,Self-Employed,3.3,84300,49678,796,No,2337845,10,58.93,2.311,Medium Risk
41,Self-Employed,12.0,148836,90832,511,No,857105,7,61.03,0.48,Medium Risk
22,Business Owner,1.6,87417,9543,550,No,1296851,3,10.92,1.236,Medium Risk
32,Self-Employed,10.9,60429,15072,708,No,347102,10,24.94,0.479,Low Risk
41,Salaried,1.0,35335,8612,550,No,1831504,15,24.37,4.319,High Risk
41,Self-Employed,7.8,51710,4329,622,No,2557984,4,8.37,4.122,Medium Risk
52,Business Owner,15.2,120938,80676,637,No,2049611,9,66.71,1.412,Medium Risk
47,Salaried,9.9,126822,58567,509,No,2558586,11,46.18,1.681,Medium Risk
27,Salaried,7.0,190800,106922,655,No,1970585,2,56.04,0.861,Medium Risk
61,Business Owner,4.5,57320,16775,586,No,2354587,7,29.27,3.423,Medium Risk
56,Self-Employed,1.3,141805,95679,817,No,802049,1,67.47,0.471,Medium Risk
24,Self-Employed,2.0,85769,51090,694,Yes,2751668,4,59.57,2.674,High Risk
58,Business Owner,6.0,62314,33056,788,No,476292,7,53.05,0.637,Low Risk
65,Salaried,16.7,165877,115987,721,No,2217369,13,69.92,1.114,Low Risk
41,Business Owner,18.9,186505,41010,731,No,2877791,6,21.99,1.286,Low Risk
42,Salaried,9.5,177158,46681,568,No,108587,10,26.35,0.051,Low Risk
51,Salaried,18.1,196345,31965,784,Yes,2150916,13,16.28,0.913,Low Risk
46,Business Owner,2.1,190156,90005,775,No,2916949,8,47.33,1.278,Low Risk
64,Salaried,7.4,118664,69757,683,No,135363,2,58.79,0.095,Medium Risk
50,Self-Employed,18.8,136543,7658,510,No,2954451,15,5.61,1.803,Low Risk
43,Salaried,2.3,180810,82522,613,No,2171183,6,45.64,1.001,Medium Risk
23,Self-Employed,2.7,178866,33252,600,Yes,2777795,7,18.59,1.294,Medium Risk
28,Self-Employed,5.9,149502,24041,599,No,2472747,11,16.08,1.378,Low Risk
64,Business Owner,11.5,37133,16053,533,No,2490347,14,43.23,5.589,Medium Risk
35,Business Owner,12.5,91913,16058,847,No,2942624,9,17.47,2.668,Low Risk
60,Self-Employed,13.8,138994,7126,718,No,2826423,1,5.13,1.695,Low Risk
41,Self-Employed,17.0,126660,28894,848,No,2178591,6,22.81,1.433,Low Risk
54,Salaried,17.7,78863,6351,715,No,1426414,1,8.05,1.507,Low Risk
46,Salaried,7.0,169899,97690,615,Yes,1877630,2,57.5,0.921,High Risk
36,Salaried,3.4,101475,9219,820,No,2113125,7,9.08,1.735,Low Risk
22,Business Owner,3.3,107635,64186,626,No,1099750,6,59.63,0.851,Medium Risk
24,Self-Employed,3.4,82060,54431,807,No,501272,11,66.33,0.509,Medium Risk
49,Business Owner,2.9,35908,23192,693,No,372748,13,64.59,0.865,Medium Risk
29,Salaried,10.2,135846,11630,812,No,375944,2,8.56,0.231,Low Risk
64,Salaried,11.4,97310,58625,705,No,1824311,4,60.25,1.562,Medium Risk
59,Business Owner,12.7,138859,41595,719,Yes,2697241,2,29.95,1.619,Medium Risk
42,Business Owner,18.8,26808,9253,668,No,553012,2,34.52,1.719,Medium Risk
21,Business Owner,2.3,175421,98783,599,Yes,628405,11,56.31,0.299,High Risk
53,Self-Employed,7.4,146195,76168,727,No,677441,13,52.1,0.386,Low Risk
23,Salaried,1.1,173229,57737,833,No,1405218,10,33.33,0.676,Low Risk
55,Salaried,3.4,100917,44622,649,No,133897,9,44.22,0.111,Medium Risk
58,Business Owner,13.7,35025,7156,786,Yes,1870252,6,20.43,4.45,Medium Risk
33,Salaried,9.8,72759,40776,674,No,2095335,12,56.04,2.4,Medium Risk
65,Self-Employed,12.2,106807,64491,789,Yes,2684123,5,60.38,2.094,Medium Risk
47,Self-Employed,3.7,139092,86163,521,No,115506,11,61.95,0.069,Medium Risk
35,Business Owner,4.3,183556,34608,746,No,1490475,13,18.85,0.677,Low Risk
45,Salaried,8.3,21763,6221,537,No,2426545,2,28.59,9.292,High Risk
30,Self-Employed,5.6,185500,79894,684,No,224510,4,43.07,0.101,Low Risk
33,Self-Employed,3.0,88681,45870,673,No,1131648,3,51.72,1.063,Medium Risk
33,Salaried,3.1,88626,56891,510,No,675641,7,64.19,0.635,Medium Risk
62,Salaried,7.1,75112,18650,622,No,1661750,11,24.83,1.844,Low Risk
31,Business Owner,12.7,183369,114254,533,No,648592,13,62.31,0.295,Medium Risk
33,Salaried,8.2,118108,30315,719,Yes,1125715,15,25.67,0.794,Medium Risk
23,Business Owner,3.1,160369,38684,576,No,323384,11,24.12,0.168,Medium Risk
38,Salaried,17.1,173113,108333,607,No,2074121,13,62.58,0.998,Medium Risk
63,Business Owner,1.8,153330,46348,830,No,1669785,8,30.23,0.908,Low Risk
54,Self-Employed,4.0,118010,46208,747,No,2175308,8,39.16,1.536,Low Risk
38,Business Owner,8.3,173087,81754,606,No,951445,8,47.23,0.458,Low Risk
36,Self-Employed,4.3,131417,82485,792,No,1669119,5,62.77,1.058,Low Risk
56,Salaried,3.1,42027,10161,765,No,2549315,1,24.18,5.055,Medium Risk
50,Business Owner,12.6,131700,45206,721,No,2186846,6,34.32,1.384,Low Risk
38,Self-Employed,1.0,135785,27424,830,No,445688,5,20.2,0.274,Low Risk
53,Business Owner,11.2,40488,22706,616,No,399258,6,56.08,0.822,Medium Risk
23,Business Owner,1.4,71549,34975,628,No,2966971,14,48.88,3.456,Medium Risk
38,Salaried,14.3,56140,39240,778,Yes,135793,13,69.9,0.202,Medium Risk
40,Self-Employed,16.5,125856,83667,796,No,149873,8,66.48,0.099,Low Risk
62,Business Owner,19.8,59133,36222,616,No,980279,8,61.26,1.381,Medium Risk
35,Business Owner,10.2,164864,89431,736,No,460189,6,54.25,0.233,Low Risk
33,Self-Employed,11.7,129494,24116,730,Yes,226265,6,18.62,0.146,Low Risk
29,Business Owner,9.7,100103,66386,504,No,2863409,14,66.32,2.384,Medium Risk
43,Self-Employed,4.9,131599,65240,706,No,2996244,9,49.57,1.897,Low Risk
40,Self-Employed,11.9,168787,94602,571,No,1485171,10,56.05,0.733,Medium Risk
61,Business Owner,18.3,170438,104566,695,No,1738446,2,61.35,0.85,Medium Risk
55,Self-Employed,4.2,48478,12786,731,No,1377775,2,26.37,2.368,Medium Risk
31,Salaried,8.9,66566,4715,808,No,883043,4,7.08,1.105,Low Risk
25,Self-Employed,2.3,81089,19398,768,No,340976,6,23.92,0.35,Low Risk
54,Salaried,3.9,127704,38850,556,No,1854952,8,30.42,1.21,Medium Risk
25,Self-Employed,6.7,74127,9967,605,No,2888342,8,13.45,3.247,Low Risk
31,Business Owner,7.7,101346,43768,757,No,2025002,5,43.19,1.665,Low Risk
33,Salaried,14.9,136845,12532,704,No,1135322,9,9.16,0.691,Low Risk
42,Business Owner,17.6,140639,49329,520,No,1307589,11,35.07,0.775,Medium Risk
50,Self-Employed,14.2,97974,29805,589,No,853205,15,30.42,0.726,Medium Risk
60,Business Owner,8.9,120837,77582,593,No,500699,7,64.2,0.345,Medium Risk
65,Salaried,5.2,61400,13996,821,No,2896161,15,22.79,3.931,Low Risk
25,Business Owner,5.2,76952,49302,710,Yes,2418711,2,64.07,2.619,High Risk
44,Salaried,15.2,152224,83457,666,No,791385,5,54.83,0.433,Medium Risk
34,Business Owner,1.2,27003,2635,845,No,1698682,6,9.76,5.242,Medium Risk
46,Salaried,8.2,22814,4857,569,No,2047186,8,21.29,7.478,High Risk
50,Salaried,2.1,192234,39887,724,No,1270805,14,20.75,0.551,Low Risk
31,Salaried,11.0,179118,20659,650,No,1739341,3,11.53,0.809,Low Risk
25,Business Owner,5.5,197571,44970,725,No,1008790,12,22.76,0.425,Low Risk
23,Business Owner,2.9,135882,68333,825,No,2788599,11,50.29,1.71,Medium Risk
63,Salaried,8.1,100825,34138,806,No,1682911,13,33.86,1.391,Low Risk
33,Salaried,5.9,82531,14855,508,No,161068,6,18.0,0.163,Low Risk
33,Business Owner,10.2,77820,52387,549,No,2885474,3,67.32,3.09,Medium Risk
31,Salaried,5.7,48228,27980,665,No,895019,10,58.02,1.547,Medium Risk
34,Business Owner,6.6,132166,16986,609,No,1456302,3,12.85,0.918,Low Risk
21,Self-Employed,2.1,23140,7011,734,No,2859691,14,30.3,10.299,Medium Risk
38,Business Owner,12.7,31518,2955,611,No,2611839,8,9.38,6.906,Medium Risk
27,Business Owner,5.1,169213,27319,548,No,2746077,12,16.14,1.352,Low Risk
45,Business Owner,18.5,54847,14580,825,No,2984108,6,26.58,4.534,Low Risk
63,Self-Employed,1.8,24626,10972,799,No,2243398,11,44.55,7.592,Medium Risk
35,Business Owner,10.2,23484,4725,815,No,620329,5,20.12,2.201,Low Risk
36,Business Owner,8.0,83844,37969,530,No,2191810,5,45.29,2.178,Medium Risk
33,Salaried,5.9,188306,14055,806,Yes,1961122,12,7.46,0.868,Low Risk
42,Salaried,5.9,188716,105970,520,No,1840189,11,56.15,0.813,Medium Risk
39,Salaried,5.0,106840,29143,605,No,2889237,4,27.28,2.254,Low Risk
64,Business Owner,14.5,179400,110736,766,No,1955396,11,61.73,0.908,Low Risk
21,Salaried,2.7,38346,25687,526,No,693628,4,66.99,1.507,High Risk
29,Salaried,2.3,163876,96735,604,No,427845,7,59.03,0.218,Medium Risk
50,Self-Employed,3.7,71782,15017,590,No,1371296,5,20.92,1.592,Medium Risk
57,Self-Employed,19.4,72796,16504,746,No,1608195,7,22.67,1.841,Low Risk
45,Salaried,9.7,130807,49503,721,No,2121657,1,37.84,1.352,Low Risk
45,Self-Employed,17.2,98703,43120,578,No,836936,5,43.69,0.707,Medium Risk
45,Self-Employed,6.5,94245,27693,810,No,1497685,3,29.38,1.324,Low Risk
51,Salaried,3.5,69709,3675,756,No,1669751,8,5.27,1.996,Low Risk
46,Self-Employed,18.8,117817,35301,657,No,2567546,2,29.96,1.816,Low Risk
47,Salaried,19.9,52631,15797,789,No,1929966,5,30.01,3.056,Low Risk
43,Business Owner,14.3,186456,92765,529,No,1878554,12,49.75,0.84,Medium Risk
36,Salaried,8.9,114742,52795,846,No,2892045,11,46.01,2.1,Low Risk
30,Self-Employed,7.5,198537,28944,626,No,2879165,14,14.58,1.208,Low Risk
31,Salaried,2.0,44197,20722,696,No,2558535,15,46.89,4.824,Medium Risk
26,Business Owner,7.3,130872,20650,718,No,1367600,9,15.78,0.871,Low Risk
55,Business Owner,17.8,173637,43442,710,No,472762,2,25.02,0.227,Low Risk
61,Business Owner,15.6,110280,63879,637,No,1769208,12,57.92,1.337,Medium Risk
40,Salaried,19.7,148902,7598,535,No,1852546,9,5.1,1.037,Low Risk
47,Business Owner,6.1,132970,21397,691,No,663429,4,16.09,0.416,Low Risk
52,Salaried,10.3,48898,16769,608,No,347388,12,34.29,0.592,Medium Risk
32,Salaried,4.0,127162,42787,819,No,2769396,3,33.65,1.815,Low Risk
26,Self-Employed,1.1,52684,12112,675,No,1084739,8,22.99,1.716,Medium Risk
52,Business Owner,15.3,22492,2017,503,No,275570,2,8.97,1.021,Medium Risk
34,Business Owner,12.8,118478,52360,636,Yes,2084877,13,44.19,1.466,Medium Risk
42,Business Owner,8.9,117199,57804,675,Yes,1104942,6,49.32,0.786,Medium Risk
63,Self-Employed,7.9,35005,23942,669,No,112938,8,68.4,0.269,Medium Risk
65,Self-Employed,14.6,56402,3762,562,Yes,1272171,12,6.67,1.88,Medium Risk
36,Self-Employed,8.4,199879,95596,743,No,2869198,4,47.83,1.196,Low Risk
21,Business Owner,2.9,104458,6352,684,Yes,1465351,11,6.08,1.169,Medium Risk
49,Salaried,12.3,124900,66257,541,No,2097000,11,53.05,1.399,Medium Risk
65,Salaried,14.8,97034,43147,573,Yes,2498691,13,44.47,2.146,High Risk
53,Salaried,3.0,42830,10531,844,Yes,2057913,3,24.59,4.004,Medium Risk
49,Salaried,9.9,161732,33412,608,No,2867171,12,20.66,1.477,Low Risk
26,Salaried,3.8,27660,4264,667,Yes,1275906,4,15.42,3.844,High Risk
37,Business Owner,9.3,195794,25456,569,Yes,2757293,12,13.0,1.174,Medium Risk
52,Salaried,16.0,107241,66142,794,No,2619432,2,61.68,2.035,Low Risk
62,Self-Employed,7.9,120047,57028,787,Yes,1932752,13,47.5,1.342,Medium Risk
35,Salaried,4.8,96277,10301,545,No,2583868,15,10.7,2.236,Medium Risk
33,Business Owner,14.2,170166,49183,660,Yes,2519764,12,28.9,1.234,Medium Risk
21,Self-Employed,0.7,160405,27815,698,Yes,1440679,13,17.34,0.748,Medium Risk
44,Business Owner,18.7,53110,20598,808,No,547053,7,38.78,0.858,Low Risk
21,Business Owner,2.6,102818,14811,651,No,2196450,11,14.41,1.78,Low Risk
50,Salaried,12.2,58239,31192,517,No,1395584,9,53.56,1.997,Medium Risk
65,Salaried,5.8,170463,61517,610,No,1680030,1,36.09,0.821,Low Risk
42,Salaried,16.6,75210,45220,615,No,320479,15,60.12,0.355,Medium Risk
32,Self-Employed,10.3,98407,67886,837,Yes,767704,1,68.98,0.65,Medium Risk
56,Self-Employed,7.1,197707,70725,678,No,1740237,2,35.77,0.734,Low Risk
54,Business Owner,6.0,71142,35978,780,No,649037,6,50.57,0.76,Low Risk
58,Salaried,17.1,99711,34639,583,No,1953394,12,34.74,1.633,Medium Risk
51,Self-Employed,18.0,74988,14382,600,No,138304,6,19.18,0.154,Low Risk
57,Salaried,13.7,58693,17300,718,No,805578,15,29.48,1.144,Low Risk
24,Salaried,2.5,144223,24051,526,No,2261891,11,16.68,1.307,Medium Risk
42,Business Owner,9.0,58946,26970,706,No,598293,4,45.75,0.846,Low Risk
46,Self-Employed,6.4,176278,118188,834,No,2913270,11,67.05,1.377,Low Risk
26,Self-Employed,7.0,190475,56831,823,No,1640664,1,29.84,0.718,Low Risk
28,Salaried,1.3,148245,69218,760,No,2561429,10,46.69,1.44,Low Risk
57,Self-Employed,5.8,44786,25363,592,No,2803634,12,56.63,5.217,High Risk
48,Self-Employed,11.6,46067,12042,775,No,182822,7,26.14,0.331,Low Risk
56,Business Owner,15.8,158959,58428,765,No,2360653,12,36.76,1.238,Low Risk
62,Salaried,15.2,74385,50410,560,No,2612818,12,67.77,2.927,Medium Risk
32,Salaried,8.0,102390,13309,565,No,2837372,3,13.0,2.309,Low Risk
26,Business Owner,2.4,29176,3063,563,No,1624879,9,10.5,4.641,High Risk
31,Self-Employed,12.7,192532,9637,653,No,2278702,15,5.01,0.986,Low Risk
39,Business Owner,10.9,56662,24087,660,No,1576886,10,42.51,2.319,Medium Risk
55,Business Owner,4.6,45954,22090,522,No,888838,3,48.07,1.612,Medium Risk
40,Salaried,19.2,177848,72712,802,No,638934,12,40.88,0.299,Low Risk
60,Self-Employed,2.0,86838,19056,832,Yes,1777970,8,21.94,1.706,Medium Risk
26,Self-Employed,5.6,57550,22924,536,No,1229944,11,39.83,1.781,Medium Risk
65,Business Owner,4.3,117554,48946,831,No,2637321,3,41.64,1.87,Low Risk
47,Salaried,6.7,133672,39609,809,No,1232987,2,29.63,0.769,Low Risk
55,Salaried,13.8,126635,11761,827,No,1498873,13,9.29,0.986,Low Risk
38,Salaried,17.4,79183,18043,550,No,1032081,7,22.79,1.086,Medium Risk
27,Salaried,2.0,100360,43430,750,No,1563393,12,43.27,1.298,Low Risk
57,Self-Employed,11.3,179243,20504,524,No,1733947,3,11.44,0.806,Low Risk
43,Business Owner,13.7,159377,65119,706,No,635076,5,40.86,0.332,Low Risk
21,Business Owner,1.8,60761,29008,573,No,1221430,1,47.74,1.675,Medium Risk
61,Self-Employed,14.3,85303,41870,714,No,867996,8,49.08,0.848,Low Risk
43,Self-Employed,10.3,92305,61771,766,Yes,1059506,5,66.92,0.957,Medium Risk
61,Salaried,19.0,126565,69722,546,No,421674,12,55.09,0.278,Medium Risk
36,Salaried,3.4,35050,3680,646,No,2167164,13,10.5,5.153,Medium Risk
21,Self-Employed,2.2,55763,20174,763,No,2938596,15,36.18,4.391,Medium Risk
55,Business Owner,2.9,23643,10653,503,No,2341120,12,45.06,8.252,High Risk
43,Salaried,19.9,193322,129152,770,No,277653,10,66.81,0.12,Low Risk
49,Salaried,13.7,157236,100233,589,No,659179,9,63.75,0.349,Medium Risk
43,Salaried,8.7,119377,19198,557,No,2948197,4,16.08,2.058,Low Risk
55,Salaried,6.2,146648,35313,609,No,2747345,10,24.08,1.561,Low Risk
46,Salaried,18.5,188551,72610,518,Yes,2691025,14,38.51,1.189,Medium Risk
52,Salaried,7.4,181357,63335,652,No,121619,6,34.92,0.056,Low Risk
32,Self-Employed,5.3,46565,15367,601,No,2257208,15,33.0,4.04,Medium Risk
30,Self-Employed,1.9,147772,8052,836,No,2074253,7,5.45,1.17,Low Risk
44,Self-Employed,7.6,67757,27013,637,No,1939504,11,39.87,2.385,Medium Risk
49,Salaried,3.2,133760,7193,601,No,1294956,1,5.38,0.807,Low Risk
29,Self-Employed,4.9,106825,67903,582,No,2110308,11,63.56,1.646,Medium Risk
38,Salaried,8.7,164211,61106,849,No,1462677,13,37.21,0.742,Low Risk
46,Business Owner,14.7,121934,16512,555,No,629000,3,13.54,0.43,Low Risk
43,Business Owner,0.8,199421,40628,847,No,1902145,10,20.37,0.795,Low Risk
21,Self-Employed,1.7,93983,34384,719,No,739613,12,36.59,0.656,Medium Risk
53,Salaried,5.4,50151,30678,626,No,1900023,4,61.17,3.157,Medium Risk
51,Business Owner,15.8,47017,23779,757,No,891335,14,50.58,1.58,Medium Risk
58,Business Owner,12.9,80131,10281,705,No,906050,15,12.83,0.942,Low Risk
30,Self-Employed,0.7,72335,7892,526,No,2301888,5,10.91,2.652,Medium Risk
65,Business Owner,19.6,78137,20981,745,No,1891273,11,26.85,2.017,Low Risk
24,Self-Employed,1.1,115309,26793,679,No,1135861,6,23.24,0.821,Low Risk
24,Salaried,0.7,33665,16135,664,No,2079955,5,47.93,5.149,High Risk
59,Salaried,8.9,86129,57398,686,No,567784,2,66.64,0.549,Medium Risk
63,Salaried,13.8,54159,14368,685,No,2570072,9,26.53,3.955,Low Risk
59,Self-Employed,5.1,92337,17223,696,No,546129,3,18.65,0.493,Low Risk
61,Business Owner,12.2,30758,13265,835,No,909196,12,43.13,2.463,Low Risk
49,Salaried,2.0,163282,73862,654,No,947245,9,45.24,0.483,Medium Risk
30,Salaried,2.0,129631,52866,629,Yes,2450261,6,40.78,1.575,High Risk
44,Self-Employed,12.8,50783,32605,534,No,2296820,15,64.2,3.769,Medium Risk
53,Salaried,3.8,91866,46196,566,No,2474709,1,50.29,2.245,High Risk
65,Salaried,14.9,124200,46173,772,Yes,414512,3,37.18,0.278,Medium Risk
49,Business Owner,8.0,122300,37980,639,No,115101,3,31.05,0.078,Low Risk
57,Salaried,12.0,22322,13872,762,No,2302316,5,62.14,8.595,Medium Risk
40,Salaried,6.3,90389,36960,587,No,2337937,4,40.89,2.155,Medium Risk
39,Salaried,13.0,92812,60579,638,Yes,316090,11,65.27,0.284,High Risk
36,Salaried,9.9,20366,9605,823,No,1648160,6,47.16,6.744,Medium Risk
26,Business Owner,7.1,89216,46334,709,Yes,1336880,6,51.93,1.249,Medium Risk
24,Business Owner,5.0,113187,21792,643,No,165592,9,19.25,0.122,Low Risk
63,Business Owner,2.6,120134,79850,631,Yes,2760470,10,66.47,1.915,High Risk
56,Salaried,16.4,77839,20298,604,No,1758693,3,26.08,1.883,Low Risk
49,Salaried,14.7,133745,38735,745,No,861322,8,28.96,0.537,Low Risk
32,Salaried,3.0,148586,98539,592,No,188278,5,66.32,0.106,Medium Risk
31,Salaried,10.7,179336,30864,573,No,1128669,8,17.21,0.524,Low Risk
62,Self-Employed,2.5,158091,22012,506,No,1684923,7,13.92,0.888,Medium Risk
22,Salaried,3.4,188947,124240,567,No,450625,5,65.75,0.199,Medium Risk
30,Business Owner,7.4,22463,15105,554,No,1519310,14,67.24,5.636,High Risk
26,Salaried,1.5,167548,105564,583,No,2108687,3,63.01,1.049,Medium Risk
36,Salaried,10.0,90112,41259,563,No,286754,2,45.79,0.265,Medium Risk
55,Self-Employed,2.5,128864,18324,614,No,1891535,7,14.22,1.223,Low Risk
30,Self-Employed,8.0,79214,51418,850,No,571476,8,64.91,0.601,Low Risk
31,Salaried,3.3,93875,26496,815,No,1612019,15,28.22,1.431,Low Risk
26,Salaried,5.0,66679,21911,671,No,2949749,7,32.86,3.687,Low Risk
30,Business Owner,8.4,183776,106850,678,Yes,1237047,15,58.14,0.561,Medium Risk
52,Business Owner,7.7,89573,51681,539,No,723453,13,57.7,0.673,Medium Risk
62,Salaried,6.7,122393,41657,744,No,574644,10,34.04,0.391,Low Risk
48,Business Owner,5.9,43710,11364,565,No,1714880,6,26.0,3.269,Medium Risk
41,Self-Employed,8.8,128513,56691,825,No,2842882,15,44.11,1.843,Low Risk
36,Self-Employed,7.8,150312,60153,752,No,1065170,7,40.02,0.591,Low Risk
26,Business Owner,5.9,158135,67305,612,No,1086471,6,42.56,0.573,Low Risk
21,Salaried,3.0,24496,6995,742,Yes,562029,1,28.56,1.912,Medium Risk
43,Self-Employed,17.1,56529,13655,573,No,2413160,15,24.16,3.557,Medium Risk
47,Salaried,4.6,78874,6808,570,No,700106,7,8.63,0.74,Medium Risk
22,Business Owner,3.9,117434,10000,554,No,409415,8,8.52,0.291,Low Risk
59,Salaried,1.1,115746,16416,625,No,2487327,14,14.18,1.791,Low Risk
47,Salaried,15.4,143146,76342,770,No,1356226,8,53.33,0.79,Low Risk
47,Business Owner,7.1,189042,94882,646,No,351661,15,50.19,0.155,Medium Risk
62,Salaried,12.3,65503,24704,505,No,1876794,11,37.71,2.388,Medium Risk
50,Business Owner,14.4,87647,56747,756,No,1053427,7,64.74,1.002,Low Risk
31,Self-Employed,12.7,156708,46294,564,No,1779409,10,29.54,0.946,Low Risk
24,Salaried,2.7,166615,73861,539,No,2064763,8,44.33,1.033,Medium Risk
41,Business Owner,13.0,119737,18815,690,No,916759,5,15.71,0.638,Low Risk
27,Salaried,1.2,178122,99075,671,No,1283661,3,55.62,0.601,Medium Risk
55,Salaried,1.8,176529,10086,658,No,946099,11,5.71,0.447,Low Risk
23,Salaried,1.7,169454,70682,788,Yes,2129233,1,41.71,1.047,Medium Risk
24,Self-Employed,1.0,100898,5601,682,No,1769905,9,5.55,1.462,Low Risk
33,Self-Employed,11.4,113280,77371,845,No,1808283,15,68.3,1.33,Low Risk
53,Salaried,10.3,59370,3883,695,No,256901,5,6.54,0.361,Low Risk
31,Salaried,9.0,40644,25418,547,Yes,1071275,15,62.54,2.196,High Risk
34,Business Owner,10.6,62217,43286,756,No,2653236,11,69.57,3.554,Medium Risk
54,Self-Employed,9.2,54392,14706,684,No,1907331,1,27.04,2.922,Low Risk
64,Self-Employed,5.2,180009,80009,578,No,2186761,2,44.45,1.012,Medium Risk
21,Salaried,2.4,101144,41028,544,No,2007602,6,40.56,1.654,Medium Risk
31,Self-Employed,2.5,93431,39683,680,No,851561,12,42.47,0.76,Medium Risk
50,Self-Employed,19.7,87115,47569,726,No,689078,2,54.6,0.659,Medium Risk
57,Self-Employed,1.3,95137,29551,817,Yes,640999,8,31.06,0.561,Medium Risk
44,Business Owner,17.0,102220,29940,849,No,1987823,5,29.29,1.621,Low Risk
64,Salaried,12.6,188785,16441,625,No,2452167,1,8.71,1.082,Low Risk
30,Salaried,3.8,61472,25854,537,No,2038936,11,42.06,2.764,Medium Risk
26,Self-Employed,4.0,188423,74959,738,No,856121,12,39.78,0.379,Low Risk
27,Self-Employed,7.0,72290,22481,533,No,2634909,8,31.1,3.037,Medium Risk
34,Business Owner,12.0,49969,11540,519,No,2071186,3,23.09,3.454,Medium Risk
61,Salaried,6.7,28211,19524,694,No,1616210,13,69.21,4.774,High Risk
48,Self-Employed,4.7,75441,46337,850,No,1157263,11,61.42,1.278,Medium Risk
32,Salaried,2.4,91802,28761,652,Yes,1993396,14,31.33,1.81,Medium Risk
47,Business Owner,4.7,88012,14931,527,No,1897403,6,16.96,1.797,Medium Risk
40,Salaried,4.4,129864,47148,774,No,773979,12,36.31,0.497,Low Risk
48,Self-Employed,18.3,169505,51350,505,No,2604539,4,30.29,1.28,Low Risk
25,Business Owner,4.8,181615,26153,840,Yes,1427561,1,14.4,0.655,Low Risk
30,Self-Employed,11.2,150926,92336,558,No,2926731,7,61.18,1.616,Medium Risk
37,Business Owner,13.9,138111,91590,564,No,2779809,10,66.32,1.677,Medium Risk
27,Salaried,2.4,69193,22357,779,No,2620539,7,32.31,3.156,Low Risk
34,Self-Employed,3.8,70111,47790,795,Yes,1652967,14,68.16,1.965,Medium Risk
44,Salaried,6.4,100469,37812,563,No,2821732,8,37.64,2.34,Medium Risk
47,Self-Employed,7.4,162204,53009,671,No,837416,8,32.68,0.43,Low Risk
48,Self-Employed,3.9,175947,27400,723,No,2866586,12,15.57,1.358,Low Risk
64,Self-Employed,12.9,182627,120467,550,Yes,535419,2,65.96,0.244,High Risk
62,Salaried,12.5,127814,15004,819,Yes,518180,11,11.74,0.338,Low Risk
49,Business Owner,11.8,28555,13821,715,No,2006855,9,48.4,5.857,Medium Risk
45,Salaried,4.3,143096,95568,679,Yes,2045935,7,66.79,1.191,High Risk
62,Business Owner,15.8,123758,6800,691,No,2228864,5,5.49,1.501,Low Risk
38,Business Owner,5.7,128715,62767,502,Yes,1838776,1,48.76,1.19,Medium Risk
21,Salaried,0.9,118148,70475,765,No,2616354,6,59.65,1.845,Medium Risk
42,Salaried,19.2,132727,27500,700,No,2802953,7,20.72,1.76,Low Risk
24,Business Owner,2.9,186795,56742,588,No,1434312,9,30.38,0.64,Medium Risk
31,Self-Employed,3.4,53116,20065,823,No,1744218,14,37.78,2.736,Low Risk
61,Self-Employed,16.8,61694,41129,604,No,207542,7,66.67,0.28,Medium Risk
21,Business Owner,2.4,60120,4093,778,Yes,430395,10,6.81,0.597,Medium Risk
45,Salaried,15.0,54222,37371,824,No,1602069,3,68.92,2.462,Medium Risk
36,Business Owner,16.2,97836,17218,625,No,1685895,13,17.6,1.436,Low Risk
37,Business Owner,1.5,41748,27459,821,No,2529989,14,65.77,5.05,Medium Risk
27,Salaried,4.4,176210,22862,572,No,857607,2,12.97,0.406,Low Risk
25,Self-Employed,6.0,74518,22655,751,No,1835372,2,30.4,2.052,Low Risk
52,Business Owner,2.0,130076,38231,660,No,1991121,13,29.39,1.276,Low Risk
31,Salaried,4.2,66839,32001,823,No,231912,2,47.88,0.289,Low Risk
42,Self-Employed,9.9,180957,79620,502,No,1167454,15,44.0,0.538,Medium Risk
28,Salaried,6.3,160497,10428,762,No,1007255,14,6.5,0.523,Low Risk
44,Salaried,18.0,27732,7291,612,No,630916,5,26.29,1.896,Medium Risk
38,Self-Employed,4.4,44109,12199,782,No,2058923,12,27.66,3.89,Low Risk
52,Self-Employed,10.5,124842,81088,628,No,2981727,14,64.95,1.99,Medium Risk
38,Self-Employed,2.5,174030,43948,605,Yes,2146114,7,25.25,1.028,Medium Risk
49,Self-Employed,12.1,91217,52936,818,No,1706610,7,58.03,1.559,Low Risk
33,Business Owner,5.6,185858,108276,730,No,241599,9,58.26,0.108,Low Risk
37,Business Owner,8.1,178304,104726,830,Yes,2325070,6,58.73,1.087,Medium Risk
46,Salaried,2.7,104588,34420,595,No,404675,4,32.91,0.322,Medium Risk
63,Self-Employed,7.8,102431,13265,663,No,1479378,4,12.95,1.204,Low Risk
50,Business Owner,16.0,80987,33615,697,No,989927,9,41.51,1.019,Low Risk
34,Salaried,9.2,179358,119287,843,No,2810653,7,66.51,1.306,Low Risk
64,Self-Employed,6.7,103917,18580,525,No,2191493,1,17.88,1.757,Low Risk
38,Self-Employed,2.8,138694,22363,667,No,1091625,10,16.12,0.656,Low Risk
22,Self-Employed,0.6,170931,118313,736,No,1789510,1,69.22,0.872,Medium Risk
55,Business Owner,1.3,189024,11451,740,No,1840966,12,6.06,0.812,Low Risk
40,Self-Employed,6.7,110655,34328,784,No,2171225,10,31.02,1.635,Low Risk
24,Self-Employed,2.1,139165,51584,828,Yes,609242,14,37.07,0.365,Medium Risk
44,Business Owner,2.5,78724,6384,505,No,1454168,14,8.11,1.539,Medium Risk
65,Business Owner,9.0,64614,6927,688,No,2354683,1,10.72,3.037,Low Risk
65,Salaried,5.6,31292,3818,655,No,1481305,12,12.2,3.945,Low Risk
60,Self-Employed,5.8,64653,42099,798,No,629693,6,65.12,0.812,Low Risk
30,Business Owner,10.7,128342,59549,842,No,2312868,4,46.4,1.502,Low Risk
57,Self-Employed,13.4,93542,24250,747,No,1206507,13,25.92,1.075,Low Risk
39,Business Owner,2.1,166411,98699,624,No,963570,12,59.31,0.483,Medium Risk
25,Salaried,6.8,35798,6734,843,No,1715059,4,18.81,3.992,Low Risk
52,Salaried,7.1,174802,95274,763,Yes,1407890,12,54.5,0.671,Medium Risk
50,Business Owner,3.5,152254,18069,566,No,1625232,7,11.87,0.89,Low Risk
49,Business Owner,10.5,124911,21506,642,No,2978408,5,17.22,1.987,Low Risk
57,Business Owner,2.5,140836,87252,556,No,2032931,3,61.95,1.203,Medium Risk
38,Salaried,9.8,159168,54788,635,No,2408143,2,34.42,1.261,Low Risk
43,Self-Employed,4.6,124052,46696,760,No,1951116,5,37.64,1.311,Low Risk
44,Salaried,1.5,120275,63241,716,No,894609,7,52.58,0.62,Medium Risk
32,Business Owner,4.2,179238,66471,721,No,309176,11,37.09,0.144,Low Risk
36,Salaried,4.3,33929,21436,794,No,376183,9,63.18,0.924,Medium Risk
27,Self-Employed,2.4,182587,92149,707,No,524900,4,50.47,0.24,Medium Risk
65,Self-Employed,10.2,64834,36354,677,No,2601119,5,56.07,3.343,Medium Risk
21,Salaried,1.0,183084,65891,656,Yes,2985412,4,35.99,1.359,Medium Risk
31,Self-Employed,9.0,63685,10939,733,No,153413,11,17.18,0.201,Low Risk
51,Self-Employed,7.0,66534,45465,539,No,140826,10,68.33,0.176,Medium Risk
43,Self-Employed,11.9,148006,91407,741,No,172942,10,61.76,0.097,Low Risk
64,Self-Employed,16.8,157696,59459,575,No,519398,5,37.7,0.274,Medium Risk
42,Self-Employed,10.1,111955,77626,631,No,1163410,6,69.34,0.866,Medium Risk
50,Salaried,16.6,98940,50618,765,No,2598729,8,51.16,2.189,Medium Risk
28,Self-Employed,7.0,187719,11915,710,Yes,2865585,3,6.35,1.272,Low Risk
43,Self-Employed,1.1,171410,91132,720,No,474442,4,53.17,0.231,Medium Risk
45,Business Owner,2.6,91807,56934,847,No,1984372,15,62.01,1.801,Medium Risk
54,Salaried,5.7,198013,54800,669,No,1850259,5,27.67,0.779,Low Risk
40,Salaried,1.3,156335,79136,813,No,2008524,10,50.62,1.071,Medium Risk
43,Self-Employed,2.6,22184,8304,850,No,2955998,3,37.43,11.104,Medium Risk
54,Self-Employed,12.7,194147,30228,749,No,1336173,1,15.57,0.574,Low Risk
50,Salaried,4.7,175470,22852,750,No,1904904,6,13.02,0.905,Low Risk
63,Salaried,1.5,56102,15576,645,No,2205512,11,27.76,3.276,Medium Risk
56,Salaried,19.1,90954,12981,600,No,438555,5,14.27,0.402,Low Risk
35,Salaried,8.3,112964,23911,847,No,1872358,7,21.17,1.381,Low Risk
27,Self-Employed,8.3,176510,44477,788,No,1452578,13,25.2,0.686,Low Risk
58,Salaried,13.8,72299,15364,713,No,1362746,5,21.25,1.571,Low Risk
26,Self-Employed,4.7,184710,64602,593,No,1932461,2,34.97,0.872,Medium Risk
29,Business Owner,5.1,102119,38548,850,No,2064523,6,37.75,1.685,Low Risk
48,Self-Employed,8.7,127546,44620,786,No,1865460,2,34.98,1.219,Low Risk
29,Business Owner,10.0,83608,35718,691,No,2378637,15,42.72,2.371,Medium Risk
57,Self-Employed,1.5,122933,16210,843,No,2272684,8,13.19,1.541,Low Risk
24,Salaried,0.8,190362,22764,804,No,1318767,10,11.96,0.577,Low Risk
51,Business Owner,7.0,35955,4636,799,No,322383,12,12.89,0.747,Low Risk
34,Business Owner,2.7,149841,20777,845,No,749175,5,13.87,0.417,Low Risk
61,Self-Employed,14.5,21691,12443,819,No,581123,2,57.36,2.233,Medium Risk
21,Salaried,2.0,51728,20064,626,No,2087019,1,38.79,3.362,Medium Risk
53,Self-Employed,8.1,51932,12721,747,Yes,1085358,14,24.5,1.742,Medium Risk
55,Self-Employed,16.5,198604,66619,836,No,1913422,3,33.54,0.803,Low Risk
61,Salaried,4.1,192350,39709,761,No,2392946,4,20.64,1.037,Low Risk
51,Self-Employed,6.2,194990,22426,801,No,2900535,5,11.5,1.24,Low Risk
46,Self-Employed,14.1,48137,16924,717,No,1288758,8,35.16,2.231,Medium Risk
28,Business Owner,4.2,172184,42494,830,No,2856460,10,24.68,1.382,Low Risk
49,Salaried,18.2,112989,76360,739,Yes,2022459,5,67.58,1.492,Medium Risk
21,Salaried,1.4,151912,28409,768,No,363258,3,18.7,0.199,Low Risk
62,Salaried,7.4,167625,45349,571,No,2861714,5,27.05,1.423,Low Risk
46,Salaried,18.4,189118,68921,741,No,856545,10,36.44,0.377,Low Risk
53,Business Owner,10.7,53927,27155,801,Yes,1560017,10,50.36,2.411,Medium Risk
60,Self-Employed,1.8,27738,16749,581,No,2890306,2,60.38,8.683,High Risk
52,Business Owner,9.8,80695,55507,621,No,829800,12,68.79,0.857,Medium Risk
45,Self-Employed,18.5,36233,16223,558,No,405687,8,44.77,0.933,Medium Risk
44,Business Owner,12.8,27722,18028,664,No,1985380,7,65.03,5.968,High Risk
29,Business Owner,6.5,72359,12823,751,No,1299945,4,17.72,1.497,Low Risk
33,Business Owner,2.9,158550,91267,598,No,201682,11,57.56,0.106,Medium Risk
63,Salaried,4.5,56847,35850,684,No,2483602,9,63.06,3.641,Medium Risk
25,Self-Employed,1.7,188357,74081,597,No,2492305,14,39.33,1.103,Medium Risk
51,Business Owner,7.4,182130,115624,570,No,1940788,7,63.48,0.888,Medium Risk
61,Self-Employed,17.5,169199,17054,764,No,594623,8,10.08,0.293,Low Risk
35,Salaried,10.4,106748,6902,648,Yes,1154371,7,6.47,0.901,Medium Risk
43,Salaried,17.5,61382,41695,538,No,1112498,14,67.93,1.51,Medium Risk
54,Business Owner,10.3,124653,56358,779,No,565041,10,45.21,0.378,Low Risk
51,Self-Employed,13.2,28460,7676,633,No,349107,3,26.97,1.022,Medium Risk
34,Business Owner,13.2,106405,69239,839,Yes,361424,4,65.07,0.283,Medium Risk
52,Salaried,16.2,167811,107032,518,No,396801,7,63.78,0.197,Medium Risk
59,Business Owner,12.4,41127,25782,745,Yes,1234594,12,62.69,2.502,High Risk
23,Salaried,0.7,153065,30063,679,No,1372628,13,19.64,0.747,Low Risk
35,Salaried,15.9,26908,14876,600,No,1691270,11,55.28,5.238,High Risk
64,Business Owner,0.9,146398,12282,693,No,1902370,12,8.39,1.083,Low Risk
48,Business Owner,3.2,134806,17079,815,Yes,1642281,6,12.67,1.015,Low Risk
33,Self-Employed,6.8,35184,7206,547,No,1052635,7,20.48,2.493,Medium Risk
55,Business Owner,1.4,23905,14764,627,No,421332,1,61.76,1.469,High Risk
29,Self-Employed,2.4,31460,7997,808,No,1124435,5,25.42,2.978,Medium Risk
29,Business Owner,4.7,192381,24922,539,No,2380217,4,12.95,1.031,Low Risk
52,Business Owner,14.8,113574,71945,612,No,1369695,6,63.35,1.005,Medium Risk
56,Self-Employed,17.4,84017,32972,636,No,2370876,9,39.24,2.352,Medium Risk
27,Salaried,3.4,127697,64944,818,No,429026,4,50.86,0.28,Low Risk
29,Business Owner,2.9,164956,30847,690,No,695428,1,18.7,0.351,Low Risk
36,Business Owner,8.2,138951,93025,510,No,241583,5,66.95,0.145,Medium Risk
38,Business Owner,8.0,42149,3744,812,No,179056,14,8.88,0.354,Low Risk
45,Self-Employed,9.2,78837,14484,594,No,2333433,1,18.37,2.467,Medium Risk
63,Self-Employed,1.1,111174,73285,811,No,1510201,15,65.92,1.132,Medium Risk
37,Business Owner,4.5,27168,7379,818,No,1893271,13,27.16,5.807,Medium Risk
24,Salaried,3.5,197725,46826,773,No,2501669,12,23.68,1.054,Low Risk
57,Business Owner,5.6,119953,42435,621,No,163683,5,35.38,0.114,Low Risk
64,Self-Employed,2.2,85518,47152,651,No,1755077,1,55.14,1.71,Medium Risk
60,Self-Employed,7.6,192813,41037,834,No,2650133,1,21.28,1.145,Low Risk
28,Self-Employed,5.9,104145,61800,591,No,172421,8,59.34,0.138,Medium Risk
21,Self-Employed,0.6,114037,41297,784,No,345722,10,36.21,0.253,Low Risk
26,Self-Employed,7.2,164558,41817,532,No,1182159,13,25.41,0.599,Low Risk
38,Self-Employed,17.4,53350,10554,589,No,2691867,11,19.78,4.205,Medium Risk
24,Salaried,1.1,30093,5109,759,Yes,2532237,6,16.98,7.012,High Risk
23,Business Owner,3.7,35941,24030,632,Yes,167604,11,66.86,0.389,High Risk
43,Business Owner,14.5,177438,35941,555,No,1961485,2,20.26,0.921,Low Risk
53,Salaried,5.1,105403,44347,848,No,2792269,7,42.07,2.208,Low Risk
39,Salaried,1.0,179112,100716,671,Yes,2834594,6,56.23,1.319,High Risk
51,Self-Employed,12.6,62025,17950,648,Yes,2579787,1,28.94,3.466,Medium Risk
27,Business Owner,2.3,102078,38996,760,No,1543061,4,38.2,1.26,Low Risk
45,Business Owner,1.1,59341,17666,832,No,424267,15,29.77,0.596,Low Risk
35,Business Owner,8.8,170585,78420,714,No,608527,14,45.97,0.297,Low Risk
54,Salaried,12.3,192804,75365,725,No,917988,14,39.09,0.397,Low Risk
57,Self-Employed,18.3,106162,22081,685,No,1420435,12,20.8,1.115,Low Risk
28,Business Owner,2.8,127459,36354,680,No,420628,15,28.52,0.275,Low Risk
44,Business Owner,9.9,80384,27478,714,No,625467,15,34.18,0.648,Low Risk
55,Salaried,15.6,126854,61926,840,No,1191689,13,48.82,0.783,Low Risk
39,Self-Employed,6.6,41366,13052,758,Yes,2515968,8,31.55,5.069,Medium Risk
61,Salaried,18.0,139031,8353,561,No,2426071,12,6.01,1.454,Low Risk
51,Business Owner,2.5,28932,17128,512,No,406245,3,59.2,1.17,High Risk
53,Business Owner,18.4,130718,36645,705,No,1112651,12,28.03,0.709,Low Risk
39,Salaried,7.1,108248,47030,815,No,289740,2,43.45,0.223,Low Risk
43,Self-Employed,18.3,185368,63459,723,No,2101127,12,34.23,0.945,Low Risk
29,Business Owner,2.4,174549,112693,760,No,132647,10,64.56,0.063,Medium Risk
58,Self-Employed,13.6,138889,41194,724,No,2566589,5,29.66,1.54,Low Risk
27,Salaried,3.0,109421,8905,765,Yes,2531975,9,8.14,1.928,Low Risk
48,Self-Employed,6.8,103513,56129,573,No,983658,7,54.22,0.792,Medium Risk
54,Self-Employed,11.7,181343,46123,677,No,597239,5,25.43,0.274,Low Risk
38,Self-Employed,9.1,64386,15292,632,Yes,545097,15,23.75,0.706,Medium Risk
35,Business Owner,5.1,45159,8329,760,No,214714,10,18.44,0.396,Low Risk
23,Business Owner,2.9,71152,3866,513,No,1282112,10,5.43,1.502,Medium Risk
48,Business Owner,9.2,53076,31324,651,Yes,603067,8,59.02,0.947,High Risk
48,Self-Employed,5.6,55866,38855,842,No,1583614,13,69.55,2.362,Medium Risk
26,Business Owner,6.4,39490,10371,759,No,2001966,11,26.26,4.225,Low Risk
53,Business Owner,15.7,102525,64588,519,No,2286477,6,63.0,1.858,Medium Risk
33,Business Owner,10.1,184123,13471,824,No,1131436,3,7.32,0.512,Low Risk
58,Self-Employed,17.5,77726,37905,635,No,2132170,14,48.77,2.286,Medium Risk
32,Business Owner,7.2,54548,9768,545,Yes,998374,1,17.91,1.525,Medium Risk
48,Salaried,10.1,180226,33442,591,No,2985604,5,18.56,1.38,Low Risk
60,Self-Employed,12.8,81529,37871,747,No,855244,15,46.45,0.874,Low Risk
40,Salaried,17.6,195105,71270,822,No,1597902,9,36.53,0.682,Low Risk
51,Self-Employed,2.4,49456,33427,647,No,1975579,6,67.59,3.329,High Risk
36,Business Owner,7.9,66188,23303,663,No,1557850,12,35.21,1.961,Low Risk
46,Business Owner,3.0,146809,87510,750,No,2982417,4,59.61,1.693,Low Risk
22,Self-Employed,1.4,76388,48000,709,No,1455565,5,62.84,1.588,Medium Risk
64,Self-Employed,8.5,135854,44340,633,Yes,1225404,8,32.64,0.752,Medium Risk
35,Self-Employed,11.0,31961,8007,709,No,798499,9,25.05,2.082,Low Risk
34,Business Owner,2.2,180773,80803,566,No,183550,12,44.7,0.085,Medium Risk
22,Self-Employed,0.8,107369,69033,783,No,306423,9,64.3,0.238,Medium Risk
34,Self-Employed,8.8,61154,36374,702,Yes,1061898,5,59.48,1.447,Medium Risk
31,Self-Employed,4.6,76522,31330,627,Yes,251309,14,40.94,0.274,High Risk
22,Business Owner,0.9,124316,70161,521,No,1364441,1,56.44,0.915,High Risk
35,Business Owner,13.2,84830,6104,563,No,1684846,11,7.2,1.655,Low Risk
46,Salaried,16.5,90778,55401,539,No,1842230,1,61.03,1.691,Medium Risk
21,Business Owner,2.6,178563,115590,548,No,1740492,4,64.73,0.812,Medium Risk
59,Self-Employed,15.8,131451,50350,511,No,2024789,4,38.3,1.284,Medium Risk
27,Self-Employed,8.7,171047,60963,649,No,1032196,7,35.64,0.503,Low Risk
56,Self-Employed,9.9,159776,60601,695,No,2184715,12,37.93,1.139,Low Risk
46,Self-Employed,15.4,48391,16645,795,Yes,1766600,13,34.4,3.042,Medium Risk
35,Self-Employed,6.6,167627,20252,659,No,2742050,2,12.08,1.363,Low Risk
27,Business Owner,1.9,148401,64661,542,No,2685740,14,43.57,1.508,Medium Risk
51,Business Owner,14.6,168541,91750,530,No,1157064,7,54.44,0.572,Medium Risk
40,Business Owner,7.1,59482,4386,789,No,123369,5,7.37,0.173,Low Risk
65,Salaried,15.2,148116,59933,660,Yes,1088762,6,40.46,0.613,Medium Risk
50,Business Owner,9.9,165439,100607,541,Yes,1885523,12,60.81,0.95,High Risk
25,Self-Employed,1.3,23571,3662,562,No,1935432,14,15.54,6.843,High Risk
28,Salaried,8.9,149809,24115,768,No,2394641,7,16.1,1.332,Low Risk
46,Salaried,6.3,134158,93539,846,No,1452185,10,69.72,0.902,Low Risk
44,Business Owner,13.2,57097,13625,850,No,2675301,12,23.86,3.905,Low Risk
44,Business Owner,12.3,143760,50441,669,Yes,667653,3,35.09,0.387,Medium Risk
54,Business Owner,16.7,22574,5790,591,No,381219,1,25.65,1.407,Medium Risk
40,Business Owner,4.2,44601,17819,669,No,2721325,8,39.95,5.085,Medium Risk
59,Salaried,1.8,186813,77238,615,No,159263,15,41.35,0.071,Medium Risk
33,Self-Employed,4.6,131716,56625,656,No,1791430,15,42.99,1.133,Low Risk
37,Business Owner,10.5,192849,35037,803,No,1007821,5,18.17,0.435,Low Risk
32,Self-Employed,8.1,53214,30224,800,No,1706194,6,56.8,2.672,Medium Risk
57,Business Owner,12.3,181451,87917,742,No,111202,13,48.45,0.051,Low Risk
35,Salaried,2.0,181198,26313,584,No,101035,6,14.52,0.046,Medium Risk
25,Salaried,1.4,135261,44165,741,No,2198725,13,32.65,1.355,Low Risk
28,Salaried,5.8,118909,65762,742,No,2289366,6,55.3,1.604,Low Risk
54,Salaried,17.7,76072,51043,824,No,699298,14,67.1,0.766,Low Risk
48,Business Owner,9.1,85677,42452,785,Yes,2835072,6,49.55,2.758,Medium Risk
32,Salaried,12.2,142178,78338,677,No,996658,10,55.1,0.584,Medium Risk
56,Salaried,8.0,66925,43941,505,No,1614107,9,65.66,2.01,Medium Risk
33,Salaried,9.0,106101,11795,688,Yes,2208868,15,11.12,1.735,Medium Risk
21,Business Owner,1.2,189664,43380,745,No,1161318,5,22.87,0.51,Low Risk
61,Salaried,19.4,27976,17095,741,Yes,2751807,8,61.11,8.197,High Risk
52,Salaried,9.7,189750,102063,553,No,220951,10,53.79,0.097,Medium Risk
30,Business Owner,9.0,54510,5660,561,No,2773777,12,10.38,4.24,Medium Risk
24,Self-Employed,1.0,162628,37463,599,No,169937,6,23.04,0.087,Medium Risk
64,Self-Employed,18.0,64358,41107,800,No,1636191,9,63.87,2.119,Medium Risk
21,Business Owner,1.5,195039,94646,533,No,2203551,3,48.53,0.942,Medium Risk
38,Salaried,3.9,31667,7255,601,No,1816525,3,22.91,4.78,Medium Risk
61,Business Owner,16.9,20845,5258,787,No,1532155,8,25.22,6.125,Medium Risk
57,Business Owner,2.2,141374,15170,546,No,462461,3,10.73,0.273,Medium Risk
41,Business Owner,12.7,25271,13858,505,No,1670890,8,54.84,5.51,High Risk
26,Business Owner,7.6,100683,59831,828,Yes,901473,12,59.43,0.746,Medium Risk
29,Self-Employed,1.1,95255,15784,571,No,1836369,4,16.57,1.607,Medium Risk
33,Self-Employed,13.3,66428,45605,632,No,1209582,2,68.65,1.517,Medium Risk
52,Self-Employed,11.8,111451,61526,767,No,2746716,11,55.2,2.054,Low Risk
31,Salaried,12.4,173412,52144,775,No,1919713,6,30.07,0.923,Low Risk
62,Business Owner,16.0,74380,20262,757,No,1228058,2,27.24,1.376,Low Risk
53,Salaried,5.5,142601,31308,559,No,2747082,3,21.95,1.605,Low Risk
51,Salaried,9.6,104670,30562,693,No,241976,6,29.2,0.193,Low Risk
65,Salaried,12.8,22070,3381,743,No,2817411,15,15.32,10.638,Medium Risk
27,Salaried,8.3,100288,15623,779,No,191225,8,15.58,0.159,Low Risk
60,Self-Employed,12.1,134024,70379,742,No,1159375,12,52.51,0.721,Low Risk
44,Business Owner,7.1,197879,61491,520,Yes,1082738,13,31.08,0.456,Medium Risk
53,Salaried,8.7,90611,60717,705,No,787974,9,67.01,0.725,Medium Risk
31,Self-Employed,11.6,157385,28172,790,No,644801,11,17.9,0.341,Low Risk
42,Salaried,19.4,101074,57143,572,No,2023983,7,56.54,1.669,Medium Risk
31,Self-Employed,0.5,58663,10575,588,No,437118,3,18.03,0.621,Medium Risk
36,Salaried,8.1,84155,12639,784,No,1669751,1,15.02,1.653,Low Risk
51,Salaried,7.2,143417,58426,701,No,2080994,11,40.74,1.209,Low Risk
45,Self-Employed,14.3,45119,13622,662,No,660049,7,30.19,1.219,Low Risk
41,Self-Employed,16.5,131304,57513,773,No,2148117,11,43.8,1.363,Low Risk
58,Salaried,4.8,179520,29765,620,No,1525438,9,16.58,0.708,Low Risk
21,Business Owner,2.0,124380,80161,830,No,2196940,4,64.45,1.472,Medium Risk
23,Salaried,1.9,44340,12004,834,No,732281,5,27.07,1.376,Low Risk
40,Self-Employed,13.7,146000,10605,715,No,1770239,11,7.26,1.01,Low Risk
54,Salaried,9.6,41663,11461,551,No,1796485,13,27.51,3.593,Medium Risk
21,Salaried,1.3,170649,64767,732,No,2842308,11,37.95,1.388,Low Risk
46,Self-Employed,15.5,99417,32434,824,No,1988569,9,32.62,1.667,Low Risk
44,Self-Employed,14.4,160253,109237,557,No,1878658,9,68.17,0.977,Medium Risk
45,Business Owner,2.1,21823,5873,802,No,2259631,14,26.91,8.629,Medium Risk
60,Business Owner,17.5,134003,10928,644,No,2153621,8,8.16,1.339,Low Risk
44,Salaried,17.8,199932,57989,717,No,1342119,13,29.0,0.559,Low Risk
22,Business Owner,1.4,96871,27315,508,No,1348574,11,28.2,1.16,Medium Risk
23,Business Owner,1.0,29597,11700,702,No,452518,9,39.53,1.274,Medium Risk
27,Salaried,6.7,185916,68927,640,No,2021120,12,37.07,0.906,Low Risk
60,Salaried,18.4,157247,66027,520,No,1663616,1,41.99,0.882,Medium Risk
30,Business Owner,11.7,187199,108222,551,No,430363,6,57.81,0.192,Medium Risk
61,Business Owner,6.4,125051,8072,631,No,432538,14,6.45,0.288,Low Risk
48,Salaried,16.0,169656,37262,655,No,2361390,14,21.96,1.16,Low Risk
36,Business Owner,14.5,118103,49918,610,No,1932682,5,42.27,1.364,Low Risk
65,Salaried,5.9,196013,15629,704,Yes,2944611,5,7.97,1.252,Low Risk
38,Salaried,8.4,24907,13906,836,No,1220102,8,55.83,4.082,Medium Risk
59,Business Owner,6.7,78018,15302,666,No,2664339,5,19.61,2.846,Low Risk
59,Self-Employed,12.0,186401,81439,777,No,2438983,1,43.69,1.09,Low Risk
42,Self-Employed,6.7,136492,20290,755,No,813087,11,14.87,0.496,Low Risk
45,Self-Employed,8.4,193198,116690,540,No,2454370,6,60.4,1.059,Medium Risk
26,Salaried,6.1,158829,46056,649,No,1993724,11,29.0,1.046,Low Risk
50,Salaried,3.5,173337,27453,680,No,1842284,13,15.84,0.886,Low Risk
22,Self-Employed,2.4,148648,103056,692,Yes,652378,7,69.33,0.366,High Risk
59,Salaried,2.4,77227,14468,556,No,849196,14,18.73,0.916,Medium Risk
31,Business Owner,12.7,164197,51810,611,No,2613430,5,31.55,1.326,Low Risk
41,Self-Employed,12.8,194125,121346,824,No,1432845,9,62.51,0.615,Low Risk
55,Business Owner,8.1,125897,46789,737,No,1985154,3,37.16,1.314,Low Risk
32,Self-Employed,4.4,159635,94091,737,No,2966185,15,58.94,1.548,Medium Risk
27,Self-Employed,5.4,129602,88552,710,No,221806,10,68.33,0.143,Low Risk
35,Salaried,10.6,151953,106259,806,No,1814527,1,69.93,0.995,Low Risk
41,Business Owner,5.4,169240,77270,850,No,1653133,1,45.66,0.814,Low Risk
59,Business Owner,8.1,154043,94156,582,No,1103761,3,61.12,0.597,Medium Risk
51,Business Owner,18.5,104600,14249,533,Yes,968251,10,13.62,0.771,Medium Risk
50,Self-Employed,5.3,178138,60277,623,No,2035277,9,33.84,0.952,Low Risk
62,Salaried,16.2,106837,65903,581,No,392939,1,61.69,0.306,Medium Risk
23,Business Owner,3.5,156253,108924,697,No,1849400,5,69.71,0.986,Medium Risk
55,Salaried,14.5,179115,84293,773,No,1939290,8,47.06,0.902,Low Risk
24,Self-Employed,5.0,30461,8718,761,No,1945685,7,28.62,5.323,Low Risk
28,Salaried,1.9,88812,48195,796,No,568854,12,54.27,0.534,Medium Risk
31,Self-Employed,5.7,109085,15519,624,No,981160,5,14.23,0.75,Low Risk
27,Self-Employed,6.0,39416,13711,751,No,1190517,6,34.79,2.517,Low Risk
39,Business Owner,9.2,138063,69682,790,No,249923,13,50.47,0.151,Low Risk
29,Salaried,6.0,26800,5190,689,No,1321458,5,19.37,4.109,Medium Risk
31,Business Owner,8.4,144593,74249,844,No,639190,3,51.35,0.368,Low Risk
59,Self-Employed,17.3,87451,40568,514,Yes,2546245,5,46.39,2.426,High Risk
30,Business Owner,0.6,115462,59895,764,No,2694009,15,51.87,1.944,Medium Risk
31,Self-Employed,8.5,173914,105078,660,No,1685357,14,60.42,0.808,Medium Risk
52,Business Owner,3.8,157687,57293,747,Yes,159695,11,36.33,0.084,Medium Risk
25,Self-Employed,2.0,74114,14512,642,No,601602,11,19.58,0.676,Medium Risk
33,Self-Employed,7.7,169266,108881,506,No,2298311,15,64.33,1.132,Medium Risk
35,Business Owner,3.8,194127,13850,820,No,1482086,9,7.13,0.636,Low Risk
25,Self-Employed,4.1,160182,96156,775,Yes,334775,8,60.03,0.174,Medium Risk
57,Business Owner,5.3,87127,49508,593,No,2829683,14,56.82,2.706,Medium Risk
36,Salaried,12.6,139554,23072,811,No,1263821,2,16.53,0.755,Low Risk
33,Business Owner,12.5,36690,23445,567,No,355286,4,63.9,0.807,Medium Risk
35,Salaried,10.2,172376,62096,550,No,314256,6,36.02,0.152,Medium Risk
61,Salaried,4.3,50515,17035,743,No,2374859,10,33.72,3.918,Low Risk
34,Business Owner,8.1,169246,9519,720,Yes,567765,12,5.62,0.28,Low Risk
49,Business Owner,4.3,186443,83782,733,Yes,1155906,13,44.94,0.517,Medium Risk
47,Business Owner,5.8,185446,30551,759,No,1290157,11,16.47,0.58,Low Risk
40,Self-Employed,17.4,85279,23174,847,No,1395217,11,27.17,1.363,Low Risk
49,Salaried,19.6,67757,24862,663,Yes,2237198,8,36.69,2.751,Medium Risk
52,Salaried,4.0,133250,64951,548,Yes,1958908,6,48.74,1.225,High Risk
61,Business Owner,11.0,67882,11936,555,No,994294,5,17.58,1.221,Low Risk
53,Self-Employed,6.7,159041,56733,850,No,2656540,4,35.67,1.392,Low Risk
57,Business Owner,3.5,60996,10658,702,No,762461,10,17.47,1.042,Low Risk
63,Salaried,6.9,155388,106868,834,No,1848643,13,68.77,0.991,Low Risk
38,Salaried,18.7,143727,94474,655,No,1384431,6,65.73,0.803,Medium Risk
43,Business Owner,6.6,100744,32887,701,No,123792,13,32.64,0.102,Low Risk
46,Salaried,19.4,112697,52941,571,Yes,1250108,1,46.98,0.924,Medium Risk
33,Salaried,10.1,87090,21043,691,No,1893058,13,24.16,1.811,Low Risk
45,Self-Employed,11.4,72285,41084,816,No,1249084,2,56.84,1.44,Low Risk
25,Salaried,1.5,145745,96479,803,No,292937,13,66.2,0.167,Medium Risk
63,Self-Employed,13.9,147674,31366,810,No,348792,2,21.24,0.197,Low Risk
24,Business Owner,2.4,161006,46715,645,No,663230,15,29.01,0.343,Medium Risk
25,Self-Employed,6.9,128469,75257,577,No,2507900,4,58.58,1.627,Medium Risk
56,Salaried,9.0,105941,44736,838,No,2327290,14,42.23,1.831,Low Risk
39,Business Owner,0.9,37826,23300,660,Yes,1615106,15,61.6,3.558,High Risk
49,Business Owner,17.7,68271,17670,616,No,1496753,4,25.88,1.827,Low Risk
64,Business Owner,5.6,178234,95529,511,No,2793750,7,53.6,1.306,Medium Risk
48,Self-Employed,16.2,32591,19248,530,Yes,2248581,6,59.06,5.749,High Risk
22,Business Owner,2.0,28410,19144,667,No,2163637,5,67.38,6.346,High Risk
57,Self-Employed,12.9,39805,16617,785,No,2330373,3,41.75,4.879,Medium Risk
53,Salaried,11.7,142800,63763,597,No,2968707,7,44.65,1.732,Medium Risk
38,Self-Employed,9.3,59899,28320,537,No,2512663,6,47.28,3.496,Medium Risk
50,Business Owner,15.7,133350,83758,705,No,126650,10,62.81,0.079,Low Risk
45,Salaried,0.7,104511,34243,632,Yes,2551052,11,32.76,2.034,High Risk
41,Business Owner,9.4,194431,35039,794,Yes,2519509,3,18.02,1.08,Low Risk
33,Salaried,3.5,67601,7814,773,No,265476,13,11.56,0.327,Low Risk
29,Business Owner,4.2,38157,10030,661,Yes,2860552,4,26.29,6.247,High Risk
33,Self-Employed,2.9,91061,18343,611,No,214489,3,20.14,0.196,Medium Risk
49,Salaried,16.8,118333,7872,606,No,1974066,8,6.65,1.39,Low Risk
46,Salaried,4.5,119747,51927,563,No,834409,9,43.36,0.581,Medium Risk
58,Business Owner,10.6,62698,33969,561,Yes,2636918,6,54.18,3.505,High Risk
41,Self-Employed,4.2,43800,24960,684,No,2233790,2,56.99,4.25,High Risk
50,Salaried,0.6,130104,40358,551,No,1400157,14,31.02,0.897,Medium Risk
25,Self-Employed,6.6,190918,46861,543,No,1734462,15,24.55,0.757,Low Risk
51,Salaried,19.1,92015,48240,665,No,1144373,3,52.43,1.036,Medium Risk
57,Salaried,3.0,60831,8586,740,No,356613,10,14.11,0.489,Low Risk
34,Business Owner,10.7,117439,53013,580,No,832482,15,45.14,0.591,Medium Risk
54,Salaried,15.0,195287,32818,556,No,225745,8,16.81,0.096,Low Risk
34,Self-Employed,6.8,117827,75508,635,No,219446,13,64.08,0.155,Medium Risk
22,Self-Employed,0.6,143339,10355,573,Yes,295032,9,7.22,0.172,High Risk
45,Business Owner,14.6,64496,9856,507,No,1034070,2,15.28,1.336,Low Risk
47,Salaried,2.7,144699,50917,712,Yes,2351197,8,35.19,1.354,Medium Risk
29,Business Owner,9.0,20189,5096,740,Yes,1177355,3,25.24,4.86,High Risk
41,Business Owner,11.0,180854,87620,549,No,2495952,4,48.45,1.15,Medium Risk
29,Salaried,5.9,57380,11281,542,No,1793821,5,19.66,2.605,Medium Risk
60,Salaried,5.4,85711,14572,837,No,2038394,11,17.0,1.982,Low Risk
58,Business Owner,10.6,89920,48910,567,No,1671902,11,54.39,1.549,Medium Risk
30,Business Owner,9.0,28971,15533,697,No,930036,3,53.62,2.675,Medium Risk
21,Salaried,2.1,82345,12782,665,No,2116522,8,15.52,2.142,Medium Risk
43,Salaried,12.8,171309,53736,609,No,1202282,9,31.37,0.585,Low Risk
49,Salaried,15.0,191825,105414,672,No,881480,5,54.95,0.383,Medium Risk
42,Self-Employed,15.6,139620,67173,842,Yes,2277149,5,48.11,1.359,Medium Risk
25,Self-Employed,3.3,26662,18053,564,No,2018614,14,67.71,6.309,High Risk
28,Salaried,5.7,97519,12882,677,No,1929404,9,13.21,1.649,Low Risk
26,Business Owner,1.9,153930,27195,848,No,170125,4,17.67,0.092,Low Risk
43,Business Owner,12.2,59785,24863,771,No,2336219,6,41.59,3.256,Low Risk
55,Salaried,14.0,159164,25210,581,No,794725,11,15.84,0.416,Low Risk
61,Business Owner,4.9,59859,24035,812,No,948072,5,40.15,1.32,Low Risk
24,Self-Employed,2.1,156773,106889,743,No,670928,12,68.18,0.357,Medium Risk
40,Salaried,2.0,165688,80239,606,Yes,2671600,10,48.43,1.344,High Risk
25,Salaried,5.4,56779,8146,582,No,1116963,7,14.35,1.639,Low Risk
31,Business Owner,5.7,175036,30752,679,No,1258541,3,17.57,0.599,Low Risk
46,Salaried,14.7,173597,115237,577,No,697304,11,66.38,0.335,Medium Risk
38,Self-Employed,0.7,50747,19710,768,No,2736311,10,38.84,4.493,Medium Risk
51,Salaried,13.4,98334,57472,777,No,2005755,3,58.45,1.7,Low Risk
25,Business Owner,2.7,91330,60932,520,No,1171444,2,66.72,1.069,High Risk
61,Self-Employed,8.8,64159,39750,749,No,1042180,9,61.96,1.354,Medium Risk
27,Salaried,9.0,178155,120046,685,No,2888837,8,67.38,1.351,Medium Risk
65,Self-Employed,8.7,187263,22167,643,No,1257064,15,11.84,0.559,Low Risk
37,Business Owner,9.9,130007,62863,628,Yes,448518,1,48.35,0.287,Medium Risk
27,Business Owner,7.4,83633,36026,613,No,2891848,5,43.08,2.881,Medium Risk
27,Business Owner,4.6,179027,106399,692,No,2899937,7,59.43,1.35,Medium Risk
23,Business Owner,1.0,188474,126305,794,No,1100820,6,67.01,0.487,Medium Risk
58,Business Owner,14.3,178284,57798,701,No,267205,6,32.42,0.125,Low Risk
62,Self-Employed,17.1,170298,104089,519,Yes,2734519,12,61.12,1.338,High Risk
48,Business Owner,18.2,76633,32071,512,No,1479767,2,41.85,1.609,Medium Risk
39,Self-Employed,16.1,139701,84118,629,No,2964758,6,60.21,1.769,Medium Risk
43,Salaried,5.9,32530,8488,825,No,773572,4,26.09,1.982,Low Risk
56,Business Owner,13.1,125203,67567,588,No,472745,6,53.97,0.315,Medium Risk
43,Business Owner,11.0,79656,20372,656,No,479301,11,25.57,0.501,Low Risk
46,Self-Employed,12.6,187634,32090,695,No,2136085,6,17.1,0.949,Low Risk
42,Self-Employed,18.0,61737,41583,665,No,896035,10,67.36,1.209,Medium Risk
40,Business Owner,14.2,166927,40485,786,No,1769212,10,24.25,0.883,Low Risk
65,Salaried,4.4,43735,22418,839,No,1204654,3,51.26,2.295,Medium Risk
42,Business Owner,7.4,54873,35603,553,No,1332757,10,64.88,2.024,Medium Risk
57,Salaried,6.8,78936,26653,520,No,750166,11,33.77,0.792,Medium Risk
38,Salaried,10.1,77403,16214,615,No,1005835,3,20.95,1.083,Low Risk
21,Self-Employed,1.1,25445,15455,747,No,1838647,9,60.74,6.022,High Risk
56,Business Owner,4.2,68773,41342,797,No,2513641,15,60.11,3.046,Medium Risk
45,Business Owner,5.6,115412,66042,634,No,1628884,15,57.22,1.176,Medium Risk
36,Self-Employed,10.0,40195,27042,568,No,1135554,13,67.28,2.354,High Risk
55,Business Owner,3.0,153025,78109,774,No,2633743,4,51.04,1.434,Low Risk
43,Business Owner,14.2,165246,96454,614,No,2508617,14,58.37,1.265,Medium Risk
24,Self-Employed,3.9,150320,65268,533,Yes,818657,1,43.42,0.454,High Risk
56,Self-Employed,11.4,35085,22184,744,Yes,720254,2,63.23,1.711,High Risk
64,Self-Employed,1.8,92375,38829,514,No,2158605,7,42.03,1.947,Medium Risk
29,Self-Employed,2.8,138518,34822,845,No,1075445,10,25.14,0.647,Low Risk
53,Self-Employed,3.3,161456,110939,800,No,128417,10,68.71,0.066,Low Risk
24,Business Owner,4.6,173995,22236,536,No,2322024,7,12.78,1.112,Low Risk
31,Business Owner,2.9,177686,98247,591,No,223679,11,55.29,0.105,Medium Risk
52,Business Owner,2.8,43358,4822,706,No,2974579,7,11.12,5.717,Medium Risk
47,Self-Employed,14.1,56309,33826,593,No,1589636,3,60.07,2.353,Medium Risk
48,Self-Employed,10.2,68382,14998,602,No,2814659,11,21.93,3.43,Medium Risk
26,Self-Employed,3.9,44648,17436,510,Yes,355436,9,39.05,0.663,High Risk
24,Business Owner,2.6,64174,3281,770,No,1470948,7,5.11,1.91,Low Risk
40,Salaried,16.1,168918,70301,535,Yes,890551,11,41.62,0.439,Medium Risk
60,Self-Employed,4.0,77245,52855,549,Yes,748737,10,68.43,0.808,High Risk
44,Business Owner,4.0,135526,69002,590,No,1966911,1,50.91,1.209,Medium Risk
60,Salaried,18.7,51531,29614,659,Yes,552040,6,57.47,0.893,High Risk
64,Salaried,12.0,63879,40573,754,No,751176,10,63.52,0.98,Low Risk
42,Self-Employed,18.6,163649,96659,729,Yes,2904752,9,59.06,1.479,Medium Risk
25,Self-Employed,2.1,57062,11734,751,No,1795692,1,20.56,2.622,Low Risk
43,Salaried,18.4,145940,84220,837,No,2579392,2,57.71,1.473,Low Risk
54,Salaried,13.4,104031,66862,788,No,2331058,9,64.27,1.867,Low Risk
46,Business Owner,13.0,94071,24290,729,No,1328759,11,25.82,1.177,Low Risk
48,Self-Employed,9.0,41597,15341,751,No,2454065,8,36.88,4.916,Medium Risk
60,Self-Employed,6.5,95286,52507,528,No,274619,4,55.1,0.24,Medium Risk
26,Self-Employed,7.2,169756,68380,828,No,301142,9,40.28,0.148,Low Risk
22,Salaried,3.9,120899,20838,775,No,2969597,14,17.24,2.047,Low Risk
48,Business Owner,10.4,66737,25406,848,No,999649,2,38.07,1.248,Low Risk
50,Salaried,17.9,103967,10129,604,No,2495557,11,9.74,2.0,Low Risk
60,Salaried,1.4,120004,22071,559,Yes,119875,15,18.39,0.083,Medium Risk
36,Business Owner,14.7,106704,73611,699,No,1659374,15,68.99,1.296,Medium Risk
46,Salaried,3.5,176959,37164,842,No,1873522,11,21.0,0.882,Low Risk
57,Business Owner,17.3,184152,46283,834,No,1243429,7,25.13,0.563,Low Risk
65,Salaried,8.6,128433,37905,597,No,2147728,5,29.51,1.394,Low Risk
59,Salaried,12.7,123669,9543,729,No,2991969,4,7.72,2.016,Low Risk
25,Business Owner,1.2,61660,39243,750,No,2352088,6,63.64,3.179,Medium Risk
31,Business Owner,3.7,198495,102178,703,No,1301412,5,51.48,0.546,Medium Risk
57,Self-Employed,2.6,51300,15733,603,Yes,2426790,14,30.67,3.942,High Risk
52,Salaried,3.0,29357,10417,555,No,259514,14,35.48,0.737,Medium Risk
45,Salaried,2.1,37668,7803,815,No,698773,8,20.72,1.546,Low Risk
59,Salaried,13.4,152020,83370,596,No,1433458,1,54.84,0.786,Medium Risk
57,Salaried,19.0,109482,66638,628,Yes,1568498,8,60.87,1.194,High Risk
33,Business Owner,1.3,119623,17885,649,No,1044706,3,14.95,0.728,Low Risk
61,Salaried,7.0,135047,8974,725,No,1130859,10,6.65,0.698,Low Risk
54,Self-Employed,11.4,57581,23357,662,No,2972103,2,40.56,4.301,Medium Risk
47,Business Owner,10.9,182158,94415,664,No,701825,15,51.83,0.321,Medium Risk
27,Business Owner,2.5,119932,6263,529,No,2477980,2,5.22,1.722,Medium Risk
35,Business Owner,1.1,163021,15984,832,No,2098284,15,9.8,1.073,Low Risk
57,Business Owner,8.0,199728,89964,730,Yes,1096856,11,45.04,0.458,Medium Risk
52,Business Owner,5.4,186906,64621,578,No,1610516,4,34.57,0.718,Low Risk
30,Self-Employed,7.8,65705,44415,698,Yes,772416,6,67.6,0.98,High Risk
22,Self-Employed,3.3,57744,4484,710,No,2371209,14,7.77,3.422,Low Risk
35,Self-Employed,2.6,184233,51477,707,No,1852068,8,27.94,0.838,Low Risk
49,Self-Employed,19.1,141508,40516,666,No,658323,12,28.63,0.388,Low Risk
54,Salaried,5.3,70060,29387,837,No,1624272,15,41.95,1.932,Low Risk
50,Business Owner,17.3,127009,37294,657,No,692787,8,29.36,0.455,Low Risk
27,Business Owner,6.0,98727,62992,819,No,936385,4,63.8,0.79,Low Risk
42,Business Owner,17.9,192923,57836,764,No,1957994,1,29.98,0.846,Low Risk
65,Salaried,8.0,194848,31570,848,No,753706,11,16.2,0.322,Low Risk
46,Business Owner,15.7,71854,10630,662,No,647587,13,14.79,0.751,Low Risk
52,Self-Employed,12.4,180517,71283,821,Yes,2936143,2,39.49,1.355,Medium Risk
25,Salaried,0.6,33828,8981,546,No,1596092,4,26.55,3.932,High Risk
30,Salaried,4.0,37307,10666,661,No,1973247,8,28.59,4.408,Medium Risk
42,Business Owner,3.9,99492,11539,787,No,737605,3,11.6,0.618,Low Risk
47,Salaried,10.9,182080,57590,787,No,2069509,12,31.63,0.947,Low Risk
38,Business Owner,17.0,85376,58438,839,Yes,1966062,2,68.45,1.919,Medium Risk
23,Salaried,4.5,143945,42693,587,No,2558597,12,29.66,1.481,Medium Risk
44,Self-Employed,11.9,67666,23058,510,Yes,2917572,10,34.08,3.593,High Risk
43,Self-Employed,19.8,116984,11088,569,No,2941108,7,9.48,2.095,Low Risk
30,Salaried,11.9,195349,34799,824,No,448432,6,17.81,0.191,Low Risk
59,Self-Employed,0.8,174749,56187,586,No,1159966,4,32.15,0.553,Medium Risk
53,Self-Employed,19.6,26145,9628,585,No,1101616,12,36.83,3.511,Medium Risk
40,Self-Employed,9.3,133495,35962,639,No,2854371,8,26.94,1.782,Low Risk
63,Salaried,7.0,28224,3808,819,No,2506073,1,13.49,7.399,Medium Risk
40,Self-Employed,4.4,143239,42544,518,No,1233651,12,29.7,0.718,Medium Risk
45,Self-Employed,7.7,154370,93372,717,No,1534991,3,60.49,0.829,Low Risk
43,Business Owner,5.6,70568,25951,636,No,1986909,15,36.77,2.346,Medium Risk
63,Salaried,16.2,103522,63144,558,No,639076,13,61.0,0.514,Medium Risk
27,Salaried,1.1,117881,10871,792,No,466527,14,9.22,0.33,Low Risk
25,Salaried,5.2,109426,67363,816,No,2544251,11,61.56,1.938,Low Risk
50,Business Owner,17.5,194309,23082,562,No,681812,4,11.88,0.292,Low Risk
26,Salaried,1.2,44008,2310,619,No,433077,7,5.25,0.82,Medium Risk
41,Business Owner,10.8,144792,84183,753,No,880412,8,58.14,0.507,Low Risk
39,Business Owner,13.7,36060,12175,759,No,837572,4,33.76,1.936,Low Risk
37,Salaried,16.7,170846,116563,563,No,417843,4,68.23,0.204,Medium Risk
32,Self-Employed,10.7,79694,12398,825,No,1344531,10,15.56,1.406,Low Risk
47,Business Owner,13.0,77215,25268,676,No,2325291,1,32.72,2.51,Low Risk
62,Business Owner,5.4,62274,5731,532,No,353352,10,9.2,0.473,Low Risk
48,Salaried,13.6,136898,7913,845,No,2566832,13,5.78,1.562,Low Risk
44,Business Owner,13.8,197784,133216,791,No,1438251,8,67.35,0.606,Low Risk
43,Business Owner,16.3,117109,43893,750,No,898113,4,37.48,0.639,Low Risk
58,Salaried,1.3,112509,35590,736,No,1791318,8,31.63,1.327,Low Risk
50,Self-Employed,3.5,121073,39075,512,Yes,1428434,7,32.27,0.983,Medium Risk
61,Salaried,8.3,23656,7862,838,Yes,733502,10,33.23,2.584,Medium Risk
32,Salaried,1.8,122574,43757,638,No,190935,8,35.7,0.13,Medium Risk
46,Salaried,6.4,164003,37800,597,No,2193531,7,23.05,1.115,Low Risk
48,Salaried,10.0,194532,17283,554,No,1455945,12,8.88,0.624,Low Risk
51,Business Owner,6.1,81643,31612,753,No,1846279,8,38.72,1.885,Low Risk
21,Self-Employed,2.1,108756,50006,850,No,2665348,2,45.98,2.042,Low Risk
59,Salaried,10.8,109416,57016,565,No,2086099,2,52.11,1.589,Medium Risk
22,Self-Employed,1.8,84516,15732,667,No,1410875,11,18.61,1.391,Low Risk
51,Self-Employed,11.3,171314,96961,599,Yes,1449864,13,56.6,0.705,High Risk
61,Business Owner,19.4,80011,40827,812,No,1144797,8,51.03,1.192,Low Risk
57,Self-Employed,17.9,102171,39042,548,No,722247,10,38.21,0.589,Medium Risk
41,Salaried,10.8,141291,62407,636,No,1734002,13,44.17,1.023,Low Risk
33,Self-Employed,10.8,115363,69339,530,No,1036727,11,60.11,0.749,Medium Risk
21,Self-Employed,1.4,182700,66441,574,No,1442326,8,36.37,0.658,Medium Risk
41,Business Owner,17.7,72444,42430,830,No,2606462,10,58.57,2.998,Medium Risk
28,Self-Employed,7.5,71103,27750,758,No,1677095,7,39.03,1.966,Low Risk
65,Salaried,6.3,73540,10563,512,No,2801082,13,14.36,3.174,Medium Risk
47,Salaried,7.7,58696,19977,695,No,2590766,8,34.03,3.678,Low Risk
41,Salaried,18.8,139522,32002,810,No,783256,10,22.94,0.468,Low Risk
29,Self-Employed,10.5,52483,4413,667,No,1646951,3,8.41,2.615,Low Risk
41,Business Owner,7.8,26675,12238,830,No,846579,6,45.88,2.645,Medium Risk
60,Salaried,13.1,104938,43827,791,No,2246260,1,41.76,1.784,Low Risk
29,Self-Employed,1.2,37798,5327,552,No,1085718,2,14.09,2.394,Medium Risk
44,Self-Employed,7.1,128171,35032,535,No,2386362,1,27.33,1.552,Low Risk
54,Self-Employed,13.0,123806,62086,780,No,969288,8,50.15,0.652,Low Risk
31,Salaried,10.0,88355,17477,528,No,2439098,1,19.78,2.3,Medium Risk
24,Business Owner,5.1,79118,28574,521,No,1075870,3,36.12,1.133,Medium Risk
29,Business Owner,3.9,121587,65824,843,No,2240130,13,54.14,1.535,Low Risk
39,Self-Employed,1.0,128773,52478,520,No,251018,4,40.75,0.162,Medium Risk
35,Business Owner,8.6,111588,56484,797,Yes,2235524,15,50.62,1.669,Medium Risk
31,Self-Employed,3.2,160569,8796,821,No,1280349,5,5.48,0.664,Low Risk
56,Self-Employed,10.5,61907,36688,811,No,921129,6,59.26,1.24,Low Risk
37,Self-Employed,2.7,94811,32574,728,No,2832205,11,34.36,2.489,Medium Risk
53,Self-Employed,4.5,49541,3819,554,No,962278,4,7.71,1.619,Medium Risk
57,Business Owner,15.1,196739,37247,803,No,1613885,8,18.93,0.684,Low Risk
24,Business Owner,3.9,168595,105985,629,No,199876,5,62.86,0.099,Medium Risk
21,Salaried,2.6,107538,19801,698,No,2020506,7,18.41,1.566,Low Risk
59,Salaried,18.5,145875,60471,646,No,2897702,14,41.45,1.655,Low Risk
36,Salaried,11.3,20070,12127,817,No,147026,5,60.42,0.61,Medium Risk
21,Self-Employed,1.6,168926,113989,549,No,1003069,11,67.48,0.495,Medium Risk
33,Self-Employed,11.3,117732,11710,713,No,1347679,13,9.95,0.954,Low Risk
23,Salaried,1.9,88871,30839,604,No,2770554,12,34.7,2.598,Medium Risk
64,Salaried,17.7,144912,23690,557,No,1084834,8,16.35,0.624,Low Risk
58,Business Owner,11.4,90796,5871,788,No,742965,4,6.47,0.682,Low Risk
25,Self-Employed,4.9,27837,2064,721,No,1829832,3,7.41,5.478,Medium Risk
21,Business Owner,2.7,192126,17475,643,No,2109789,4,9.1,0.915,Low Risk
38,Salaried,13.6,69301,14043,729,No,2827061,1,20.26,3.399,Low Risk
57,Self-Employed,11.4,148064,83623,524,No,470843,10,56.48,0.265,Medium Risk
44,Self-Employed,16.5,162761,25477,837,Yes,2411162,9,15.65,1.235,Low Risk
30,Self-Employed,9.0,110908,34886,797,No,2060770,6,31.45,1.548,Low Risk
39,Salaried,16.4,149633,73202,708,No,1910728,2,48.92,1.064,Low Risk
59,Self-Employed,17.8,107242,69822,830,No,2361618,14,65.11,1.835,Low Risk
64,Salaried,17.8,110034,41717,820,No,1532983,9,37.91,1.161,Low Risk
61,Business Owner,3.6,170390,23972,605,No,1762413,2,14.07,0.862,Low Risk
47,Salaried,19.8,162605,12567,553,No,1168361,15,7.73,0.599,Low Risk
56,Business Owner,18.9,79449,39296,671,No,1465192,12,49.46,1.537,Low Risk
44,Business Owner,18.8,157133,74949,701,No,1572764,12,47.7,0.834,Low Risk
47,Business Owner,15.2,47899,9426,829,No,889918,12,19.68,1.548,Low Risk
21,Business Owner,2.5,149814,21548,536,No,1385788,4,14.38,0.771,Medium Risk
46,Self-Employed,16.6,162073,75342,597,No,230432,5,46.49,0.118,Medium Risk
28,Salaried,2.3,198384,19118,629,No,598924,7,9.64,0.252,Low Risk
43,Business Owner,8.4,176646,43303,698,No,1374173,7,24.51,0.648,Low Risk
60,Business Owner,18.4,186519,83863,521,No,232196,8,44.96,0.104,Medium Risk
41,Self-Employed,1.1,144150,87897,696,No,511070,7,60.98,0.295,Medium Risk
65,Business Owner,12.6,112026,74713,850,No,214622,7,66.69,0.16,Low Risk
23,Self-Employed,3.9,42761,15337,778,No,1129238,12,35.87,2.201,Medium Risk
61,Salaried,9.4,108442,22436,740,No,1399452,9,20.69,1.075,Low Risk
49,Salaried,12.5,44891,2545,565,No,2932173,13,5.67,5.443,Medium Risk
22,Business Owner,2.1,151615,25441,640,No,1728136,13,16.78,0.95,Low Risk
55,Business Owner,14.6,86375,37200,764,No,1994675,5,43.07,1.924,Low Risk
31,Salaried,4.1,106878,34989,579,Yes,422209,4,32.74,0.329,Medium Risk
51,Self-Employed,5.4,121529,67355,834,Yes,1680076,1,55.42,1.152,Medium Risk
40,Salaried,4.9,199053,85458,752,No,1965066,13,42.93,0.823,Low Risk
65,Salaried,2.5,56491,7671,809,No,1937513,8,13.58,2.858,Low Risk
44,Business Owner,8.9,157671,99884,688,No,545972,7,63.35,0.289,Medium Risk
51,Salaried,5.9,166088,84096,534,No,1202160,15,50.63,0.603,Medium Risk
63,Self-Employed,9.8,152936,99030,570,No,779457,2,64.75,0.425,Medium Risk
57,Salaried,13.5,136942,65583,779,No,1203129,8,47.89,0.732,Low Risk
25,Business Owner,1.7,128332,16080,520,No,718186,5,12.53,0.466,Medium Risk
29,Business Owner,7.9,22934,6690,761,No,572918,9,29.17,2.082,Low Risk
63,Self-Employed,11.9,22321,5517,570,No,1122051,14,24.72,4.189,Medium Risk
51,Salaried,4.2,144455,52131,609,No,1726792,9,36.09,0.996,Medium Risk
61,Business Owner,11.1,38590,5595,565,Yes,709862,14,14.5,1.533,Medium Risk
25,Self-Employed,3.8,39029,16314,626,No,1834380,14,41.8,3.917,Medium Risk
61,Self-Employed,18.8,88804,27898,721,No,1444222,13,31.42,1.355,Low Risk
46,Salaried,4.3,117958,35860,810,No,1042548,12,30.4,0.737,Low Risk
29,Self-Employed,7.0,153574,96396,830,Yes,2764827,3,62.77,1.5,Medium Risk
36,Business Owner,9.6,150320,83054,721,No,1850352,2,55.25,1.026,Low Risk
56,Salaried,14.2,58158,32126,520,No,1749482,5,55.24,2.507,Medium Risk
50,Business Owner,16.2,109517,27081,774,No,1392440,14,24.73,1.06,Low Risk
51,Business Owner,10.0,174549,87608,849,No,2872471,13,50.19,1.371,Low Risk
57,Salaried,9.7,43851,21900,675,No,2685229,11,49.94,5.103,Medium Risk
25,Self-Employed,4.6,91106,56357,804,No,1413033,15,61.86,1.292,Medium Risk
41,Salaried,11.5,111360,75950,598,No,2271272,11,68.2,1.7,Medium Risk
47,Self-Employed,5.6,131109,63627,596,No,684172,13,48.53,0.435,Medium Risk
65,Self-Employed,4.2,199825,56943,777,No,957586,13,28.5,0.399,Low Risk
50,Business Owner,10.6,50726,26427,649,No,962910,10,52.1,1.582,Medium Risk
61,Self-Employed,4.1,189732,109328,691,No,2131483,12,57.62,0.936,Medium Risk
38,Business Owner,9.5,109495,15890,810,No,621894,7,14.51,0.473,Low Risk
56,Self-Employed,0.6,69526,40172,630,Yes,2007404,15,57.78,2.406,High Risk
56,Business Owner,16.5,153986,64496,601,No,1893934,11,41.88,1.025,Low Risk
52,Business Owner,2.6,134602,40579,561,No,615549,6,30.15,0.381,Medium Risk
24,Salaried,5.2,92707,11111,774,No,502194,15,11.99,0.451,Low Risk
64,Self-Employed,4.5,193092,80764,505,No,2718755,12,41.83,1.173,Medium Risk
38,Self-Employed,8.9,80421,15544,809,No,1218770,15,19.33,1.263,Low Risk
56,Self-Employed,16.9,59768,3880,799,No,1022211,3,6.49,1.425,Low Risk
45,Salaried,11.1,24571,16473,546,No,2675857,5,67.04,9.075,High Risk
52,Salaried,2.4,126535,24501,735,No,827892,15,19.36,0.545,Low Risk
35,Self-Employed,2.3,82592,40161,722,No,2615392,14,48.63,2.639,Medium Risk
45,Self-Employed,4.7,46310,27820,709,No,1956095,3,60.07,3.52,Medium Risk
45,Business Owner,15.1,26036,10462,639,No,2924071,8,40.18,9.359,High Risk
48,Business Owner,7.2,25430,9520,815,No,1954677,10,37.44,6.405,Medium Risk
34,Self-Employed,2.7,40278,17747,849,No,1794525,4,44.06,3.713,Medium Risk
34,Self-Employed,6.0,91864,19447,648,Yes,1691503,10,21.17,1.534,Medium Risk
51,Salaried,13.9,167668,34983,533,No,191768,7,20.86,0.095,Low Risk
57,Self-Employed,7.5,25372,9365,728,Yes,475226,7,36.91,1.561,Medium Risk
37,Self-Employed,4.7,116100,74599,633,No,806914,4,64.25,0.579,Medium Risk
58,Business Owner,10.6,159181,91783,518,Yes,1629125,1,57.66,0.853,High Risk
35,Salaried,12.2,61616,6781,783,No,432421,9,11.01,0.585,Low Risk
37,Self-Employed,3.3,57128,34735,642,Yes,880224,4,60.8,1.284,High Risk
47,Self-Employed,3.7,37505,7527,547,No,2501696,11,20.07,5.559,Medium Risk
32,Self-Employed,7.9,130956,82725,620,No,919504,10,63.17,0.585,Medium Risk
25,Salaried,5.5,90528,52618,591,No,2040021,9,58.12,1.878,Medium Risk
44,Business Owner,4.0,159895,104875,625,No,1465153,14,65.59,0.764,Medium Risk
31,Self-Employed,6.9,25431,9552,529,No,800454,1,37.56,2.623,Medium Risk
51,Salaried,17.0,83419,50894,688,No,1271372,8,61.01,1.27,Medium Risk
36,Self-Employed,3.6,48803,25072,582,No,277308,2,51.37,0.474,High Risk
45,Salaried,0.5,140788,55440,750,No,1756821,9,39.38,1.04,Low Risk
55,Business Owner,8.4,157638,55694,831,Yes,1584513,13,35.33,0.838,Medium Risk
59,Business Owner,14.5,126220,67977,768,Yes,800010,9,53.86,0.528,Medium Risk
52,Salaried,16.2,74235,7254,688,No,584593,10,9.77,0.656,Low Risk
47,Self-Employed,7.8,117943,7728,749,No,167283,4,6.55,0.118,Low Risk
48,Business Owner,15.1,137949,84477,571,No,1366562,7,61.24,0.826,Medium Risk
36,Salaried,0.8,79525,50688,629,No,2056009,12,63.74,2.154,High Risk
50,Self-Employed,17.7,141451,19063,526,No,710428,15,13.48,0.419,Low Risk
61,Salaried,6.3,33924,9426,697,Yes,1917737,2,27.79,4.711,High Risk
59,Self-Employed,7.4,154364,63065,520,Yes,2110994,2,40.85,1.14,Medium Risk
43,Self-Employed,4.3,152832,24127,551,No,2455479,5,15.79,1.339,Low Risk
24,Salaried,3.3,185327,72038,512,No,1501069,13,38.87,0.675,Medium Risk
60,Self-Employed,7.3,105601,24838,526,No,2556273,2,23.52,2.017,Medium Risk
49,Self-Employed,9.0,154734,11373,780,No,2475446,9,7.35,1.333,Low Risk
25,Salaried,6.6,119070,31506,725,No,2764241,5,26.46,1.935,Low Risk
30,Salaried,9.3,71467,7902,696,No,1023743,1,11.06,1.194,Low Risk
23,Self-Employed,0.6,54849,9677,791,No,736051,7,17.64,1.118,Low Risk
56,Business Owner,5.5,75211,3788,533,No,257122,5,5.04,0.285,Low Risk
51,Salaried,4.8,63412,41290,752,No,2907738,8,65.11,3.821,Medium Risk
42,Business Owner,14.7,117548,70868,632,No,2398165,15,60.29,1.7,Medium Risk
42,Business Owner,13.5,158073,23891,849,No,2573714,9,15.11,1.357,Low Risk
64,Self-Employed,16.2,84303,16610,511,No,1241641,6,19.7,1.227,Low Risk
53,Self-Employed,10.2,126092,10508,802,No,1180630,2,8.33,0.78,Low Risk
30,Business Owner,3.1,77397,48178,627,No,742811,15,62.25,0.8,Medium Risk
27,Business Owner,5.1,115156,36645,704,No,1489208,5,31.82,1.078,Low Risk
26,Salaried,1.7,146136,97403,839,No,1416831,15,66.65,0.808,Medium Risk
24,Self-Employed,2.7,133290,20011,742,Yes,1499999,6,15.01,0.938,Medium Risk
28,Self-Employed,2.7,148938,97270,702,No,1800025,7,65.31,1.007,Medium Risk
36,Self-Employed,4.8,63226,16974,806,No,1680613,14,26.85,2.215,Low Risk
26,Salaried,1.1,22225,3279,719,No,487197,15,14.75,1.827,Medium Risk
65,Business Owner,3.5,33463,1719,590,No,1322316,14,5.14,3.293,Medium Risk
44,Business Owner,13.9,113651,54886,544,No,1399258,6,48.29,1.026,Medium Risk
27,Salaried,9.0,41586,28791,814,No,906347,13,69.23,1.816,Medium Risk
31,Self-Employed,10.8,148544,17810,803,No,2306570,2,11.99,1.294,Low Risk
60,Self-Employed,3.2,141198,62693,633,No,2259611,2,44.4,1.334,Medium Risk
52,Business Owner,4.9,94369,6683,673,No,2082481,13,7.08,1.839,Low Risk
49,Self-Employed,19.1,100320,24165,705,No,1086186,13,24.09,0.902,Low Risk
40,Business Owner,6.9,83093,29069,579,No,346407,10,34.98,0.347,Medium Risk
28,Salaried,1.5,137681,18170,537,No,1495563,12,13.2,0.905,Medium Risk
41,Business Owner,5.2,146247,48696,562,Yes,2902924,11,33.3,1.654,Medium Risk
56,Business Owner,12.0,74990,47404,835,No,756538,7,63.21,0.841,Low Risk
33,Self-Employed,1.5,28225,16843,629,No,2187156,8,59.67,6.458,High Risk
63,Self-Employed,15.8,104824,35876,667,No,1871457,11,34.22,1.488,Low Risk
41,Business Owner,17.4,68224,3741,584,Yes,1843995,2,5.48,2.252,Medium Risk
52,Self-Employed,3.4,56789,11699,809,No,1265438,15,20.6,1.857,Low Risk
33,Business Owner,3.1,30079,16575,823,No,1538491,13,55.1,4.262,Medium Risk
60,Self-Employed,7.1,47419,17252,756,No,719942,6,36.38,1.265,Low Risk
64,Business Owner,17.2,152377,34702,700,Yes,2576685,10,22.77,1.409,Medium Risk
60,Salaried,9.0,30335,10487,802,No,2359858,13,34.57,6.483,Medium Risk
50,Salaried,6.0,24696,7774,821,Yes,363395,8,31.48,1.226,Medium Risk
47,Self-Employed,18.3,179582,75736,661,No,1034908,8,42.17,0.48,Low Risk
37,Self-Employed,17.0,30147,17512,842,Yes,1165948,7,58.09,3.223,High Risk
37,Salaried,10.3,30628,5947,730,No,109438,7,19.42,0.298,Low Risk
24,Salaried,4.9,91731,36501,779,Yes,168549,9,39.79,0.153,Medium Risk
61,Self-Employed,15.5,193883,16146,797,No,2873645,9,8.33,1.235,Low Risk
39,Salaried,17.2,121980,50560,668,No,2851893,4,41.45,1.948,Low Risk
21,Business Owner,1.6,106186,49955,745,No,644745,15,47.04,0.506,Low Risk
37,Salaried,12.7,196111,42578,582,Yes,956029,12,21.71,0.406,Medium Risk
31,Self-Employed,1.7,95701,24037,777,No,2780255,2,25.12,2.421,Low Risk
25,Salaried,6.2,20872,13981,533,No,1232676,3,66.98,4.922,High Risk
28,Self-Employed,3.7,151193,82839,773,No,612114,8,54.79,0.337,Low Risk
63,Business Owner,5.9,41828,11777,547,No,1726889,13,28.16,3.44,Medium Risk
33,Business Owner,14.2,24778,15910,817,No,462489,2,64.21,1.555,Medium Risk
31,Salaried,4.8,156861,90962,773,No,2748997,6,57.99,1.46,Low Risk
22,Self-Employed,3.5,133351,15645,762,No,1788037,4,11.73,1.117,Low Risk
31,Salaried,8.3,146726,81103,534,Yes,1051063,14,55.28,0.597,High Risk
63,Self-Employed,11.4,140023,42249,828,No,276012,1,30.17,0.164,Low Risk
49,Salaried,0.6,113171,6918,840,Yes,2820915,6,6.11,2.077,Medium Risk
47,Business Owner,16.8,102619,62629,543,No,502558,10,61.03,0.408,Medium Risk
54,Business Owner,15.4,175421,24252,753,No,2413597,12,13.83,1.147,Low Risk
42,Salaried,12.7,28514,15996,826,No,1408866,9,56.1,4.117,Medium Risk
48,Self-Employed,1.3,47937,4108,653,No,674281,12,8.57,1.172,Medium Risk
37,Self-Employed,19.0,93575,25355,710,Yes,2327017,6,27.1,2.072,Medium Risk
25,Self-Employed,2.5,98596,31005,513,Yes,1474699,3,31.45,1.246,High Risk
26,Salaried,7.5,178048,78289,551,No,499118,5,43.97,0.234,Medium Risk
42,Self-Employed,17.8,67872,28823,798,No,1071062,1,42.47,1.315,Low Risk
38,Self-Employed,16.9,164233,88792,540,No,2402406,15,54.06,1.219,Medium Risk
57,Business Owner,11.1,164799,78714,551,Yes,270865,5,47.76,0.137,Medium Risk
47,Salaried,13.3,90529,48135,570,No,2567526,1,53.17,2.363,Medium Risk
27,Self-Employed,0.9,114667,35993,554,No,2578220,9,31.39,1.874,Medium Risk
36,Salaried,6.3,68530,32313,791,No,535678,11,47.15,0.651,Low Risk
22,Self-Employed,1.3,53203,8517,849,No,1810900,1,16.01,2.836,Low Risk
64,Business Owner,17.6,171176,96976,596,No,1097874,1,56.65,0.534,Medium Risk
48,Salaried,12.5,121827,21333,770,No,671308,7,17.51,0.459,Low Risk
58,Self-Employed,18.3,95409,21475,815,Yes,622814,12,22.51,0.544,Medium Risk
47,Self-Employed,13.1,150463,7665,558,No,901803,12,5.09,0.499,Low Risk
37,Business Owner,2.9,68328,39589,797,No,2914477,4,57.94,3.555,Medium Risk
29,Business Owner,0.9,85534,45690,536,No,657683,4,53.42,0.641,High Risk
38,Salaried,11.7,190879,35624,556,No,157713,7,18.66,0.069,Low Risk
27,Self-Employed,2.3,57849,8419,831,No,1646678,6,14.55,2.372,Low Risk
47,Self-Employed,13.4,198340,45379,839,No,2763599,3,22.88,1.161,Low Risk
34,Self-Employed,6.0,194550,118242,839,No,2150651,5,60.78,0.921,Low Risk
48,Salaried,5.4,133585,46932,531,No,349948,12,35.13,0.218,Medium Risk
50,Business Owner,6.1,128371,15632,647,No,1271586,3,12.18,0.825,Low Risk
48,Salaried,9.7,158829,14682,732,No,2802180,4,9.24,1.47,Low Risk
49,Salaried,13.9,92250,54949,699,No,2114735,4,59.57,1.91,Medium Risk
49,Salaried,0.8,81452,38233,696,No,2414192,9,46.94,2.47,Medium Risk
62,Salaried,2.6,117211,45632,550,No,2861084,9,38.93,2.034,Medium Risk
40,Business Owner,8.4,36506,15283,554,No,1286205,5,41.86,2.936,Medium Risk
36,Business Owner,16.8,180850,76566,771,Yes,2732006,8,42.34,1.259,Medium Risk
54,Salaried,3.4,25130,6604,783,No,1531500,1,26.28,5.079,Medium Risk
51,Salaried,4.2,100304,52015,717,No,1240605,10,51.86,1.031,Medium Risk
33,Business Owner,6.3,177698,74169,682,No,2079101,10,41.74,0.975,Low Risk
33,Salaried,5.2,108119,30487,623,No,2168423,4,28.2,1.671,Low Risk
48,Business Owner,0.8,39993,4682,570,No,284032,4,11.71,0.592,Medium Risk
50,Self-Employed,10.9,39032,4555,780,No,669256,4,11.67,1.429,Low Risk
34,Salaried,6.2,29598,6414,800,No,1276128,11,21.67,3.593,Low Risk
58,Self-Employed,17.9,44505,12084,621,No,492210,13,27.15,0.922,Medium Risk
37,Business Owner,10.4,184916,122022,623,No,2989861,5,65.99,1.347,Medium Risk
55,Salaried,13.3,21666,14127,750,No,1007473,13,65.2,3.875,Medium Risk
47,Self-Employed,2.5,152042,65206,794,No,1891411,12,42.89,1.037,Low Risk
43,Self-Employed,15.2,165827,83305,513,No,2730694,10,50.24,1.372,Medium Risk
22,Business Owner,1.5,65106,38055,619,No,852422,4,58.45,1.091,Medium Risk
34,Salaried,2.6,140810,12649,730,No,664196,1,8.98,0.393,Low Risk
28,Business Owner,9.2,73520,21197,653,No,1911194,3,28.83,2.166,Low Risk
65,Salaried,16.8,61698,22083,503,No,247343,9,35.79,0.334,Medium Risk
32,Business Owner,11.9,130193,15694,580,No,744831,7,12.05,0.477,Low Risk
27,Self-Employed,2.4,63565,14174,766,No,2940138,9,22.3,3.855,Low Risk
58,Business Owner,19.7,138765,21135,804,No,2479401,4,15.23,1.489,Low Risk
49,Self-Employed,3.9,136673,31635,633,No,184002,4,23.15,0.112,Low Risk
46,Self-Employed,7.8,160364,56475,546,Yes,583802,13,35.22,0.303,Medium Risk
65,Salaried,18.1,80224,42443,773,Yes,574647,9,52.91,0.597,Medium Risk
51,Self-Employed,18.2,172217,88363,569,No,854104,9,51.31,0.413,Medium Risk
35,Salaried,4.5,33305,12672,810,No,411103,4,38.05,1.029,Low Risk
55,Business Owner,2.1,157645,62966,632,No,2402284,3,39.94,1.27,Medium Risk
32,Salaried,6.3,73818,10395,612,No,474899,9,14.08,0.536,Low Risk
30,Business Owner,5.6,130656,67758,779,No,1449904,8,51.86,0.925,Low Risk
31,Business Owner,4.0,108521,7539,505,No,2888717,12,6.95,2.218,Medium Risk
22,Business Owner,0.6,104540,16434,826,No,446586,12,15.72,0.356,Low Risk
33,Self-Employed,14.3,45758,15344,775,No,340113,13,33.53,0.619,Low Risk
61,Business Owner,19.4,26774,13855,680,No,2919321,2,51.75,9.086,High Risk
53,Business Owner,6.2,96582,21202,543,No,720520,10,21.95,0.622,Medium Risk
63,Business Owner,11.0,95283,35182,539,No,1312058,9,36.92,1.148,Medium Risk
60,Salaried,6.6,142912,10897,722,No,285163,10,7.62,0.166,Low Risk
24,Salaried,4.1,84385,24947,825,No,1616101,12,29.56,1.596,Low Risk
54,Self-Employed,10.8,126216,37299,562,No,726096,13,29.55,0.479,Low Risk
38,Business Owner,4.9,104316,30274,525,No,814020,13,29.02,0.65,Medium Risk
57,Self-Employed,14.7,164845,84778,820,No,1805957,4,51.43,0.913,Low Risk
36,Self-Employed,11.0,181011,74734,816,No,171279,13,41.29,0.079,Low Risk
60,Business Owner,19.1,157841,26848,533,No,297076,15,17.01,0.157,Low Risk
28,Self-Employed,2.9,158562,20735,784,Yes,120852,5,13.08,0.064,Medium Risk
61,Business Owner,5.5,188762,31210,742,No,1144446,9,16.53,0.505,Low Risk
33,Self-Employed,10.9,69200,27224,532,No,1115974,3,39.34,1.344,Medium Risk
64,Salaried,3.3,124879,56495,651,No,2288266,10,45.24,1.527,Low Risk
62,Business Owner,13.5,100608,31688,581,No,1860767,13,31.5,1.541,Low Risk
29,Self-Employed,8.1,158496,52316,553,No,1156335,2,33.01,0.608,Low Risk
50,Salaried,16.5,96447,64093,823,No,1587619,13,66.45,1.372,Low Risk
44,Self-Employed,17.4,31093,5326,617,No,1647897,6,17.13,4.417,Medium Risk
55,Business Owner,4.1,70245,47309,511,No,2070618,7,67.35,2.456,High Risk
40,Self-Employed,15.9,96179,36879,771,No,194338,13,38.34,0.168,Low Risk
35,Business Owner,2.3,83292,34271,756,No,1255250,6,41.15,1.256,Low Risk
29,Self-Employed,6.9,36129,17627,674,No,2980763,11,48.79,6.875,Medium Risk
24,Self-Employed,1.8,76658,14244,681,No,2307095,5,18.58,2.508,Medium Risk
58,Self-Employed,17.7,52028,15950,613,No,528555,2,30.66,0.847,Low Risk
27,Business Owner,5.6,157943,55784,563,No,2643662,4,35.32,1.395,Medium Risk
36,Business Owner,2.1,197938,35370,610,No,2801250,6,17.87,1.179,Low Risk
35,Salaried,15.1,29111,15143,542,Yes,2666390,13,52.02,7.633,High Risk
53,Self-Employed,15.3,105836,73495,548,No,2200018,14,69.44,1.732,Medium Risk
47,Business Owner,14.5,157487,99167,505,Yes,975366,14,62.97,0.516,High Risk
22,Salaried,2.6,107710,59899,557,No,2604824,9,55.61,2.015,High Risk
21,Salaried,2.2,107517,38381,754,No,1289710,14,35.7,1.0,Low Risk
59,Salaried,19.2,128923,83263,817,No,1743166,6,64.58,1.127,Low Risk
60,Self-Employed,3.1,35189,3504,809,No,616627,14,9.96,1.46,Low Risk
54,Business Owner,15.6,95192,11495,649,No,1765147,9,12.08,1.545,Low Risk
51,Self-Employed,16.8,173762,24421,708,No,761349,4,14.05,0.365,Low Risk
59,Business Owner,10.4,39267,8093,640,No,1854347,2,20.61,3.935,Medium Risk
26,Self-Employed,7.5,97056,13057,774,No,279740,14,13.45,0.24,Low Risk
44,Business Owner,0.9,108471,22179,702,No,294441,9,20.45,0.226,Low Risk
65,Salaried,2.8,53760,17592,509,Yes,909243,14,32.72,1.409,High Risk
24,Business Owner,5.4,114718,34861,811,No,214376,7,30.39,0.156,Low Risk
30,Business Owner,5.7,103985,68755,608,No,836134,13,66.12,0.67,Medium Risk
34,Self-Employed,14.4,113269,9496,720,No,869251,7,8.38,0.64,Low Risk
57,Salaried,10.0,147210,47977,787,No,698090,10,32.59,0.395,Low Risk
34,Business Owner,13.4,96126,51647,520,No,1375094,15,53.73,1.192,Medium Risk
56,Salaried,16.0,137291,76493,675,No,2100208,14,55.72,1.275,Medium Risk
63,Business Owner,14.9,158571,21997,523,No,2805894,6,13.87,1.475,Low Risk
60,Business Owner,2.9,46863,22661,731,No,175724,10,48.36,0.312,Medium Risk
24,Business Owner,2.5,167970,71815,533,No,1298582,10,42.75,0.644,Medium Risk
32,Salaried,10.1,138779,96414,798,No,1789696,13,69.47,1.075,Low Risk
59,Business Owner,11.7,184092,59550,819,No,1676504,14,32.35,0.759,Low Risk
63,Self-Employed,16.7,188230,83391,807,No,2934966,11,44.3,1.299,Low Risk
50,Salaried,17.8,97476,14072,687,No,2770836,10,14.44,2.369,Low Risk
36,Salaried,6.3,46986,11341,756,Yes,2488578,10,24.14,4.414,Medium Risk
33,Salaried,13.4,48404,8239,614,No,692622,13,17.02,1.192,Low Risk
48,Self-Employed,11.5,34358,10826,511,Yes,2083811,3,31.51,5.054,High Risk
46,Business Owner,2.8,129498,88321,515,No,829450,12,68.2,0.534,Medium Risk
34,Self-Employed,9.2,79797,30961,612,No,2878908,10,38.8,3.006,Medium Risk
44,Business Owner,5.3,156369,21898,787,No,1294124,14,14.0,0.69,Low Risk
21,Self-Employed,2.9,193954,24549,572,Yes,2475099,10,12.66,1.063,Medium Risk
48,Self-Employed,1.1,58598,18403,683,No,714936,7,31.41,1.017,Medium Risk
63,Self-Employed,2.3,164340,49069,693,No,2743891,2,29.86,1.391,Low Risk
34,Salaried,9.2,131661,14991,574,No,2316709,6,11.39,1.466,Low Risk
57,Self-Employed,19.6,51506,11010,598,No,1772145,9,21.38,2.867,Medium Risk
30,Salaried,7.3,101459,61113,639,No,270129,14,60.23,0.222,Medium Risk
22,Salaried,2.2,78650,3983,841,Yes,1921368,10,5.06,2.036,Medium Risk
46,Self-Employed,1.7,34457,4338,698,No,414810,2,12.59,1.003,Medium Risk
63,Salaried,16.4,107776,63083,513,No,377757,7,58.53,0.292,Medium Risk
54,Salaried,12.4,93202,9513,822,No,1448019,1,10.21,1.295,Low Risk
50,Self-Employed,15.6,185029,72009,798,Yes,2793050,7,38.92,1.258,Medium Risk
61,Salaried,1.5,116563,22535,643,No,2177307,8,19.33,1.557,Low Risk
49,Business Owner,6.0,62549,5493,729,Yes,1791224,13,8.78,2.386,Medium Risk
47,Business Owner,3.0,55964,15332,784,No,2163992,12,27.4,3.222,Low Risk
61,Self-Employed,18.5,32502,22371,789,No,2624124,2,68.83,6.728,Medium Risk
37,Salaried,7.8,157358,76871,634,No,919015,4,48.85,0.487,Low Risk
33,Self-Employed,3.9,54777,36713,660,No,818268,4,67.02,1.245,Medium Risk
43,Self-Employed,2.6,162786,106244,737,No,789010,11,65.27,0.404,Medium Risk
27,Salaried,5.6,20121,5974,612,No,1098131,14,29.69,4.548,Medium Risk
53,Business Owner,6.7,142612,53085,793,Yes,1676979,2,37.22,0.98,Medium Risk
33,Salaried,7.0,195079,78885,657,No,306293,12,40.44,0.131,Low Risk
31,Business Owner,4.5,56923,34819,650,No,496429,7,61.17,0.727,Medium Risk
38,Self-Employed,19.9,81999,28177,849,No,526206,7,34.36,0.535,Low Risk
51,Business Owner,2.6,57165,36487,755,No,814366,15,63.83,1.187,Medium Risk
32,Salaried,0.7,62330,29008,751,Yes,2570416,9,46.54,3.437,High Risk
32,Salaried,9.0,88445,34284,714,No,2390614,6,38.76,2.252,Low Risk
52,Business Owner,13.9,134800,27231,718,Yes,1071521,14,20.2,0.662,Medium Risk
55,Salaried,17.6,155082,25618,848,Yes,1813059,1,16.52,0.974,Low Risk
42,Salaried,11.7,137871,92904,511,No,2568815,9,67.38,1.553,Medium Risk
61,Self-Employed,8.4,51193,17653,531,No,2182322,4,34.48,3.552,Medium Risk
46,Business Owner,15.7,58415,35579,507,No,109443,7,60.91,0.156,Medium Risk
55,Salaried,2.1,64810,10842,822,No,2926470,3,16.73,3.763,Low Risk
26,Self-Employed,5.6,192898,55540,671,No,1976038,15,28.79,0.854,Low Risk
27,Business Owner,2.8,169273,25005,537,No,830709,2,14.77,0.409,Medium Risk
57,Salaried,6.9,124315,84509,804,Yes,2438435,10,67.98,1.635,Medium Risk
55,Business Owner,5.7,132711,60415,777,No,2393135,14,45.52,1.503,Low Risk
22,Salaried,0.9,29905,18035,517,Yes,1063847,11,60.31,2.965,High Risk
55,Self-Employed,19.5,176820,91219,628,No,1324181,11,51.59,0.624,Medium Risk
29,Self-Employed,9.8,108531,65117,812,No,2740381,2,60.0,2.104,Low Risk
62,Salaried,6.0,138453,63265,759,No,250153,12,45.69,0.151,Low Risk
62,Self-Employed,2.3,66934,13583,778,No,1737859,8,20.29,2.164,Low Risk
33,Business Owner,11.7,192156,32935,815,No,1695715,13,17.14,0.735,Low Risk
25,Business Owner,0.9,184578,88856,736,No,2332197,8,48.14,1.053,Medium Risk
45,Business Owner,3.4,183483,77702,723,No,745567,14,42.35,0.339,Low Risk
29,Self-Employed,5.9,71420,26500,519,No,2331959,6,37.1,2.721,Medium Risk
64,Business Owner,0.5,188702,32278,820,No,1646359,1,17.11,0.727,Low Risk
65,Self-Employed,17.7,193950,122492,684,No,1736426,7,63.16,0.746,Medium Risk
60,Self-Employed,13.9,169210,12675,844,No,1272715,15,7.49,0.627,Low Risk
55,Salaried,15.7,109818,66342,637,No,2296074,7,60.41,1.742,Medium Risk
50,Business Owner,8.2,56793,15872,813,No,2777229,4,27.95,4.075,Low Risk
61,Salaried,13.8,171008,102670,700,No,1031962,14,60.04,0.503,Low Risk
33,Business Owner,14.4,170102,111833,674,No,1193574,2,65.74,0.585,Medium Risk
64,Business Owner,18.4,68916,27324,672,No,2127119,3,39.65,2.572,Medium Risk
42,Self-Employed,3.8,170849,27628,801,No,1032269,6,16.17,0.503,Low Risk
54,Business Owner,15.7,117006,13625,758,No,1740892,6,11.64,1.24,Low Risk
44,Salaried,19.1,148354,57459,697,Yes,2443294,6,38.73,1.372,Medium Risk
22,Business Owner,1.6,147865,81688,647,No,1040391,1,55.24,0.586,Medium Risk
33,Self-Employed,9.6,51451,31927,762,No,412516,15,62.05,0.668,Low Risk
28,Self-Employed,6.2,63205,5087,767,No,1499283,10,8.05,1.977,Low Risk
36,Self-Employed,14.4,42547,25318,607,No,469968,6,59.51,0.92,Medium Risk
39,Self-Employed,2.6,105921,19224,610,No,1635577,10,18.15,1.287,Low Risk
34,Self-Employed,7.9,157501,17844,718,No,1430937,1,11.33,0.757,Low Risk
22,Business Owner,1.4,59239,29805,829,No,1288996,13,50.31,1.813,Medium Risk
26,Salaried,6.3,66484,23057,815,No,611762,12,34.68,0.767,Low Risk
58,Business Owner,9.7,35765,15855,567,No,128213,5,44.33,0.299,Medium Risk
44,Salaried,5.1,154809,60748,678,No,673989,15,39.24,0.363,Low Risk
42,Business Owner,16.3,132237,42376,666,Yes,2547657,9,32.05,1.605,Medium Risk
47,Self-Employed,11.0,93279,22772,585,No,1517215,9,24.41,1.355,Medium Risk
42,Business Owner,17.9,93299,37495,673,No,1869847,6,40.19,1.67,Low Risk
41,Business Owner,16.9,95506,15811,565,No,2676907,15,16.55,2.336,Medium Risk
28,Salaried,8.2,132225,91301,513,No,126246,15,69.05,0.08,Medium Risk
23,Salaried,1.2,100436,29340,617,No,1073454,2,29.21,0.891,Medium Risk
36,Salaried,11.7,50338,28670,662,No,123361,6,56.95,0.204,Medium Risk
42,Self-Employed,1.2,73501,33937,717,No,863988,11,46.17,0.98,Medium Risk
27,Self-Employed,3.1,156264,61117,696,No,2700310,12,39.11,1.44,Low Risk
52,Salaried,10.2,78218,25421,826,No,1327539,11,32.5,1.414,Low Risk
47,Salaried,15.1,54009,15560,763,Yes,803422,15,28.81,1.24,Medium Risk
44,Self-Employed,4.6,38243,14983,588,No,544014,12,39.18,1.185,Medium Risk
29,Salaried,9.3,53107,9566,573,Yes,2805946,1,18.01,4.403,High Risk
61,Self-Employed,12.7,35462,10467,504,Yes,2279320,4,29.52,5.356,High Risk
47,Self-Employed,10.0,73466,37938,737,No,2333521,3,51.64,2.647,Medium Risk
51,Self-Employed,10.6,42830,20659,590,No,1568374,8,48.23,3.052,Medium Risk
50,Self-Employed,5.6,115207,47849,636,No,1689262,3,41.53,1.222,Low Risk
57,Salaried,6.8,182165,19793,842,No,1703955,15,10.87,0.779,Low Risk
63,Business Owner,5.2,46804,14281,781,Yes,1943549,2,30.51,3.46,Medium Risk
62,Self-Employed,3.9,139843,69483,601,No,1011296,15,49.69,0.603,Medium Risk
57,Business Owner,11.9,68797,46221,514,No,823701,3,67.18,0.998,Medium Risk
57,Business Owner,18.2,76124,40471,587,Yes,1891387,13,53.16,2.071,High Risk
41,Business Owner,17.2,39755,18535,620,No,703446,4,46.62,1.475,Medium Risk
31,Self-Employed,8.7,84099,47354,776,No,2431798,5,56.31,2.41,Medium Risk
38,Self-Employed,2.9,188979,66326,752,No,1748704,5,35.1,0.771,Low Risk
36,Salaried,10.5,88429,54166,795,No,2189255,10,61.25,2.063,Medium Risk
28,Salaried,9.0,178232,104473,798,No,883473,10,58.62,0.413,Low Risk
32,Self-Employed,1.4,34532,9159,841,Yes,2065077,13,26.52,4.983,High Risk
54,Self-Employed,14.5,76160,28081,667,No,2441731,15,36.87,2.672,Medium Risk
54,Salaried,3.0,27360,15814,550,No,1628015,7,57.8,4.959,High Risk
24,Business Owner,1.5,29871,18645,635,No,2150785,10,62.42,6.0,High Risk
64,Self-Employed,10.6,152622,93306,724,No,983260,12,61.14,0.537,Low Risk
44,Business Owner,10.5,68406,13949,773,No,355353,13,20.39,0.433,Low Risk
23,Salaried,0.6,99194,20195,698,No,2501934,14,20.36,2.102,Medium Risk
57,Self-Employed,2.6,37408,10305,583,Yes,2492918,15,27.55,5.553,High Risk
26,Salaried,6.3,188535,80160,800,No,2885052,1,42.52,1.275,Low Risk
26,Self-Employed,2.0,92662,44009,761,No,2667250,14,47.49,2.399,Medium Risk
33,Salaried,8.9,143233,14856,803,No,2653061,2,10.37,1.544,Low Risk
30,Self-Employed,1.1,59565,31310,559,No,595260,14,52.56,0.833,High Risk
64,Business Owner,19.2,127508,45043,838,No,583040,10,35.33,0.381,Low Risk
64,Salaried,2.8,120291,37501,566,Yes,275536,2,31.18,0.191,High Risk
60,Business Owner,1.1,55648,28934,838,No,2319437,13,51.99,3.473,Medium Risk
49,Salaried,4.4,183308,98144,609,No,2498654,4,53.54,1.136,Medium Risk
48,Self-Employed,7.1,160548,9427,591,No,2889815,13,5.87,1.5,Low Risk
40,Business Owner,2.5,93936,15451,546,No,2442043,11,16.45,2.166,Medium Risk
46,Business Owner,10.7,108383,65994,795,No,664696,3,60.89,0.511,Low Risk
59,Self-Employed,7.8,24486,14594,802,No,1638165,6,59.6,5.575,Medium Risk
45,Salaried,16.3,191745,9741,609,No,2486014,10,5.08,1.08,Low Risk
43,Salaried,15.7,172950,64469,508,No,1059921,8,37.28,0.511,Medium Risk
28,Salaried,3.1,131112,86253,781,No,1638011,7,65.79,1.041,Low Risk
40,Salaried,4.6,27088,5921,538,Yes,755026,1,21.86,2.323,High Risk
30,Self-Employed,11.2,130745,17000,814,No,1068073,9,13.0,0.681,Low Risk
52,Self-Employed,1.7,177041,80133,726,No,458082,7,45.26,0.216,Low Risk
48,Business Owner,0.9,79821,10735,644,No,548956,6,13.45,0.573,Medium Risk
41,Self-Employed,19.1,61575,36209,850,No,131782,4,58.8,0.178,Low Risk
65,Business Owner,17.4,28489,6048,563,No,1623315,15,21.23,4.748,Medium Risk
46,Self-Employed,11.5,187729,64477,716,Yes,1392933,10,34.35,0.618,Medium Risk
25,Self-Employed,3.4,197489,109793,678,No,1883292,14,55.59,0.795,Medium Risk
32,Salaried,3.9,47898,6656,628,No,111458,2,13.9,0.194,Medium Risk
23,Business Owner,0.8,51066,29017,763,No,969141,1,56.82,1.582,Medium Risk
47,Business Owner,5.0,137788,42592,546,No,1877568,9,30.91,1.136,Low Risk
23,Business Owner,0.6,45540,26323,843,No,550477,3,57.8,1.007,Medium Risk
58,Salaried,17.4,48359,33040,531,No,919926,9,68.32,1.585,Medium Risk
23,Self-Employed,2.5,84619,7195,617,No,300480,14,8.5,0.296,Medium Risk
39,Self-Employed,19.4,92233,34110,602,No,833921,2,36.98,0.753,Medium Risk
33,Salaried,0.8,134057,22538,772,Yes,2936885,6,16.81,1.826,Medium Risk
49,Self-Employed,14.2,176279,37890,515,No,2454086,1,21.49,1.16,Low Risk
42,Salaried,20.0,72524,32239,580,No,1943296,15,44.45,2.233,Medium Risk
37,Self-Employed,17.0,134506,78696,540,No,368748,9,58.51,0.228,Medium Risk
36,Salaried,12.7,144519,9009,529,Yes,1790238,7,6.23,1.032,Medium Risk
48,Salaried,6.6,106594,48761,512,No,588550,1,45.74,0.46,Medium Risk
49,Business Owner,10.0,142515,18642,629,No,2847701,5,13.08,1.665,Low Risk
58,Salaried,11.1,164712,15510,788,No,2746918,12,9.42,1.39,Low Risk
38,Business Owner,0.6,85350,41310,533,No,821926,1,48.4,0.803,Medium Risk
37,Business Owner,11.8,29934,17215,652,No,2607914,14,57.51,7.26,High Risk
52,Self-Employed,15.8,158723,110043,827,No,373127,4,69.33,0.196,Low Risk
50,Business Owner,9.1,51530,29830,695,No,1327320,2,57.89,2.147,Medium Risk
47,Self-Employed,19.1,58912,11228,646,Yes,2134327,8,19.06,3.019,Medium Risk
57,Self-Employed,5.3,65664,35815,723,No,2989389,9,54.54,3.794,Medium Risk
63,Business Owner,12.1,172794,72487,558,Yes,1970944,13,41.95,0.951,Medium Risk
21,Salaried,2.3,89235,14040,720,No,2869592,3,15.73,2.68,Low Risk
22,Salaried,2.1,155153,54223,776,No,543300,2,34.95,0.292,Low Risk
47,Salaried,16.9,193213,93222,514,No,2870086,11,48.25,1.238,Medium Risk
37,Salaried,16.2,163064,108179,542,No,2970355,12,66.34,1.518,Medium Risk
60,Business Owner,10.5,152240,95183,799,No,714909,15,62.52,0.391,Low Risk
28,Salaried,9.8,25875,13588,775,No,2564771,5,52.51,8.26,Medium Risk
63,Business Owner,1.1,38509,26218,704,Yes,1375546,9,68.08,2.977,High Risk
29,Salaried,8.5,138303,92030,682,No,1077850,10,66.54,0.649,Medium Risk
49,Business Owner,7.8,23023,9219,531,No,1188424,9,40.04,4.302,High Risk
23,Self-Employed,2.6,144066,69624,592,No,1694883,10,48.33,0.98,Medium Risk
26,Self-Employed,5.0,43987,24061,842,No,761991,9,54.7,1.444,Medium Risk
52,Business Owner,16.4,90887,51301,807,No,2447505,15,56.44,2.244,Medium Risk
53,Salaried,9.5,122787,52318,843,Yes,2101252,11,42.61,1.426,Medium Risk
61,Salaried,5.7,174361,48911,560,No,470931,13,28.05,0.225,Low Risk
58,Self-Employed,2.7,131974,10375,782,No,842514,8,7.86,0.532,Low Risk
39,Business Owner,17.9,165021,68124,670,No,1584962,2,41.28,0.8,Low Risk
50,Business Owner,16.1,192656,93538,703,No,2784348,1,48.55,1.204,Low Risk
59,Self-Employed,14.2,94197,55841,692,No,1142934,12,59.28,1.011,Medium Risk
37,Business Owner,8.4,89637,30879,659,No,1962046,1,34.45,1.824,Low Risk
30,Business Owner,4.4,121170,17269,682,No,1119878,14,14.25,0.77,Low Risk
61,Self-Employed,5.9,163317,21441,757,Yes,1031146,5,13.13,0.526,Low Risk
55,Self-Employed,10.9,151546,30032,521,Yes,676546,5,19.82,0.372,Medium Risk
46,Self-Employed,3.5,158204,53689,794,No,192504,10,33.94,0.101,Low Risk
25,Salaried,2.4,76217,53288,557,No,1141383,6,69.92,1.248,High Risk
63,Business Owner,13.0,62793,43897,604,No,552819,4,69.91,0.734,Medium Risk
34,Self-Employed,11.7,20111,5473,627,No,1167502,6,27.21,4.838,Medium Risk
56,Business Owner,2.3,107149,59665,511,Yes,1611275,15,55.68,1.253,High Risk
38,Self-Employed,10.2,88729,11621,549,No,2827496,1,13.1,2.656,Medium Risk
33,Business Owner,4.7,27406,15402,713,No,364994,8,56.2,1.11,Medium Risk
51,Business Owner,1.8,155210,20551,632,No,2504320,13,13.24,1.345,Low Risk
55,Business Owner,1.3,161830,108697,501,Yes,2036615,14,67.17,1.049,High Risk
56,Salaried,2.4,40871,13808,711,No,538666,13,33.78,1.098,Medium Risk
35,Self-Employed,10.8,123420,56438,635,No,2685654,11,45.73,1.813,Low Risk
55,Business Owner,16.2,85267,42998,797,No,2694366,9,50.43,2.633,Medium Risk
49,Self-Employed,18.6,119919,50209,546,No,2567727,5,41.87,1.784,Medium Risk
41,Business Owner,1.5,52536,23584,806,No,345736,14,44.89,0.548,Low Risk
64,Self-Employed,19.9,84591,42553,695,Yes,286598,6,50.3,0.282,High Risk
28,Salaried,5.0,130751,64565,531,No,2599832,9,49.38,1.657,Medium Risk
56,Self-Employed,4.5,102414,21667,831,No,2258673,10,21.16,1.838,Low Risk
37,Self-Employed,7.4,34630,10262,503,No,2591908,11,29.63,6.237,Medium Risk
62,Business Owner,6.4,55621,13581,797,No,296957,5,24.42,0.445,Low Risk
45,Self-Employed,13.8,91820,51473,785,No,1909171,8,56.06,1.733,Low Risk
47,Salaried,6.9,134243,29585,507,No,1403346,6,22.04,0.871,Low Risk
48,Self-Employed,10.1,136154,36890,514,No,1394032,13,27.09,0.853,Low Risk
41,Salaried,4.2,152755,87593,514,No,1117188,14,57.34,0.609,Medium Risk
44,Self-Employed,16.1,119945,67065,824,No,1856297,6,55.91,1.29,Low Risk
65,Self-Employed,1.6,123937,57160,809,No,1060085,15,46.12,0.713,Low Risk
24,Salaried,4.3,197017,64340,595,No,738187,5,32.66,0.312,Medium Risk
32,Self-Employed,6.3,145400,72855,742,No,663448,13,50.11,0.38,Low Risk
41,Business Owner,1.8,27274,3201,590,No,519072,2,11.74,1.586,Medium Risk
44,Business Owner,16.4,85850,34058,764,No,351526,1,39.67,0.341,Low Risk
55,Salaried,2.6,174352,67226,702,No,2174226,9,38.56,1.039,Low Risk
29,Salaried,9.7,65321,27800,683,No,157126,15,42.56,0.2,Low Risk
38,Self-Employed,3.1,127098,71829,584,No,1882529,2,56.51,1.234,Medium Risk
30,Business Owner,1.8,63155,5353,770,No,2107904,6,8.48,2.781,Low Risk
35,Self-Employed,6.2,174335,91382,772,No,2424095,6,52.42,1.159,Low Risk
61,Salaried,7.7,89396,59555,589,No,617601,11,66.62,0.576,Medium Risk
56,Business Owner,15.1,151979,39635,629,No,1225561,1,26.08,0.672,Low Risk
23,Business Owner,4.8,86706,21553,688,No,2059679,6,24.86,1.98,Low Risk
30,Salaried,10.2,40107,4910,599,No,1976738,5,12.24,4.107,Medium Risk
55,Business Owner,15.4,148779,73409,817,No,455957,8,49.34,0.255,Low Risk
49,Self-Employed,15.4,83673,40324,830,No,797754,8,48.19,0.795,Low Risk
31,Salaried,2.9,165513,66252,850,No,405244,15,40.03,0.204,Low Risk
51,Self-Employed,14.4,191718,77241,534,No,1723299,4,40.29,0.749,Medium Risk
23,Self-Employed,2.0,186551,32896,697,No,1062779,6,17.63,0.475,Low Risk
55,Business Owner,16.7,89930,40980,617,No,1062669,15,45.57,0.985,Medium Risk
40,Salaried,1.2,186296,98960,763,No,1762366,8,53.12,0.788,Medium Risk
51,Business Owner,6.1,37553,22444,676,Yes,1269599,5,59.77,2.817,High Risk
37,Business Owner,18.2,88590,19510,527,No,981919,14,22.02,0.924,Medium Risk
55,Self-Employed,13.9,144547,63861,611,No,2417231,2,44.18,1.394,Low Risk
21,Business Owner,2.2,195510,50505,829,No,716913,9,25.83,0.306,Low Risk
50,Business Owner,10.5,86966,53761,697,No,2481939,10,61.82,2.378,Medium Risk
48,Business Owner,10.8,60633,37903,806,No,1419117,8,62.51,1.95,Low Risk
58,Business Owner,3.1,145656,17191,730,No,1164485,7,11.8,0.666,Low Risk
35,Salaried,13.9,176819,70956,695,No,834127,5,40.13,0.393,Low Risk
29,Salaried,9.2,190052,37469,730,No,1087615,4,19.72,0.477,Low Risk
57,Salaried,3.4,49551,34213,837,No,226179,7,69.05,0.38,Medium Risk
31,Business Owner,3.1,65194,25172,763,Yes,2524618,9,38.61,3.227,Medium Risk
34,Salaried,2.8,31739,18426,507,No,837061,15,58.05,2.198,High Risk
21,Salaried,0.7,156844,47188,722,No,290042,15,30.09,0.154,Low Risk
22,Business Owner,3.4,176464,85842,785,Yes,2938433,8,48.65,1.388,Medium Risk
45,Salaried,0.7,41918,24379,596,No,489820,5,58.16,0.974,High Risk
24,Business Owner,1.8,164974,39278,663,No,2789191,2,23.81,1.409,Low Risk
58,Business Owner,15.2,146507,33643,781,No,917836,6,22.96,0.522,Low Risk
40,Self-Employed,17.4,174324,44567,846,No,246252,1,25.57,0.118,Low Risk
33,Business Owner,11.7,24430,8479,706,Yes,114714,6,34.71,0.391,Medium Risk
38,Self-Employed,19.1,174226,51653,538,No,2990008,1,29.65,1.43,Low Risk
48,Self-Employed,19.5,195228,59243,637,No,154701,15,30.35,0.066,Low Risk
62,Self-Employed,18.4,98404,60408,546,No,1042860,5,61.39,0.883,Medium Risk
21,Self-Employed,1.9,46364,14337,802,No,2694654,8,30.92,4.843,Medium Risk
23,Business Owner,3.3,116281,64240,599,No,2399463,4,55.25,1.72,Medium Risk
39,Business Owner,3.2,160062,83496,789,No,768176,7,52.16,0.4,Low Risk
59,Self-Employed,15.8,158400,32021,721,No,2281201,15,20.22,1.2,Low Risk
61,Business Owner,2.8,158710,110582,838,No,2676834,2,69.68,1.406,Medium Risk
44,Salaried,7.7,175021,57528,685,No,425202,10,32.87,0.202,Low Risk
50,Self-Employed,1.0,175897,35863,511,Yes,656588,7,20.39,0.311,High Risk
65,Self-Employed,9.4,185428,72184,786,No,883378,7,38.93,0.397,Low Risk
21,Self-Employed,2.9,165043,99951,792,No,683847,2,60.56,0.345,Medium Risk
50,Self-Employed,7.0,102406,69788,560,No,2016453,5,68.15,1.641,Medium Risk
26,Business Owner,6.1,147999,35952,808,No,413013,2,24.29,0.233,Low Risk
55,Business Owner,16.0,189077,77224,643,No,2583953,7,40.84,1.139,Low Risk
29,Self-Employed,3.3,62655,8872,744,No,2564719,2,14.16,3.411,Low Risk
49,Salaried,16.3,89293,46312,687,No,653188,2,51.87,0.61,Medium Risk
56,Self-Employed,13.8,117739,43089,523,No,2221468,3,36.6,1.572,Medium Risk
21,Business Owner,0.9,116251,43363,500,No,175756,12,37.3,0.126,Medium Risk
24,Salaried,4.0,77555,50525,675,No,321631,8,65.15,0.346,Medium Risk
31,Salaried,10.8,92992,55884,740,Yes,2210148,3,60.1,1.981,Medium Risk
56,Business Owner,6.9,93399,4977,545,No,2834475,15,5.33,2.529,Medium Risk
54,Salaried,3.6,88633,45743,623,No,1860287,2,51.61,1.749,Medium Risk
45,Business Owner,18.5,117816,6369,533,No,1574013,9,5.41,1.113,Low Risk
62,Business Owner,15.2,35466,3882,794,No,104302,10,10.95,0.245,Low Risk
32,Self-Employed,12.5,48628,33441,836,No,879846,7,68.77,1.508,Medium Risk
26,Business Owner,7.1,115086,22766,725,No,2488705,3,19.78,1.802,Low Risk
33,Salaried,1.0,38580,22233,803,No,161680,1,57.63,0.349,Medium Risk
51,Self-Employed,18.2,191349,20341,758,No,1409706,9,10.63,0.614,Low Risk
41,Business Owner,6.2,189308,26797,790,No,1833104,10,14.16,0.807,Low Risk
56,Business Owner,4.7,128036,35082,804,No,2080623,13,27.4,1.354,Low Risk
28,Self-Employed,8.4,43092,29025,763,Yes,2088666,4,67.36,4.039,High Risk
40,Business Owner,2.1,38539,2817,670,No,1575535,13,7.31,3.407,Medium Risk
56,Business Owner,12.4,78138,38678,535,No,1344743,4,49.5,1.434,Medium Risk
44,Self-Employed,5.5,83427,22467,577,No,353652,7,26.93,0.353,Medium Risk
38,Business Owner,9.0,132529,45202,801,No,1154326,15,34.11,0.726,Low Risk
40,Business Owner,10.3,163435,40428,590,No,1055678,7,24.74,0.538,Low Risk
61,Self-Employed,8.4,56149,22523,669,No,1968629,14,40.11,2.922,Medium Risk
49,Self-Employed,14.2,123146,34982,817,No,435802,6,28.41,0.295,Low Risk
46,Salaried,4.5,67912,35584,504,No,2368456,15,52.4,2.906,High Risk
42,Self-Employed,2.6,149337,68518,658,No,2893752,10,45.88,1.615,Medium Risk
27,Salaried,1.3,41845,29204,736,No,1726971,2,69.79,3.439,Medium Risk
59,Business Owner,0.9,106123,60865,727,No,326422,11,57.35,0.256,Medium Risk
65,Salaried,3.8,26237,8238,817,No,1080661,6,31.4,3.432,Medium Risk
38,Business Owner,18.8,198936,32851,500,Yes,2897019,3,16.51,1.214,Medium Risk
32,Self-Employed,12.7,168344,47519,530,No,1851880,13,28.23,0.917,Low Risk
65,Salaried,2.0,49096,13218,593,Yes,1555526,13,26.92,2.64,High Risk
62,Business Owner,13.9,88060,29597,816,No,1937363,5,33.61,1.833,Low Risk
23,Self-Employed,0.9,136114,69108,566,No,2409990,1,50.77,1.475,High Risk
43,Business Owner,15.0,196703,56651,514,Yes,2895197,13,28.8,1.227,Medium Risk
25,Salaried,0.6,122936,29148,846,No,1375330,13,23.71,0.932,Low Risk
21,Salaried,2.2,171775,21822,642,No,231838,15,12.7,0.112,Low Risk
34,Self-Employed,1.2,180320,90913,645,No,2376504,5,50.42,1.098,Medium Risk
61,Business Owner,18.2,78033,54141,672,Yes,2686205,15,69.38,2.869,High Risk
32,Business Owner,5.3,83866,53762,790,No,291699,6,64.1,0.29,Low Risk
45,Salaried,1.1,126838,85798,791,Yes,154728,11,67.64,0.102,Medium Risk
22,Self-Employed,2.5,163523,14425,779,No,1942273,8,8.82,0.99,Low Risk
37,Salaried,14.9,83343,58130,756,No,2953041,3,69.75,2.953,Medium Risk
34,Business Owner,3.5,95753,23880,691,Yes,186030,1,24.94,0.162,Medium Risk
46,Self-Employed,9.4,61202,16354,504,No,2754504,6,26.72,3.751,Medium Risk
21,Salaried,1.7,119479,30290,566,Yes,870262,5,25.35,0.607,High Risk
27,Self-Employed,5.1,68174,29204,821,No,2502003,12,42.84,3.058,Low Risk
30,Salaried,9.6,100665,26693,548,No,234000,10,26.52,0.194,Low Risk
23,Business Owner,4.5,130560,77723,523,No,123566,11,59.53,0.079,Medium Risk
55,Business Owner,18.3,153807,33012,507,No,589258,2,21.46,0.319,Low Risk
45,Self-Employed,9.2,55672,25084,503,No,2945156,6,45.06,4.408,Medium Risk
50,Self-Employed,15.2,167475,68952,778,No,2472271,14,41.17,1.23,Low Risk
32,Salaried,2.8,175607,96793,659,No,294725,4,55.12,0.14,Medium Risk
36,Self-Employed,12.2,66971,38058,572,No,1583622,9,56.83,1.971,Medium Risk
32,Salaried,4.0,141468,88906,805,No,1966119,2,62.85,1.158,Low Risk
26,Self-Employed,6.8,79152,40676,781,No,892912,7,51.39,0.94,Low Risk
65,Salaried,2.4,179382,93568,587,No,2299631,13,52.16,1.068,Medium Risk
28,Business Owner,5.9,148144,77007,687,No,1919215,2,51.98,1.08,Medium Risk
28,Business Owner,4.6,160386,46741,781,No,2568520,15,29.14,1.335,Low Risk
41,Business Owner,15.1,143324,22769,548,No,2267465,1,15.89,1.318,Low Risk
24,Self-Employed,5.5,145501,57871,809,Yes,381726,9,39.77,0.219,Medium Risk
45,Business Owner,18.9,153305,98207,745,Yes,2235171,5,64.06,1.215,Medium Risk
42,Self-Employed,17.4,192322,21614,763,No,2099726,3,11.24,0.91,Low Risk
21,Salaried,0.9,76033,34198,774,No,1058979,3,44.98,1.161,Medium Risk
63,Salaried,1.7,43247,9961,749,Yes,2846571,4,23.03,5.485,High Risk
29,Business Owner,9.5,48758,4531,684,No,923270,12,9.29,1.578,Low Risk
21,Business Owner,0.8,184443,97314,565,No,971818,1,52.76,0.439,High Risk
38,Business Owner,14.1,77414,46761,566,No,2188876,6,60.4,2.356,Medium Risk
29,Business Owner,9.7,83884,24528,599,No,647955,9,29.24,0.644,Medium Risk
26,Self-Employed,3.0,32329,10172,702,No,2961278,14,31.46,7.633,Medium Risk
24,Self-Employed,4.4,175941,35193,725,No,1592580,7,20.0,0.754,Low Risk
58,Salaried,12.4,78784,10700,536,No,2833684,3,13.58,2.997,Medium Risk
59,Salaried,8.6,199775,137022,537,No,1685950,14,68.59,0.703,Medium Risk
59,Salaried,17.3,61712,26433,771,No,222354,5,42.83,0.3,Low Risk
36,Business Owner,10.0,92327,8630,698,No,732651,10,9.35,0.661,Low Risk
26,Salaried,7.5,130047,47656,756,No,1802311,9,36.65,1.155,Low Risk
44,Self-Employed,16.9,123089,42998,520,No,1752560,15,34.93,1.187,Low Risk
30,Salaried,7.1,123210,35156,530,No,1303512,13,28.53,0.882,Low Risk
37,Self-Employed,12.6,135599,91862,700,Yes,2972501,5,67.75,1.827,Medium Risk
59,Salaried,14.5,168780,54168,504,No,2635533,7,32.09,1.301,Low Risk
31,Self-Employed,2.9,64287,19316,722,Yes,592709,2,30.05,0.768,Medium Risk
39,Salaried,5.5,127724,61633,675,Yes,2427021,12,48.25,1.584,Medium Risk
41,Self-Employed,13.6,46584,22894,762,No,264797,9,49.15,0.474,Low Risk
52,Business Owner,19.0,181926,20695,818,Yes,718739,11,11.38,0.329,Low Risk
36,Business Owner,5.9,42186,20153,792,No,1205910,4,47.77,2.382,Low Risk
33,Business Owner,5.4,82763,51875,644,Yes,882904,15,62.68,0.889,High Risk
44,Business Owner,1.6,159363,32399,625,No,948536,14,20.33,0.496,Medium Risk
23,Business Owner,1.6,40626,20685,687,No,2318795,8,50.92,4.756,High Risk
46,Salaried,7.8,90012,26136,739,No,1737474,15,29.04,1.609,Low Risk
65,Business Owner,13.7,150909,39996,732,No,1225126,12,26.5,0.677,Low Risk
61,Self-Employed,19.0,114500,77698,723,No,2080500,14,67.86,1.514,Low Risk
38,Self-Employed,8.0,175883,97615,695,Yes,366682,7,55.5,0.174,Medium Risk
34,Self-Employed,2.5,66421,18141,689,No,133216,10,27.31,0.167,Medium Risk
42,Business Owner,18.4,100307,38140,674,No,1773950,10,38.02,1.474,Low Risk
30,Self-Employed,9.5,117311,49765,703,No,1973529,3,42.42,1.402,Low Risk
28,Salaried,0.6,92399,12831,688,No,2568353,2,13.89,2.316,Medium Risk
38,Salaried,8.0,94950,7996,841,Yes,2829087,9,8.42,2.483,Medium Risk
58,Salaried,5.3,61264,40534,559,No,1428482,15,66.16,1.943,Medium Risk
40,Salaried,14.5,34637,11926,711,No,2020562,4,34.43,4.861,Medium Risk
27,Business Owner,8.2,27861,11066,562,No,2326463,14,39.72,6.959,High Risk
43,Salaried,3.3,51522,5235,781,No,2436149,5,10.16,3.94,Low Risk
41,Salaried,4.6,192475,44574,590,No,2220161,13,23.16,0.961,Medium Risk
50,Self-Employed,5.7,198330,93774,847,No,571559,8,47.28,0.24,Low Risk
33,Business Owner,14.5,189896,124751,846,No,2318941,7,65.69,1.018,Low Risk
42,Business Owner,16.5,78343,49999,736,No,2521391,7,63.82,2.682,Medium Risk
46,Business Owner,6.8,69361,12259,501,No,359817,11,17.67,0.432,Low Risk
23,Business Owner,3.7,59977,34720,774,No,1641354,6,57.89,2.281,Medium Risk
62,Business Owner,13.3,31961,2354,577,No,2962270,3,7.37,7.724,Medium Risk
29,Salaried,3.7,103830,36447,599,No,211022,10,35.1,0.169,Medium Risk
40,Salaried,19.4,52353,28794,611,No,2319150,13,55.0,3.692,Medium Risk
61,Business Owner,2.2,63117,40425,601,No,1685796,10,64.05,2.226,High Risk
43,Self-Employed,14.3,155816,86340,590,Yes,212361,10,55.41,0.114,High Risk
62,Salaried,11.7,185456,112454,626,No,1666693,10,60.64,0.749,Medium Risk
43,Business Owner,13.8,81507,11935,577,No,1956792,4,14.64,2.001,Medium Risk
65,Business Owner,4.2,156894,69379,589,No,1625009,14,44.22,0.863,Medium Risk
51,Business Owner,14.0,78211,43658,615,No,1875142,7,55.82,1.998,Medium Risk
26,Business Owner,3.1,29111,10340,546,Yes,2412013,8,35.52,6.905,High Risk
23,Business Owner,1.3,179156,66931,561,No,764356,14,37.36,0.356,Medium Risk
33,Self-Employed,1.1,23711,8759,579,No,1585709,11,36.94,5.573,High Risk
56,Salaried,17.9,166348,81602,823,Yes,475979,14,49.05,0.238,Medium Risk
52,Business Owner,16.0,185220,61601,634,No,1183265,13,33.26,0.532,Low Risk
46,Self-Employed,4.4,136029,73447,567,No,1008867,12,53.99,0.618,Medium Risk
30,Salaried,11.5,153263,9345,554,No,1324891,5,6.1,0.72,Low Risk
30,Self-Employed,6.9,195729,118953,789,No,2889229,11,60.77,1.23,Low Risk
61,Salaried,4.0,112730,35315,693,No,2691796,6,31.33,1.99,Low Risk
34,Self-Employed,10.7,122134,25338,825,No,2108184,14,20.75,1.438,Low Risk
36,Salaried,15.5,50078,19807,639,No,2162659,5,39.55,3.599,Medium Risk
27,Salaried,0.6,195374,49804,786,Yes,611808,11,25.49,0.261,Medium Risk
56,Self-Employed,3.4,193012,18651,697,No,2872847,1,9.66,1.24,Low Risk
53,Self-Employed,13.4,80093,33727,742,No,1719489,2,42.11,1.789,Low Risk
41,Business Owner,5.9,144818,11480,663,No,405015,13,7.93,0.233,Low Risk
32,Business Owner,9.4,116544,12378,637,No,2474925,13,10.62,1.77,Low Risk
64,Self-Employed,6.9,91203,5562,843,No,1676954,10,6.1,1.532,Low Risk
34,Business Owner,5.5,163424,60928,594,No,102214,13,37.28,0.052,Medium Risk
29,Salaried,3.2,133926,91693,841,No,2712000,14,68.47,1.687,Low Risk
62,Self-Employed,2.4,193442,20964,657,No,946349,10,10.84,0.408,Low Risk
36,Business Owner,8.0,182609,57028,772,No,2003808,7,31.23,0.914,Low Risk
23,Business Owner,4.8,144404,27459,584,No,2129509,4,19.02,1.229,Low Risk
26,Business Owner,7.9,68594,9308,833,No,218775,8,13.57,0.266,Low Risk
42,Business Owner,11.7,159045,63236,743,No,1863103,6,39.76,0.976,Low Risk
36,Business Owner,16.9,185403,91813,658,No,2627562,2,49.52,1.181,Low Risk
61,Self-Employed,6.9,69381,4862,762,No,2525223,11,7.01,3.033,Low Risk
42,Salaried,5.0,57940,4617,561,No,1576281,14,7.97,2.267,Medium Risk
22,Self-Employed,2.2,119126,27040,644,No,2013000,13,22.7,1.408,Medium Risk
39,Self-Employed,0.6,33091,1680,715,Yes,2047277,7,5.08,5.156,High Risk
40,Self-Employed,11.1,134100,49975,652,No,2587582,8,37.27,1.608,Low Risk
40,Salaried,8.7,72771,21881,677,No,241661,5,30.07,0.277,Low Risk
42,Salaried,0.9,84032,23483,612,No,257852,10,27.95,0.256,Medium Risk
45,Self-Employed,11.5,181600,31091,737,No,560995,15,17.12,0.257,Low Risk
61,Business Owner,13.2,56006,23525,694,No,963559,1,42.0,1.434,Low Risk
65,Self-Employed,12.1,22085,3677,679,No,2318854,3,16.65,8.75,Medium Risk
50,Self-Employed,13.7,131821,32271,540,Yes,2675644,5,24.48,1.691,Medium Risk
54,Business Owner,17.1,169400,92534,813,No,1281505,7,54.62,0.63,Low Risk
63,Self-Employed,5.3,106614,57563,649,No,1389293,12,53.99,1.086,Medium Risk
37,Salaried,15.1,100046,44800,702,No,2631181,10,44.78,2.192,Low Risk
36,Business Owner,4.7,87758,20120,730,No,2511388,15,22.93,2.385,Low Risk
38,Self-Employed,5.6,157841,85770,836,No,818640,3,54.34,0.432,Low Risk
35,Salaried,10.3,151204,48851,809,No,1016565,10,32.31,0.56,Low Risk
63,Business Owner,13.0,156940,67282,638,No,761413,2,42.87,0.404,Low Risk
21,Business Owner,1.6,36044,17998,558,Yes,281830,8,49.93,0.652,High Risk
41,Self-Employed,18.0,155940,43045,646,No,1831402,6,27.6,0.979,Low Risk
42,Self-Employed,16.1,54579,33208,564,No,142616,1,60.84,0.218,Medium Risk
40,Self-Employed,11.6,99793,29736,532,No,2662461,4,29.8,2.223,Medium Risk
57,Salaried,16.5,57076,36141,682,No,581500,4,63.32,0.849,Medium Risk
50,Self-Employed,17.2,113385,44639,804,No,1487338,10,39.37,1.093,Low Risk
42,Business Owner,13.7,143562,97119,784,Yes,430852,15,67.65,0.25,Medium Risk
57,Business Owner,4.8,38031,8356,684,No,893363,5,21.97,1.958,Medium Risk
65,Self-Employed,8.2,78009,8192,614,Yes,2409929,6,10.5,2.574,Medium Risk
24,Salaried,2.1,68121,11841,708,No,2913323,12,17.38,3.564,Low Risk
29,Salaried,9.5,71092,17881,649,No,1805309,4,25.15,2.116,Medium Risk
62,Salaried,0.9,80814,38883,796,No,2930304,13,48.11,3.022,Medium Risk
63,Self-Employed,15.7,161629,95406,516,No,2831016,6,59.03,1.46,Medium Risk
30,Business Owner,10.4,119989,64749,525,No,2842313,2,53.96,1.974,Medium Risk
62,Business Owner,19.5,134859,84695,532,No,889886,1,62.8,0.55,Medium Risk
40,Salaried,16.9,35321,5328,774,No,1637685,1,15.08,3.864,Low Risk
31,Salaried,10.7,179777,119337,716,No,859898,8,66.38,0.399,Low Risk
42,Business Owner,17.5,61807,11084,568,No,743062,10,17.93,1.002,Low Risk
35,Salaried,2.7,55243,14619,793,Yes,1003982,4,26.46,1.514,Medium Risk
21,Salaried,0.6,71712,15408,739,No,615294,11,21.49,0.715,Medium Risk
48,Self-Employed,7.6,22806,7626,718,No,2106505,10,33.44,7.697,Medium Risk
60,Self-Employed,15.1,102624,21749,529,No,2791715,6,21.19,2.267,Medium Risk
34,Salaried,1.7,65361,41939,797,No,1183452,14,64.17,1.509,Medium Risk
52,Salaried,5.1,76828,17367,567,No,2365694,5,22.61,2.566,Medium Risk
50,Salaried,19.0,172443,99357,508,No,783857,3,57.62,0.379,Medium Risk
63,Salaried,6.2,117858,10374,711,Yes,1186087,11,8.8,0.839,Low Risk
55,Self-Employed,14.7,46631,27540,743,No,2998196,8,59.06,5.358,Medium Risk
41,Self-Employed,8.6,183131,102797,807,Yes,867040,15,56.13,0.395,Medium Risk
37,Salaried,7.6,187724,75475,774,Yes,1948455,3,40.21,0.865,Medium Risk
64,Self-Employed,12.8,108992,41282,532,No,1428159,10,37.88,1.092,Medium Risk
23,Business Owner,4.0,109978,33041,773,No,1168383,15,30.04,0.885,Low Risk
53,Business Owner,14.9,84855,31019,821,No,2505028,13,36.56,2.46,Low Risk
25,Salaried,1.1,42160,4463,524,No,2020528,9,10.59,3.994,Medium Risk
23,Salaried,3.6,164912,52830,814,No,410101,8,32.04,0.207,Low Risk
24,Self-Employed,2.1,29451,16748,615,No,1578583,2,56.87,4.467,High Risk
58,Business Owner,12.5,113050,18747,662,No,558823,8,16.58,0.412,Low Risk
27,Salaried,2.0,149035,99030,630,No,2438560,8,66.45,1.364,Medium Risk
32,Salaried,0.8,95828,14113,557,No,1680766,11,14.73,1.462,Medium Risk
41,Business Owner,16.3,174954,108716,695,No,906806,15,62.14,0.432,Medium Risk
33,Business Owner,11.2,161447,93751,603,Yes,1334919,5,58.07,0.689,High Risk
49,Salaried,6.4,155938,58385,806,No,1486610,1,37.44,0.794,Low Risk
38,Self-Employed,0.9,63570,3605,691,No,1683446,13,5.67,2.207,Medium Risk
53,Business Owner,7.3,180452,98880,660,No,2959974,8,54.8,1.367,Medium Risk
52,Self-Employed,12.7,67620,20842,824,No,770913,15,30.82,0.95,Low Risk
59,Business Owner,6.7,81124,18188,731,Yes,2088793,6,22.42,2.146,Medium Risk
31,Salaried,11.9,168698,25279,714,No,1775068,6,14.98,0.877,Low Risk
55,Salaried,3.3,178488,24450,834,No,761307,3,13.7,0.355,Low Risk
58,Self-Employed,2.8,104562,68032,710,No,736002,10,65.06,0.587,Medium Risk
41,Self-Employed,15.3,172453,53710,723,No,2903368,12,31.14,1.403,Low Risk
30,Business Owner,5.2,183164,95203,840,No,854494,1,51.98,0.389,Low Risk
48,Self-Employed,2.0,193865,42357,763,No,2905247,9,21.85,1.249,Low Risk
42,Salaried,4.3,48041,9367,775,No,269649,1,19.5,0.468,Low Risk
38,Business Owner,10.9,78838,40037,580,No,2794279,2,50.78,2.954,Medium Risk
32,Salaried,1.8,65323,36475,690,No,2244806,11,55.84,2.864,Medium Risk
28,Business Owner,4.0,60279,37091,778,No,2195069,7,61.53,3.035,Medium Risk
40,Salaried,2.5,172790,20964,667,No,2353321,1,12.13,1.135,Low Risk
45,Self-Employed,19.8,55013,32687,844,No,1728510,3,59.42,2.618,Medium Risk
57,Business Owner,18.4,150502,50788,768,No,1415662,9,33.75,0.784,Low Risk
41,Business Owner,19.2,187196,58241,704,No,598081,10,31.11,0.266,Low Risk
48,Business Owner,3.0,97645,46677,557,No,1929214,13,47.8,1.646,Medium Risk
30,Salaried,1.4,67978,4155,532,No,784070,10,6.11,0.961,Medium Risk
37,Business Owner,4.5,49561,11543,748,Yes,2483840,13,23.29,4.176,High Risk
65,Salaried,2.3,181217,61656,708,No,2591674,10,34.02,1.192,Low Risk
38,Business Owner,14.0,45306,21457,763,No,565121,12,47.36,1.039,Low Risk
56,Salaried,1.6,133243,43232,510,No,805026,12,32.45,0.503,Medium Risk
21,Salaried,0.5,71565,38373,776,No,2381583,7,53.62,2.773,Medium Risk
33,Salaried,0.6,185624,14881,591,No,2320716,15,8.02,1.042,Medium Risk
36,Business Owner,12.9,113134,46334,582,Yes,2683458,3,40.95,1.977,Medium Risk
63,Business Owner,15.5,36370,3228,703,No,1912759,3,8.88,4.383,Low Risk
50,Self-Employed,18.7,79542,13144,784,Yes,967420,15,16.52,1.014,Low Risk
53,Business Owner,17.9,196468,110659,604,No,2128584,7,56.32,0.903,Medium Risk
26,Business Owner,3.0,49896,31141,777,Yes,1788167,3,62.41,2.986,High Risk
46,Self-Employed,2.5,133784,54704,555,No,411995,4,40.89,0.257,Medium Risk
30,Business Owner,6.3,61117,11046,615,No,739021,2,18.07,1.008,Low Risk
64,Business Owner,17.1,78669,21796,595,No,2616945,12,27.71,2.772,Medium Risk
25,Business Owner,3.6,25186,7907,746,No,498341,11,31.39,1.649,Medium Risk
23,Self-Employed,3.9,117054,68663,585,No,2357484,9,58.66,1.678,Medium Risk
27,Business Owner,7.4,84844,46725,818,No,2644679,8,55.07,2.598,Medium Risk
47,Salaried,9.5,151902,76196,680,Yes,1857410,10,50.16,1.019,Medium Risk
55,Business Owner,5.3,98357,27290,754,No,2933491,1,27.75,2.485,Low Risk
30,Business Owner,5.0,116636,58593,704,No,816449,10,50.24,0.583,Low Risk
43,Business Owner,16.7,56271,14652,604,No,2227475,10,26.04,3.299,Medium Risk
57,Salaried,7.2,78593,34701,843,No,2769514,1,44.15,2.937,Low Risk
49,Business Owner,6.3,55783,23795,811,No,1224564,11,42.66,1.829,Low Risk
51,Salaried,15.4,128004,41599,655,No,1936571,10,32.5,1.261,Low Risk
60,Self-Employed,9.9,167439,8791,804,No,2977299,11,5.25,1.482,Low Risk
52,Self-Employed,11.4,199721,90189,792,No,1256787,2,45.16,0.524,Low Risk
53,Salaried,16.2,152138,91364,557,No,1117252,5,60.05,0.612,Medium Risk
50,Business Owner,18.9,110010,20249,797,No,2336478,2,18.41,1.77,Low Risk
45,Self-Employed,15.6,159907,10901,648,No,2637251,3,6.82,1.374,Low Risk
63,Business Owner,10.5,123415,76430,667,Yes,596050,14,61.93,0.402,Medium Risk
23,Salaried,2.3,140240,10575,704,No,2624255,15,7.54,1.559,Low Risk
24,Salaried,5.1,66960,15124,629,No,537779,13,22.59,0.669,Low Risk
35,Salaried,9.7,161459,68222,597,Yes,272591,6,42.25,0.141,Medium Risk
51,Self-Employed,13.5,161782,66038,816,No,2086954,5,40.82,1.075,Low Risk
27,Business Owner,3.5,82013,4877,728,No,153374,1,5.95,0.156,Low Risk
21,Salaried,0.6,110416,57210,847,No,2583757,15,51.81,1.95,Medium Risk
59,Self-Employed,13.1,24531,15755,683,No,507230,9,64.22,1.723,Medium Risk
37,Business Owner,4.0,134891,92560,840,No,1333921,7,68.62,0.824,Low Risk
49,Business Owner,1.5,145790,93902,509,No,2326418,8,64.41,1.33,Medium Risk
31,Self-Employed,11.5,29153,2049,823,No,1894016,6,7.03,5.414,Low Risk
65,Salaried,1.4,91141,58996,655,Yes,1157237,3,64.73,1.058,High Risk
59,Business Owner,18.8,123126,44888,840,No,1869742,9,36.46,1.265,Low Risk
46,Self-Employed,3.7,30123,8904,564,No,1543650,10,29.56,4.27,Medium Risk
59,Self-Employed,17.5,55894,14254,717,No,872745,14,25.5,1.301,Low Risk
32,Salaried,8.7,106975,21753,825,No,1336880,8,20.33,1.041,Low Risk
22,Self-Employed,2.2,145934,92741,655,No,2971983,13,63.55,1.697,Medium Risk
41,Self-Employed,12.1,177491,59299,587,No,1072072,9,33.41,0.503,Low Risk
35,Self-Employed,0.6,41452,28193,647,No,1558351,4,68.01,3.133,High Risk
27,Salaried,6.5,176220,15266,627,No,2861580,3,8.66,1.353,Low Risk
26,Salaried,7.5,143810,29328,827,No,2043281,8,20.39,1.184,Low Risk
31,Self-Employed,10.2,160527,75070,626,No,2430712,6,46.76,1.262,Low Risk
64,Self-Employed,11.3,64818,10864,842,No,2957444,14,16.76,3.802,Low Risk
43,Salaried,14.4,101953,11818,559,Yes,1474438,8,11.59,1.205,Medium Risk
44,Business Owner,2.1,37448,3205,526,No,2770647,1,8.56,6.166,High Risk
44,Self-Employed,12.2,87718,29943,657,No,1066036,13,34.14,1.013,Low Risk
44,Business Owner,4.7,57000,13875,770,No,1340660,2,24.34,1.96,Low Risk
50,Salaried,7.4,98716,50001,792,No,1190340,5,50.65,1.005,Low Risk
59,Salaried,1.2,80651,29632,773,No,918877,2,36.74,0.949,Low Risk
54,Salaried,8.7,37995,18901,622,No,2285927,15,49.75,5.014,Medium Risk
59,Salaried,8.8,29813,11431,759,No,834349,13,38.34,2.332,Medium Risk
56,Salaried,7.4,65636,23757,743,No,1296387,14,36.2,1.646,Low Risk
56,Self-Employed,4.1,199377,18081,592,No,1382322,7,9.07,0.578,Low Risk
41,Business Owner,4.6,105835,55437,747,No,2246887,1,52.38,1.769,Medium Risk
27,Business Owner,5.3,48149,13557,744,No,1271118,14,28.16,2.2,Low Risk
45,Self-Employed,2.2,145616,49182,693,Yes,2585082,13,33.78,1.479,Medium Risk
46,Business Owner,18.7,101367,19859,702,No,2635881,10,19.59,2.167,Low Risk
37,Self-Employed,12.1,132724,29239,674,No,2564329,10,22.03,1.61,Low Risk
58,Salaried,13.9,49403,4019,804,No,2111968,4,8.14,3.562,Low Risk
57,Salaried,10.9,81329,48084,850,No,786715,2,59.12,0.806,Low Risk
26,Business Owner,5.0,193951,75514,647,No,1336518,7,38.93,0.574,Low Risk
38,Business Owner,18.8,155450,37837,843,No,2020241,10,24.34,1.083,Low Risk
44,Self-Employed,3.8,117238,68646,751,No,2495009,6,58.55,1.773,Low Risk
54,Salaried,18.9,49140,29370,526,No,399712,8,59.77,0.678,Medium Risk
58,Self-Employed,14.8,179698,86114,839,No,410289,14,47.92,0.19,Low Risk
29,Self-Employed,6.1,69160,32197,731,Yes,2038280,1,46.55,2.456,Medium Risk
42,Business Owner,10.8,88863,57897,550,No,964490,7,65.15,0.904,Medium Risk
52,Salaried,10.7,122555,84358,553,No,1012839,11,68.83,0.689,Medium Risk
22,Salaried,2.3,109579,59040,774,No,443580,10,53.88,0.337,Medium Risk
36,Business Owner,17.8,148892,88187,540,No,1511632,10,59.23,0.846,Medium Risk
21,Salaried,2.3,181794,86688,793,No,800129,14,47.68,0.367,Low Risk
27,Self-Employed,4.5,32319,9397,575,No,1883524,15,29.08,4.857,Medium Risk
48,Business Owner,4.6,117955,12754,836,No,2216414,9,10.81,1.566,Low Risk
22,Business Owner,2.1,23116,12707,842,No,630732,11,54.97,2.274,Medium Risk
46,Salaried,15.0,51860,6701,623,No,434790,1,12.92,0.699,Low Risk
36,Business Owner,2.7,170340,117550,657,No,1421831,6,69.01,0.696,Medium Risk
28,Salaried,7.4,31078,13148,771,No,2344000,13,42.31,6.285,Medium Risk
27,Business Owner,6.6,31197,7307,531,Yes,1355509,4,23.42,3.621,High Risk
50,Salaried,8.3,109981,72173,771,No,1690122,13,65.62,1.281,Low Risk
46,Salaried,18.3,40674,7772,678,No,2614836,7,19.11,5.357,Medium Risk
57,Salaried,4.6,83437,47477,530,No,2728282,6,56.9,2.725,High Risk
55,Self-Employed,19.5,132774,14436,824,Yes,1988958,11,10.87,1.248,Low Risk
36,Salaried,11.9,121144,70659,622,No,2482783,3,58.33,1.708,Medium Risk
43,Self-Employed,15.9,50327,5829,648,No,2947272,10,11.58,4.88,Medium Risk
23,Business Owner,1.1,153184,98368,741,No,2016527,1,64.22,1.097,Medium Risk
31,Business Owner,7.9,190434,56337,502,No,1145950,5,29.58,0.501,Low Risk
32,Business Owner,1.6,86817,18811,849,No,246640,15,21.67,0.237,Low Risk
27,Business Owner,9.0,141065,94977,665,No,958732,6,67.33,0.566,Medium Risk
55,Business Owner,18.4,127372,74940,521,Yes,621938,1,58.84,0.407,High Risk
33,Business Owner,8.6,20320,2804,609,No,698568,8,13.8,2.865,Medium Risk
47,Salaried,8.7,153460,94690,634,No,2937162,5,61.7,1.595,Medium Risk
50,Salaried,10.8,171784,34262,662,No,190629,10,19.94,0.092,Low Risk
47,Business Owner,16.0,129678,48233,633,No,2865202,14,37.19,1.841,Low Risk
59,Business Owner,19.3,20942,8802,588,No,1266937,10,42.03,5.041,High Risk
53,Self-Employed,15.4,103860,56122,679,No,1094593,14,54.04,0.878,Medium Risk
42,Business Owner,15.1,138928,19208,751,No,1215190,15,13.83,0.729,Low Risk
33,Salaried,9.8,131363,75393,786,Yes,543163,13,57.39,0.345,Medium Risk
45,Self-Employed,15.6,29205,5316,606,No,2292435,15,18.2,6.541,Medium Risk
25,Business Owner,3.7,163753,58203,833,No,2247354,4,35.54,1.144,Low Risk
35,Salaried,7.2,144491,49442,628,No,135352,10,34.22,0.078,Low Risk
21,Business Owner,2.8,111516,19566,826,Yes,197274,3,17.55,0.147,Medium Risk
55,Salaried,8.2,111404,24724,585,Yes,1198765,2,22.19,0.897,Medium Risk
62,Salaried,17.3,80986,51133,812,No,2836250,6,63.14,2.918,Medium Risk
49,Self-Employed,3.1,90393,49054,533,No,2994662,8,54.27,2.761,High Risk
65,Business Owner,16.9,91332,10486,610,No,1657057,13,11.48,1.512,Low Risk
36,Business Owner,11.8,35596,16157,815,No,2760412,15,45.39,6.462,Medium Risk
30,Salaried,9.1,162602,108761,514,No,2440509,8,66.89,1.251,Medium Risk
30,Business Owner,5.0,87045,53324,794,No,868951,3,61.26,0.832,Low Risk
44,Salaried,19.8,98262,55591,594,No,1211552,14,56.57,1.027,Medium Risk
65,Business Owner,13.6,65191,21023,555,No,2708257,1,32.25,3.462,Medium Risk
23,Salaried,1.9,157845,52176,695,No,2091837,1,33.06,1.104,Low Risk
30,Business Owner,5.1,191127,30655,577,No,233368,10,16.04,0.102,Low Risk
42,Salaried,8.1,128555,66712,535,No,924574,7,51.89,0.599,Medium Risk
55,Business Owner,1.1,108857,38334,809,No,351375,2,35.22,0.269,Low Risk
52,Salaried,3.2,167609,113589,513,No,1006757,10,67.77,0.501,Medium Risk
50,Salaried,4.2,29072,13819,587,No,557837,4,47.53,1.599,Medium Risk
55,Self-Employed,11.5,153514,54835,538,No,2178756,3,35.72,1.183,Medium Risk
32,Salaried,0.8,86554,22118,643,No,569236,8,25.55,0.548,Medium Risk
28,Business Owner,2.1,37931,13582,503,No,1385106,4,35.81,3.043,High Risk
47,Salaried,19.7,57932,33965,654,No,652577,3,58.63,0.939,Medium Risk
44,Salaried,2.3,124152,7450,675,No,2565047,5,6.0,1.722,Low Risk
26,Salaried,7.7,194147,101884,798,No,1970985,13,52.48,0.846,Low Risk
51,Salaried,7.8,25925,4805,593,No,2723578,6,18.53,8.755,Medium Risk
41,Salaried,4.9,54222,19287,540,No,2627814,14,35.57,4.039,Medium Risk
40,Business Owner,11.4,197504,27070,676,No,1606133,10,13.71,0.678,Low Risk
55,Self-Employed,2.7,29713,4024,554,No,563219,6,13.54,1.58,Medium Risk
55,Business Owner,18.5,43833,7056,720,No,1797029,13,16.1,3.416,Low Risk
65,Self-Employed,14.8,160472,100324,630,No,1894993,13,62.52,0.984,Medium Risk
53,Business Owner,8.7,76071,26727,530,Yes,2197990,9,35.13,2.408,High Risk
38,Self-Employed,9.4,26195,10013,618,No,2857122,9,38.22,9.089,High Risk
26,Business Owner,1.3,28527,10525,817,No,647899,2,36.89,1.893,Medium Risk
48,Self-Employed,1.4,125818,53011,770,Yes,945571,7,42.13,0.626,Medium Risk
59,Business Owner,12.7,71742,40213,617,No,1228332,9,56.05,1.427,Medium Risk
48,Self-Employed,9.3,30242,11423,560,No,2313686,7,37.77,6.375,High Risk
41,Self-Employed,8.9,58806,30248,504,No,798350,4,51.44,1.131,Medium Risk
52,Business Owner,18.8,58898,36107,683,Yes,106249,15,61.3,0.15,High Risk
34,Salaried,0.5,25405,1570,765,No,1323439,12,6.18,4.341,Medium Risk
46,Self-Employed,5.2,49158,22019,501,No,2498039,13,44.79,4.235,Medium Risk
57,Salaried,2.9,51224,16086,501,No,487324,7,31.4,0.793,Medium Risk
57,Business Owner,12.7,81629,11449,753,No,2015732,12,14.03,2.058,Low Risk
58,Business Owner,10.9,171301,89486,816,No,137356,9,52.24,0.067,Low Risk
42,Self-Employed,11.1,41548,27539,780,No,1182185,7,66.28,2.371,Medium Risk
36,Salaried,1.4,176427,102391,801,No,2970149,4,58.04,1.403,Medium Risk
36,Self-Employed,2.6,45370,23591,625,Yes,445954,15,52.0,0.819,High Risk
27,Business Owner,8.0,103451,11390,809,No,1649292,12,11.01,1.329,Low Risk
37,Self-Employed,9.8,170295,115095,658,No,176215,4,67.59,0.086,Medium Risk
61,Self-Employed,16.2,194255,11233,685,No,1103166,5,5.78,0.473,Low Risk
47,Self-Employed,1.1,104319,30648,794,No,1150181,5,29.38,0.919,Low Risk
58,Business Owner,5.8,126016,41681,575,No,500516,1,33.08,0.331,Low Risk
56,Salaried,5.7,188810,97928,571,No,2361043,15,51.87,1.042,Medium Risk
26,Business Owner,4.3,56116,26610,762,No,1312094,1,47.42,1.948,Low Risk
30,Self-Employed,2.1,159166,43822,535,No,2989150,6,27.53,1.565,Medium Risk
29,Self-Employed,2.9,113981,52906,598,No,770121,15,46.42,0.563,Medium Risk
35,Self-Employed,16.9,24560,1362,544,No,497205,13,5.55,1.687,Medium Risk
56,Salaried,11.3,107035,12809,559,No,391266,11,11.97,0.305,Low Risk
32,Business Owner,13.7,110689,46146,646,No,1767582,2,41.69,1.331,Low Risk
23,Salaried,2.6,65322,12567,635,No,198698,1,19.24,0.253,Medium Risk
26,Salaried,4.7,156936,22467,544,No,837279,4,14.32,0.445,Low Risk
29,Business Owner,8.2,184402,60427,679,No,223166,11,32.77,0.101,Low Risk
37,Business Owner,13.7,23022,8600,719,No,1463577,4,37.36,5.298,Medium Risk
37,Self-Employed,7.6,32059,21830,656,No,705349,8,68.09,1.833,Medium Risk
47,Salaried,17.1,98602,29465,512,No,469570,6,29.88,0.397,Medium Risk
36,Salaried,6.9,184081,126827,658,No,724535,5,68.9,0.328,Medium Risk
36,Self-Employed,10.3,130586,13581,709,No,784434,6,10.4,0.501,Low Risk
27,Business Owner,6.3,140284,67942,593,No,115910,9,48.43,0.069,Medium Risk
46,Self-Employed,14.2,121561,79953,704,Yes,645351,5,65.77,0.442,Medium Risk
25,Business Owner,6.2,127156,76802,726,No,1230627,13,60.4,0.807,Low Risk
60,Self-Employed,9.7,41107,19754,796,No,971129,6,48.06,1.969,Low Risk
21,Salaried,1.5,48535,27863,655,No,2127411,5,57.41,3.653,High Risk
30,Salaried,3.2,91270,52718,657,No,1858571,15,57.76,1.697,Medium Risk
45,Business Owner,3.5,48957,7247,672,No,1915393,14,14.8,3.26,Medium Risk
37,Business Owner,14.2,113396,17730,631,No,821703,1,15.64,0.604,Low Risk
46,Business Owner,14.0,94201,44070,545,No,523940,11,46.78,0.463,Medium Risk
60,Self-Employed,15.6,163314,66596,771,No,1144707,1,40.78,0.584,Low Risk
63,Self-Employed,5.1,79073,21293,800,No,2199009,14,26.93,2.317,Low Risk
53,Salaried,14.6,158473,61160,800,No,2351671,1,38.59,1.237,Low Risk
46,Self-Employed,5.6,24793,6837,550,No,283468,3,27.58,0.953,Medium Risk
26,Salaried,6.6,117273,29571,836,No,445030,13,25.22,0.316,Low Risk
32,Salaried,12.2,51054,26055,526,No,2314141,7,51.03,3.777,Medium Risk
21,Salaried,1.7,46340,23809,828,Yes,1715019,1,51.38,3.084,High Risk
24,Salaried,1.4,72859,8617,728,No,2583978,10,11.83,2.955,Low Risk
59,Salaried,2.1,92357,6565,506,No,2091639,14,7.11,1.887,Medium Risk
28,Salaried,1.5,150123,80451,801,No,2835657,9,53.59,1.574,Medium Risk
47,Salaried,15.7,47515,29697,698,Yes,752583,13,62.5,1.32,High Risk
43,Business Owner,14.4,33350,17313,632,No,2817968,5,51.91,7.041,High Risk
61,Self-Employed,16.5,106155,65155,504,No,423134,4,61.38,0.332,Medium Risk
49,Self-Employed,4.9,158964,25064,561,No,798216,9,15.77,0.418,Low Risk
54,Business Owner,17.4,136297,53112,501,No,2062858,10,38.97,1.261,Medium Risk
24,Business Owner,1.7,49347,32795,554,No,2417457,12,66.46,4.082,High Risk
53,Salaried,15.7,143202,98003,579,No,950615,11,68.44,0.553,Medium Risk
59,Business Owner,12.9,120715,25755,751,No,2345940,4,21.34,1.619,Low Risk
52,Self-Employed,16.8,30569,10418,714,No,544773,15,34.08,1.485,Low Risk
21,Salaried,2.5,163400,9755,781,No,1575967,8,5.97,0.804,Low Risk
53,Salaried,0.8,190742,41387,650,No,666035,4,21.7,0.291,Medium Risk
46,Salaried,3.7,51861,15764,519,No,1712507,10,30.4,2.752,Medium Risk
63,Self-Employed,11.3,139509,30515,841,No,1731305,13,21.87,1.034,Low Risk
49,Business Owner,13.8,37378,12484,560,No,1629566,12,33.4,3.633,Medium Risk
30,Salaried,4.2,50261,29914,652,No,1729047,2,59.52,2.867,Medium Risk
21,Self-Employed,2.8,77038,13748,523,Yes,2821171,9,17.85,3.052,High Risk
37,Salaried,5.7,75543,38288,557,No,1031686,10,50.68,1.138,Medium Risk
29,Self-Employed,6.2,96764,36500,612,No,1364279,15,37.72,1.175,Medium Risk
27,Business Owner,4.1,39554,22907,661,Yes,296506,3,57.91,0.625,High Risk
27,Self-Employed,8.2,118843,42733,686,No,2407074,7,35.96,1.688,Low Risk
65,Self-Employed,8.4,84243,16866,814,Yes,1075899,5,20.02,1.064,Medium Risk
56,Salaried,2.3,105420,6441,560,Yes,1258203,15,6.11,0.995,Medium Risk
52,Self-Employed,5.6,60755,22411,799,No,612877,6,36.89,0.841,Low Risk
51,Salaried,11.3,104135,55598,556,No,420277,15,53.39,0.336,Medium Risk
49,Self-Employed,6.9,45816,6281,803,No,2460500,8,13.71,4.475,Low Risk
53,Salaried,7.2,88051,13260,827,No,2916251,13,15.06,2.76,Low Risk
59,Self-Employed,3.6,120493,7502,651,No,1925074,13,6.23,1.331,Low Risk
44,Self-Employed,8.7,141261,50086,518,No,1951965,2,35.46,1.152,Medium Risk
22,Self-Employed,1.2,151082,53105,685,No,1205511,13,35.15,0.665,Medium Risk
62,Self-Employed,10.9,188091,101421,746,No,356697,4,53.92,0.158,Low Risk
27,Self-Employed,3.2,79839,31500,595,Yes,1343639,14,39.45,1.402,High Risk
25,Self-Employed,3.8,105017,53421,843,No,308920,3,50.87,0.245,Low Risk
57,Salaried,7.0,123396,61132,706,Yes,1991078,3,49.54,1.345,Medium Risk
56,Business Owner,16.8,31978,10925,719,No,143140,8,34.16,0.373,Low Risk
62,Self-Employed,13.8,57700,20821,534,Yes,966237,6,36.08,1.395,High Risk
34,Business Owner,9.0,125090,44948,570,No,625883,4,35.93,0.417,Medium Risk
54,Self-Employed,14.6,144566,64303,708,Yes,226708,13,44.48,0.131,Medium Risk
37,Business Owner,17.5,157184,109380,802,No,839728,1,69.59,0.445,Low Risk
65,Self-Employed,15.7,81686,17874,677,No,2982762,9,21.88,3.043,Low Risk
59,Salaried,9.7,171443,55167,542,Yes,1473097,10,32.18,0.716,Medium Risk
49,Self-Employed,19.1,22315,5674,849,No,1449177,7,25.43,5.412,Medium Risk
49,Salaried,14.9,151122,66040,737,No,1521872,6,43.7,0.839,Low Risk
37,Salaried,8.6,40178,17331,514,No,2310267,5,43.14,4.792,Medium Risk
30,Salaried,6.0,125497,67420,566,No,965041,3,53.72,0.641,Medium Risk
24,Business Owner,1.5,188680,27490,552,No,414620,14,14.57,0.183,Medium Risk
50,Self-Employed,13.2,148475,48529,561,Yes,547146,7,32.68,0.307,Medium Risk
31,Salaried,10.2,61317,27649,778,No,1311944,5,45.09,1.783,Low Risk
56,Self-Employed,11.8,80998,5755,589,Yes,1881871,10,7.11,1.936,Medium Risk
21,Salaried,2.0,66968,11496,592,No,2485044,13,17.17,3.092,Medium Risk
56,Salaried,2.4,89767,15247,703,No,424774,1,16.99,0.394,Low Risk
48,Business Owner,1.0,38730,13280,509,Yes,437159,7,34.29,0.941,High Risk
33,Self-Employed,13.4,30312,19015,850,No,237984,5,62.73,0.654,Medium Risk
58,Salaried,4.6,128335,76081,593,No,1272991,7,59.28,0.827,Medium Risk
57,Salaried,17.1,135492,20858,642,No,1917103,4,15.39,1.179,Low Risk
56,Salaried,11.0,167540,11918,703,No,1463553,5,7.11,0.728,Low Risk
24,Salaried,5.3,181423,94983,781,No,2631778,4,52.35,1.209,Low Risk
59,Salaried,3.0,61419,42646,752,No,464932,3,69.43,0.631,Medium Risk
57,Salaried,16.5,78250,21616,524,No,2462283,14,27.62,2.622,Medium Risk
48,Salaried,2.9,132839,68683,731,No,1488850,14,51.7,0.934,Medium Risk
31,Self-Employed,11.3,164956,77354,682,Yes,2566720,8,46.89,1.297,Medium Risk
37,Business Owner,14.4,173717,50875,731,No,2220914,14,29.29,1.065,Low Risk
55,Self-Employed,6.4,20731,6679,753,Yes,1831338,14,32.22,7.362,High Risk
22,Salaried,0.7,22681,10939,552,No,820402,10,48.23,3.014,High Risk
23,Salaried,1.3,40382,25751,653,Yes,1099068,10,63.77,2.268,High Risk
23,Self-Employed,1.7,170057,109519,799,No,757991,6,64.4,0.371,Medium Risk
33,Salaried,3.5,21719,14602,625,No,270863,3,67.23,1.039,High Risk
44,Business Owner,16.2,110191,66641,530,No,1048928,6,60.48,0.793,Medium Risk
39,Self-Employed,16.0,199031,126056,615,Yes,2536451,9,63.33,1.062,High Risk
56,Business Owner,6.1,74565,33961,625,No,780321,5,45.55,0.872,Medium Risk
36,Self-Employed,16.6,175214,57363,503,No,211787,6,32.74,0.101,Low Risk
57,Business Owner,14.9,189111,37788,564,No,1230221,13,19.98,0.542,Low Risk
38,Salaried,3.7,171987,15031,670,No,1747614,6,8.74,0.847,Low Risk
60,Business Owner,12.5,34795,4406,624,Yes,1783964,4,12.66,4.273,High Risk
25,Self-Employed,3.5,174140,50780,581,No,162442,7,29.16,0.078,Medium Risk
32,Business Owner,11.0,90307,42137,789,No,1979621,6,46.66,1.827,Low Risk
60,Salaried,11.9,67398,20697,538,No,518904,8,30.71,0.642,Medium Risk
44,Salaried,14.6,53582,35562,640,No,733947,11,66.37,1.141,Medium Risk
53,Business Owner,18.4,86027,25723,572,No,2703869,7,29.9,2.619,Medium Risk
28,Self-Employed,8.2,79917,5370,792,No,2867589,12,6.72,2.99,Low Risk
55,Self-Employed,6.7,56026,12651,597,No,544154,2,22.58,0.809,Medium Risk
43,Business Owner,5.0,106996,30013,662,No,980316,12,28.05,0.764,Low Risk
29,Salaried,6.6,47542,11633,841,No,2270236,14,24.47,3.979,Low Risk
49,Self-Employed,18.4,140847,65425,633,No,632046,6,46.45,0.374,Low Risk
65,Business Owner,5.4,54417,8144,547,No,1090975,12,14.97,1.671,Low Risk
37,Business Owner,15.3,104236,52667,776,No,2577578,3,50.53,2.061,Low Risk
21,Self-Employed,2.4,146642,54289,720,No,1703078,14,37.02,0.968,Low Risk
57,Salaried,19.3,81467,44189,801,No,2441218,7,54.24,2.497,Medium Risk
43,Salaried,7.5,181876,120546,584,No,2377094,11,66.28,1.089,Medium Risk
39,Self-Employed,5.9,156253,41689,757,No,1606918,12,26.68,0.857,Low Risk
54,Business Owner,4.2,161947,26182,664,No,2104147,3,16.17,1.083,Low Risk
46,Salaried,0.9,153146,34149,746,No,2551575,13,22.3,1.388,Low Risk
31,Self-Employed,4.3,76808,46889,826,Yes,1665449,2,61.05,1.807,Medium Risk
58,Self-Employed,3.8,61687,10006,679,No,545810,9,16.22,0.737,Low Risk
32,Self-Employed,10.3,193981,127443,707,No,1357769,8,65.7,0.583,Low Risk
32,Business Owner,6.1,174398,94927,592,No,480170,14,54.43,0.229,Medium Risk
31,Salaried,3.6,91703,9782,791,No,2591507,1,10.67,2.355,Low Risk
21,Business Owner,2.3,129446,39659,727,No,1819284,7,30.64,1.171,Low Risk
21,Self-Employed,2.8,109834,64607,526,Yes,1615429,7,58.82,1.226,High Risk
33,Salaried,1.5,94721,44572,509,No,2677497,2,47.06,2.356,Medium Risk
24,Business Owner,4.7,170712,32904,689,No,2359653,10,19.27,1.152,Low Risk
32,Salaried,2.7,141551,15694,803,No,124280,12,11.09,0.073,Low Risk
23,Self-Employed,4.8,158641,22736,748,No,1443732,7,14.33,0.758,Low Risk
38,Self-Employed,2.7,199591,107068,528,No,1928408,14,53.64,0.805,Medium Risk
29,Self-Employed,3.5,157814,81053,681,No,2500999,6,51.36,1.321,Medium Risk
35,Self-Employed,3.4,91139,29655,727,No,2864192,3,32.54,2.619,Low Risk
35,Business Owner,2.3,71964,40388,558,No,2688800,5,56.12,3.114,High Risk
39,Business Owner,2.3,134104,32827,602,No,1731959,6,24.48,1.076,Medium Risk
38,Self-Employed,2.8,71544,24958,737,No,1728906,9,34.88,2.014,Medium Risk
44,Self-Employed,19.0,28295,9176,606,No,2635059,5,32.43,7.761,Medium Risk
32,Business Owner,13.7,92730,57678,535,No,1526822,2,62.2,1.372,Medium Risk
53,Business Owner,9.1,42686,25327,753,No,2468237,4,59.33,4.819,Medium Risk
32,Self-Employed,9.9,30794,19198,646,No,1967708,5,62.34,5.325,High Risk
38,Self-Employed,2.0,150078,23914,637,No,1506103,13,15.93,0.836,Low Risk
33,Business Owner,12.4,170103,36758,791,No,145215,3,21.61,0.071,Low Risk
43,Self-Employed,15.6,116920,62492,693,No,673845,7,53.45,0.48,Medium Risk
56,Business Owner,1.3,142581,23158,764,No,1216609,2,16.24,0.711,Low Risk
62,Salaried,19.6,20842,9111,616,No,1514387,11,43.71,6.055,High Risk
41,Self-Employed,15.0,90232,14739,700,No,1083379,6,16.33,1.001,Low Risk
58,Business Owner,0.8,28520,12207,612,No,425698,5,42.8,1.244,High Risk
64,Self-Employed,1.5,148117,88897,825,No,493690,5,60.02,0.278,Medium Risk
35,Self-Employed,8.8,156983,34576,608,No,1761696,12,22.03,0.935,Low Risk
45,Salaried,11.1,138324,82733,679,Yes,1175449,15,59.81,0.708,Medium Risk
47,Self-Employed,3.1,121633,65774,706,No,381620,6,54.08,0.261,Medium Risk
63,Self-Employed,17.7,42840,16607,764,No,2496010,1,38.77,4.855,Medium Risk
24,Salaried,3.0,63761,27096,556,No,2268552,5,42.5,2.965,Medium Risk
42,Salaried,14.1,190344,113601,787,No,1316582,4,59.68,0.576,Low Risk
44,Self-Employed,15.2,132303,9476,518,No,1140097,8,7.16,0.718,Low Risk
38,Self-Employed,12.0,84394,15809,702,No,1945626,11,18.73,1.921,Low Risk
34,Salaried,13.2,143470,72531,561,No,668912,3,50.55,0.389,Medium Risk
32,Self-Employed,6.0,144616,92886,828,No,440922,10,64.23,0.254,Low Risk
22,Business Owner,2.1,189618,71978,668,No,1481982,11,37.96,0.651,Medium Risk
59,Salaried,8.1,73804,31161,604,No,809508,12,42.22,0.914,Medium Risk
53,Business Owner,12.5,152045,82311,704,No,1420839,13,54.14,0.779,Low Risk
61,Self-Employed,17.0,195831,90850,792,No,594710,12,46.39,0.253,Low Risk
50,Salaried,5.6,167071,54245,539,No,1783898,11,32.47,0.89,Low Risk
49,Salaried,8.4,73984,12683,531,No,1787029,13,17.14,2.013,Medium Risk
31,Business Owner,12.1,197252,124782,507,No,2533604,10,63.26,1.07,Medium Risk
32,Business Owner,11.8,40995,19980,790,No,769990,8,48.74,1.565,Low Risk
28,Business Owner,2.0,104635,70917,604,No,1078868,8,67.78,0.859,Medium Risk
26,Self-Employed,6.0,21592,8573,657,No,819808,7,39.7,3.164,Medium Risk
58,Self-Employed,3.6,74066,38268,802,No,2888660,4,51.67,3.25,Medium Risk
26,Business Owner,6.3,105677,26062,827,No,180856,2,24.66,0.143,Low Risk
39,Self-Employed,15.6,180037,123498,730,No,1695435,10,68.6,0.785,Low Risk
32,Salaried,8.8,161192,54076,501,No,2647025,9,33.55,1.368,Low Risk
31,Self-Employed,3.4,154382,82228,642,No,1129104,13,53.26,0.609,Medium Risk
24,Business Owner,1.3,197810,115584,538,No,2359795,2,58.43,0.994,Medium Risk
47,Self-Employed,10.3,21462,6463,692,Yes,1236989,11,30.11,4.803,High Risk
35,Business Owner,2.4,189135,74331,526,No,2828358,14,39.3,1.246,Medium Risk
37,Business Owner,17.5,192535,27387,834,No,1478112,1,14.22,0.64,Low Risk
33,Self-Employed,11.7,49999,17968,806,Yes,1829170,11,35.94,3.049,Medium Risk
40,Salaried,9.2,32563,5937,762,No,231891,9,18.23,0.593,Low Risk
61,Salaried,9.4,125411,18516,584,No,1839038,9,14.76,1.222,Low Risk
32,Business Owner,12.2,97590,57715,769,No,226629,11,59.14,0.194,Low Risk
22,Self-Employed,1.0,153075,73300,673,Yes,871125,11,47.89,0.474,Medium Risk
62,Self-Employed,12.8,43282,4281,776,No,2584438,11,9.89,4.976,Low Risk
28,Business Owner,6.2,120893,73512,587,No,1803493,7,60.81,1.243,Medium Risk
29,Salaried,6.4,159036,21749,508,No,603513,8,13.68,0.316,Low Risk
24,Business Owner,4.7,65935,45909,715,No,1209655,5,69.63,1.529,Medium Risk
38,Salaried,6.9,175939,52424,833,No,1161501,6,29.8,0.55,Low Risk
54,Business Owner,16.5,147022,93358,541,No,1338305,13,63.5,0.759,Medium Risk
63,Business Owner,3.3,62547,29864,691,No,2602618,1,47.75,3.468,Medium Risk
58,Salaried,18.8,60949,40954,734,No,137559,3,67.19,0.188,Medium Risk
56,Self-Employed,11.6,126186,73806,530,No,1680088,11,58.49,1.11,Medium Risk
49,Salaried,3.1,96977,20121,662,No,2992835,5,20.75,2.572,Medium Risk
23,Self-Employed,2.1,131388,28419,540,No,1943880,13,21.63,1.233,Medium Risk
44,Self-Employed,13.8,83719,51731,639,No,2239182,9,61.79,2.229,Medium Risk
30,Salaried,4.6,169410,58218,755,No,1649538,5,34.37,0.811,Low Risk
46,Self-Employed,3.5,71795,48424,618,No,1698698,7,67.45,1.972,Medium Risk
50,Business Owner,15.6,158658,49983,799,No,1663775,10,31.5,0.874,Low Risk
40,Business Owner,16.4,194739,124302,569,No,1176142,3,63.83,0.503,Medium Risk
59,Business Owner,8.0,63459,42823,788,No,146471,7,67.48,0.192,Low Risk
47,Self-Employed,1.9,138936,92616,791,No,842059,4,66.66,0.505,Medium Risk
43,Self-Employed,12.4,174667,111899,807,No,747264,10,64.06,0.357,Low Risk
59,Business Owner,11.2,76449,19754,783,No,1776955,9,25.84,1.937,Low Risk
53,Self-Employed,14.3,138211,61793,690,Yes,1919607,1,44.71,1.157,Medium Risk
40,Salaried,5.3,157675,25580,767,Yes,1154736,15,16.22,0.61,Low Risk
59,Salaried,2.4,72466,32032,597,Yes,2614445,2,44.2,3.007,High Risk
30,Salaried,5.1,27688,1464,534,No,308332,11,5.29,0.928,Medium Risk
63,Business Owner,9.6,124568,18114,815,No,382439,13,14.54,0.256,Low Risk
40,Business Owner,13.2,79461,48025,645,No,2465683,2,60.44,2.586,Medium Risk
34,Self-Employed,2.3,73510,28359,794,No,738816,15,38.58,0.838,Low Risk
61,Business Owner,9.7,28695,12466,776,No,1472481,14,43.44,4.276,Medium Risk
63,Self-Employed,6.3,194883,128795,569,No,147632,6,66.09,0.063,Medium Risk
60,Business Owner,13.2,34578,13385,619,No,1073613,1,38.71,2.587,Medium Risk
57,Self-Employed,19.9,132225,58921,552,No,1194792,9,44.56,0.753,Medium Risk
60,Self-Employed,2.9,168998,111726,779,Yes,242418,11,66.11,0.12,Medium Risk
44,Self-Employed,10.9,21130,2226,837,No,2733802,15,10.53,10.782,Medium Risk
21,Self-Employed,2.0,127227,14673,769,No,1497565,8,11.53,0.981,Low Risk
30,Business Owner,11.0,188284,127342,648,No,128217,5,67.63,0.057,Medium Risk
36,Self-Employed,9.1,51592,26417,662,No,404265,11,51.2,0.653,Medium Risk
33,Self-Employed,10.1,102771,61948,549,No,2181216,8,60.28,1.769,Medium Risk
52,Salaried,13.0,39208,14609,679,No,1857596,2,37.26,3.948,Medium Risk
57,Business Owner,4.0,31793,4619,670,No,2548754,10,14.53,6.681,Medium Risk
25,Business Owner,1.8,146950,25818,735,No,1351034,12,17.57,0.766,Low Risk
32,Self-Employed,12.0,101398,23199,729,No,2654053,1,22.88,2.181,Low Risk
38,Self-Employed,8.9,136373,73282,773,No,639684,13,53.74,0.391,Low Risk
35,Self-Employed,16.8,21346,10666,740,No,419674,13,49.97,1.638,Medium Risk
59,Salaried,15.8,185117,13361,785,Yes,1598540,2,7.22,0.72,Low Risk
51,Business Owner,5.2,192336,30427,775,No,429072,5,15.82,0.186,Low Risk
43,Self-Employed,4.3,87054,6449,537,No,1584858,9,7.41,1.517,Medium Risk
21,Self-Employed,1.4,40723,21331,548,No,1995371,5,52.38,4.083,High Risk
38,Business Owner,16.1,122865,59577,627,No,590620,15,48.49,0.401,Low Risk
46,Salaried,13.1,143940,7449,645,No,1131085,15,5.18,0.655,Low Risk
21,Business Owner,1.3,101725,12838,641,Yes,1142890,10,12.62,0.936,Medium Risk
55,Salaried,4.0,161460,10606,607,No,1751113,13,6.57,0.904,Low Risk
31,Business Owner,9.6,82533,31687,778,No,2970970,5,38.39,3.0,Low Risk
61,Business Owner,15.0,193033,65463,776,No,1743085,6,33.91,0.752,Low Risk
31,Business Owner,9.2,43735,29785,695,No,1934292,12,68.1,3.686,Medium Risk
59,Salaried,17.4,82057,22373,713,No,332757,15,27.27,0.338,Low Risk
33,Business Owner,14.8,98638,21836,510,No,2227471,15,22.14,1.882,Medium Risk
24,Self-Employed,3.2,152537,78998,809,No,278510,10,51.79,0.152,Low Risk
31,Salaried,12.7,50797,22334,814,No,2739062,15,43.97,4.493,Low Risk
39,Salaried,2.0,72348,35630,574,No,1687847,2,49.25,1.944,Medium Risk
27,Self-Employed,5.1,165108,44584,524,No,1774956,4,27.0,0.896,Low Risk
32,Business Owner,2.1,175713,83732,516,No,2007661,13,47.65,0.952,Medium Risk
64,Business Owner,19.8,58467,3611,615,No,2072932,11,6.18,2.955,Low Risk
21,Self-Employed,1.7,91470,26177,642,No,337838,14,28.62,0.308,Medium Risk
55,Business Owner,17.9,56067,36278,600,No,366436,5,64.7,0.545,Medium Risk
45,Business Owner,1.9,181896,76759,624,No,1866743,15,42.2,0.855,Medium Risk
52,Self-Employed,20.0,54673,33750,592,No,2516833,7,61.73,3.836,Medium Risk
21,Self-Employed,1.1,23567,3290,696,No,2342361,5,13.96,8.283,Medium Risk
22,Salaried,1.8,165627,105950,503,No,1728487,9,63.97,0.87,Medium Risk
46,Salaried,6.9,33587,10267,521,No,1101205,7,30.57,2.732,Medium Risk
21,Self-Employed,0.6,159172,99740,544,No,1899082,5,62.66,0.994,High Risk
21,Business Owner,1.9,51636,2949,610,No,2584559,2,5.71,4.171,Medium Risk
31,Salaried,10.6,82195,38254,573,No,197750,10,46.54,0.2,Medium Risk
37,Self-Employed,3.4,72436,39753,735,No,2484141,8,54.88,2.858,Medium Risk
65,Business Owner,7.7,49389,20912,595,Yes,274734,1,42.34,0.464,High Risk
60,Business Owner,10.9,31271,4268,737,No,2167777,15,13.65,5.777,Low Risk
39,Business Owner,6.8,91658,63057,802,Yes,283898,6,68.8,0.258,Medium Risk
39,Business Owner,11.4,178590,41609,646,Yes,1044259,9,23.3,0.487,Medium Risk
26,Salaried,4.7,185313,76847,780,No,1559033,11,41.47,0.701,Low Risk
43,Business Owner,4.6,94184,51364,703,Yes,758087,14,54.54,0.671,High Risk
31,Business Owner,10.4,117254,17250,752,No,319500,6,14.71,0.227,Low Risk
65,Self-Employed,7.9,81534,55458,709,No,1861603,14,68.02,1.903,Medium Risk
29,Self-Employed,6.2,27991,9544,651,No,2785809,3,34.1,8.294,Medium Risk
47,Self-Employed,0.8,71574,20016,532,No,1631616,1,27.97,1.9,Medium Risk
25,Self-Employed,6.7,198492,10488,725,No,2762579,2,5.28,1.16,Low Risk
48,Self-Employed,16.3,102846,33436,677,No,2499484,1,32.51,2.025,Low Risk
44,Salaried,4.0,99225,9802,625,No,1390129,8,9.88,1.167,Low Risk
57,Self-Employed,1.6,118402,80467,687,No,2952166,13,67.96,2.078,Medium Risk
41,Business Owner,18.8,142562,61201,663,No,616353,10,42.93,0.36,Low Risk
26,Business Owner,7.5,187044,79330,703,No,1359735,14,42.41,0.606,Low Risk
46,Business Owner,4.7,106533,32218,563,No,917085,15,30.24,0.717,Medium Risk
41,Business Owner,12.3,89164,40809,786,No,2394026,1,45.77,2.237,Low Risk
44,Business Owner,9.6,68689,46768,744,No,472043,9,68.09,0.573,Medium Risk
37,Salaried,16.3,188398,21698,595,No,2631136,6,11.52,1.164,Low Risk
48,Self-Employed,5.2,69716,42018,573,No,2632119,12,60.27,3.146,Medium Risk
51,Salaried,15.8,54933,10257,707,No,267428,3,18.67,0.406,Low Risk
56,Salaried,6.8,62956,36518,735,No,2590323,11,58.01,3.429,Medium Risk
32,Self-Employed,2.7,144098,93230,818,Yes,768797,4,64.7,0.445,Medium Risk
55,Self-Employed,13.2,32251,4477,593,No,493932,5,13.88,1.276,Medium Risk
65,Salaried,1.8,181702,31395,589,No,1330336,3,17.28,0.61,Medium Risk
34,Self-Employed,8.2,38507,17059,768,No,2650589,1,44.3,5.736,Medium Risk
64,Self-Employed,7.0,104169,63576,668,No,2994252,6,61.03,2.395,Medium Risk
29,Self-Employed,1.1,136015,35411,791,No,2710265,2,26.03,1.661,Low Risk
33,Business Owner,14.4,52588,3636,701,No,1131190,4,6.91,1.793,Low Risk
64,Salaried,4.1,133376,92747,577,Yes,2166798,8,69.54,1.354,High Risk
50,Self-Employed,4.8,39774,12696,759,No,241641,7,31.92,0.506,Low Risk
46,Self-Employed,14.7,27412,17861,726,No,2442567,6,65.16,7.425,High Risk
24,Salaried,2.6,29057,7781,660,No,2211510,13,26.78,6.342,High Risk
40,Salaried,12.8,42233,22094,519,No,1347852,12,52.31,2.66,High Risk
24,Salaried,5.4,90844,5635,831,Yes,2084924,13,6.2,1.913,Low Risk
44,Business Owner,3.8,138867,44876,690,No,110151,14,32.32,0.066,Low Risk
48,Salaried,0.8,30488,6382,707,No,2232202,11,20.93,6.101,Medium Risk
43,Business Owner,17.0,125785,78487,634,Yes,397685,5,62.4,0.263,High Risk
57,Self-Employed,5.7,175978,64356,800,No,2292440,15,36.57,1.086,Low Risk
34,Business Owner,11.3,169614,83383,794,No,1265162,14,49.16,0.622,Low Risk
59,Salaried,5.5,152667,50031,801,No,1421180,14,32.77,0.776,Low Risk
41,Salaried,17.4,176556,89413,838,No,1848797,13,50.64,0.873,Low Risk
48,Self-Employed,4.7,54547,29152,802,No,1698055,2,53.44,2.594,Medium Risk
29,Salaried,2.1,163668,70495,773,No,413020,11,43.07,0.21,Low Risk
27,Self-Employed,5.7,167425,109883,616,No,117128,12,65.63,0.058,Medium Risk
25,Salaried,5.0,134540,71556,583,No,909955,14,53.19,0.564,Medium Risk
58,Business Owner,14.2,99740,65866,653,No,2771666,3,66.04,2.316,Medium Risk
42,Self-Employed,14.4,152124,76435,532,No,2202130,9,50.25,1.206,Medium Risk
30,Salaried,2.9,157850,73862,832,No,1483397,11,46.79,0.783,Low Risk
55,Self-Employed,1.8,156880,12889,539,Yes,938560,12,8.22,0.499,Medium Risk
37,Business Owner,12.4,125070,31126,794,No,1236734,7,24.89,0.824,Low Risk
22,Business Owner,1.6,132297,65666,819,No,1722443,4,49.64,1.085,Low Risk
64,Business Owner,5.2,20971,12721,727,No,1756630,13,60.66,6.98,High Risk
28,Salaried,8.5,35559,15043,572,No,1711414,7,42.3,4.011,Medium Risk
29,Salaried,1.5,104581,29451,663,No,2970513,9,28.16,2.367,Medium Risk
47,Self-Employed,6.9,194459,126868,704,No,1603548,15,65.24,0.687,Low Risk
52,Self-Employed,2.4,65127,14041,720,No,128725,1,21.56,0.165,Low Risk
45,Business Owner,9.2,156582,87918,712,No,656971,5,56.15,0.35,Low Risk
64,Salaried,7.5,128717,38448,630,No,745529,3,29.87,0.483,Low Risk
37,Self-Employed,5.3,154294,66759,741,Yes,120712,3,43.27,0.065,Medium Risk
33,Salaried,8.2,160092,111868,508,No,1078871,14,69.88,0.562,Medium Risk
41,Self-Employed,17.4,36652,12616,625,No,291184,15,34.42,0.662,Medium Risk
60,Self-Employed,16.3,90197,13532,608,No,1824749,1,15.0,1.686,Low Risk
32,Salaried,11.3,107237,56338,776,No,2342585,4,52.54,1.82,Low Risk
22,Business Owner,3.2,92870,49719,608,No,2525928,1,53.54,2.267,Medium Risk
58,Self-Employed,12.9,179226,64371,748,Yes,2515316,15,35.92,1.17,Medium Risk
52,Salaried,16.9,108246,75071,784,No,979733,6,69.35,0.754,Low Risk
45,Business Owner,5.8,23455,5729,521,No,1584521,13,24.43,5.63,Medium Risk
45,Business Owner,10.1,153546,104856,507,No,2189876,11,68.29,1.189,Medium Risk
61,Salaried,11.7,197427,12289,672,No,2733759,13,6.22,1.154,Low Risk
56,Salaried,3.2,133297,6759,815,No,717145,11,5.07,0.448,Low Risk
23,Salaried,4.9,112739,72421,807,Yes,686833,6,64.24,0.508,Medium Risk
54,Self-Employed,12.4,24603,8725,659,No,1053607,2,35.46,3.569,Medium Risk
57,Business Owner,9.1,140543,50069,772,No,1620746,10,35.63,0.961,Low Risk
44,Salaried,13.3,37483,14385,717,No,2980378,9,38.38,6.626,Medium Risk
31,Salaried,0.5,156834,84769,566,No,1442177,13,54.05,0.766,High Risk
62,Business Owner,17.5,154821,88850,641,No,1862801,3,57.39,1.003,Medium Risk
36,Business Owner,13.9,64122,43680,719,No,2796203,6,68.12,3.634,Medium Risk
56,Self-Employed,14.5,93387,14730,715,No,1326983,15,15.77,1.184,Low Risk
54,Salaried,2.4,136248,23858,501,No,862496,14,17.51,0.528,Medium Risk
58,Salaried,13.3,188359,121415,544,No,2321433,15,64.46,1.027,Medium Risk
26,Self-Employed,4.6,59211,14310,575,Yes,1617557,14,24.17,2.277,High Risk
42,Business Owner,6.6,183278,74538,511,Yes,740732,4,40.67,0.337,Medium Risk
29,Self-Employed,8.1,77688,36898,560,No,2208002,10,47.5,2.368,Medium Risk
22,Salaried,3.6,79768,28437,793,No,1896895,6,35.65,1.982,Low Risk
38,Business Owner,11.1,187185,63870,843,Yes,1276787,13,34.12,0.568,Low Risk
50,Self-Employed,11.8,88023,8441,727,No,1416844,6,9.59,1.341,Low Risk
33,Business Owner,8.1,162775,65356,850,No,1997641,12,40.15,1.023,Low Risk
34,Self-Employed,8.5,112469,48257,664,No,343597,9,42.91,0.255,Low Risk
58,Self-Employed,7.7,179521,97905,821,No,1798638,14,54.54,0.835,Low Risk
56,Salaried,10.4,164308,62868,710,No,195857,14,38.26,0.099,Low Risk
30,Salaried,8.4,124488,12639,621,No,2957406,2,10.15,1.98,Low Risk
32,Salaried,13.1,195086,86171,823,No,470003,9,44.17,0.201,Low Risk
55,Salaried,3.5,168654,79365,776,No,1723055,14,47.06,0.851,Low Risk
62,Salaried,10.5,55078,31949,513,No,2148725,1,58.01,3.251,Medium Risk
46,Self-Employed,14.4,176235,13010,560,No,2558434,3,7.38,1.21,Low Risk
35,Self-Employed,13.4,174528,71669,698,No,1068749,4,41.06,0.51,Low Risk
38,Business Owner,10.5,134467,64528,811,Yes,293861,4,47.99,0.182,Medium Risk
41,Salaried,8.7,105957,36996,814,No,2275016,13,34.92,1.789,Low Risk
35,Salaried,6.1,136940,8028,749,No,525979,13,5.86,0.32,Low Risk
31,Business Owner,11.7,77152,8880,668,No,279130,11,11.51,0.301,Low Risk
41,Self-Employed,13.7,28581,8070,829,No,2106727,10,28.24,6.143,Medium Risk
59,Business Owner,17.6,78364,30231,643,No,1405181,6,38.58,1.494,Medium Risk
53,Business Owner,4.6,40014,10099,657,Yes,315613,11,25.24,0.657,Medium Risk
65,Salaried,15.2,79459,54474,665,Yes,932368,7,68.56,0.978,High Risk
55,Self-Employed,2.7,184570,99213,773,No,257179,10,53.75,0.116,Medium Risk
61,Self-Employed,17.6,138052,62350,775,No,696109,4,45.16,0.42,Low Risk
61,Self-Employed,16.2,184511,41249,718,No,1204798,7,22.36,0.544,Low Risk
51,Business Owner,16.3,26485,17076,618,No,1875274,12,64.47,5.9,High Risk
48,Self-Employed,16.4,37404,12373,568,No,2112283,4,33.08,4.706,Medium Risk
52,Business Owner,13.4,51201,14377,755,No,771788,10,28.08,1.256,Low Risk
63,Salaried,13.4,81216,9575,701,Yes,973997,12,11.79,0.999,Medium Risk
23,Salaried,3.0,43259,11482,688,Yes,2876162,5,26.54,5.541,High Risk
62,Salaried,19.9,79446,15676,653,No,1663839,2,19.73,1.745,Low Risk
56,Self-Employed,12.7,86660,34612,798,No,1731840,1,39.94,1.665,Low Risk
50,Salaried,6.3,120742,72477,630,No,613096,6,60.03,0.423,Medium Risk
61,Business Owner,7.5,94300,44575,821,No,2657516,2,47.27,2.348,Low Risk
48,Salaried,9.1,108256,6337,582,Yes,422636,9,5.85,0.325,Medium Risk
63,Salaried,8.4,164654,15918,646,Yes,514740,4,9.67,0.261,Medium Risk
40,Self-Employed,13.5,121345,61204,529,No,1170157,14,50.44,0.804,Medium Risk
56,Salaried,14.0,137898,32692,565,No,625860,9,23.71,0.378,Low Risk
46,Self-Employed,13.5,83272,56726,514,No,1881540,14,68.12,1.883,Medium Risk
61,Self-Employed,19.4,27751,11762,830,No,885025,2,42.38,2.658,Medium Risk
56,Salaried,8.6,138599,48342,807,No,1842682,7,34.88,1.108,Low Risk
48,Salaried,0.5,102168,54690,623,No,234518,3,53.53,0.191,Medium Risk
29,Salaried,7.6,77718,17458,801,No,403543,15,22.46,0.433,Low Risk
34,Business Owner,7.3,130985,53694,715,No,2688711,12,40.99,1.711,Low Risk
22,Salaried,2.2,138578,62260,667,No,1376868,5,44.93,0.828,Medium Risk
46,Salaried,5.8,27052,12198,608,No,1569943,2,45.09,4.836,Medium Risk
50,Self-Employed,17.1,114501,38047,657,No,1680808,14,33.23,1.223,Low Risk
24,Salaried,3.5,84574,31144,565,No,378855,10,36.82,0.373,Medium Risk
58,Self-Employed,14.8,188518,56160,813,No,1593235,10,29.79,0.704,Low Risk
31,Business Owner,2.8,199649,66910,634,No,1352547,10,33.51,0.565,Medium Risk
23,Salaried,1.5,163543,42553,591,No,1503089,6,26.02,0.766,Medium Risk
25,Business Owner,5.2,74600,44061,638,No,2966160,5,59.06,3.313,Medium Risk
56,Self-Employed,9.9,67334,26714,774,No,103328,5,39.67,0.128,Low Risk
51,Salaried,19.2,37328,7997,684,No,451029,6,21.42,1.007,Low Risk
64,Self-Employed,6.2,71897,10550,547,No,2567761,8,14.67,2.976,Medium Risk
54,Business Owner,9.6,103051,19464,568,Yes,133878,5,18.89,0.108,Medium Risk
21,Business Owner,1.3,83926,28243,833,No,497446,9,33.65,0.494,Low Risk
33,Salaried,10.6,118035,44420,530,No,2347784,8,37.63,1.658,Medium Risk
36,Salaried,6.0,172645,18093,547,Yes,1149291,4,10.48,0.555,Medium Risk
48,Self-Employed,10.9,64782,29822,507,No,2400589,2,46.03,3.088,Medium Risk
56,Self-Employed,2.4,181255,88163,823,No,1875216,5,48.64,0.862,Low Risk
29,Self-Employed,8.5,33861,10641,780,No,109645,3,31.43,0.27,Low Risk
48,Business Owner,13.3,84065,54720,536,No,1204267,3,65.09,1.194,Medium Risk
33,Salaried,6.4,33839,5754,527,No,2206389,7,17.0,5.434,Medium Risk
42,Business Owner,14.0,107854,69185,509,No,679256,3,64.15,0.525,Medium Risk
39,Business Owner,2.4,95831,53892,513,No,2114942,1,56.24,1.839,High Risk
27,Self-Employed,1.1,103822,55031,789,No,500339,14,53.01,0.402,Medium Risk
46,Self-Employed,17.9,73950,44497,765,No,669097,14,60.17,0.754,Low Risk
29,Self-Employed,0.9,103759,20842,800,No,2888537,3,20.09,2.32,Low Risk
24,Self-Employed,2.6,191708,13016,839,No,294435,14,6.79,0.128,Low Risk
25,Salaried,5.4,87115,34604,607,No,523745,4,39.72,0.501,Medium Risk
35,Business Owner,3.4,67588,26093,559,No,764058,4,38.61,0.942,Medium Risk
59,Self-Employed,7.0,127930,62881,670,No,1376239,3,49.15,0.896,Low Risk
53,Self-Employed,6.3,98105,43766,719,No,826716,5,44.61,0.702,Low Risk
58,Business Owner,8.9,70679,15829,527,No,2546718,6,22.4,3.003,Medium Risk
36,Self-Employed,13.6,186895,90740,820,Yes,1117131,5,48.55,0.498,Medium Risk
63,Business Owner,11.2,183862,52279,818,No,1073302,6,28.43,0.486,Low Risk
46,Salaried,7.0,66547,46465,706,No,1494671,10,69.82,1.872,Medium Risk
25,Self-Employed,3.7,122258,82437,689,No,2782596,9,67.43,1.897,Medium Risk
24,Business Owner,5.5,129180,31661,636,No,1649685,4,24.51,1.064,Low Risk
36,Self-Employed,15.4,117221,17995,726,No,1235796,15,15.35,0.879,Low Risk
46,Self-Employed,14.5,194829,39289,606,No,2991552,12,20.17,1.28,Low Risk
47,Salaried,15.4,171148,69903,673,No,746325,5,40.84,0.363,Low Risk
33,Business Owner,11.4,121779,45181,803,No,533094,6,37.1,0.365,Low Risk
51,Salaried,3.6,139974,85555,714,Yes,2722683,9,61.12,1.621,Medium Risk
35,Self-Employed,5.0,192844,45570,780,No,1900052,4,23.63,0.821,Low Risk
63,Business Owner,1.0,46546,14226,775,No,2471907,8,30.56,4.426,Medium Risk
58,Business Owner,5.1,179493,96717,779,No,423649,7,53.88,0.197,Low Risk
27,Self-Employed,7.8,196635,130786,542,No,2261195,11,66.51,0.958,Medium Risk
33,Business Owner,7.2,27661,5785,754,No,2088032,3,20.91,6.291,Medium Risk
45,Salaried,9.7,63528,35179,502,Yes,1248692,9,55.38,1.638,High Risk
60,Self-Employed,16.4,165199,105313,509,No,686942,7,63.75,0.347,Medium Risk
38,Business Owner,4.6,54554,37451,646,No,924010,10,68.65,1.411,Medium Risk
40,Self-Employed,8.2,104755,48982,573,No,2754300,3,46.76,2.191,Medium Risk
45,Business Owner,6.3,126288,23152,597,No,2029419,3,18.33,1.339,Low Risk
58,Business Owner,12.8,98793,5668,702,No,1200016,9,5.74,1.012,Low Risk
63,Salaried,19.9,48793,8197,711,No,1707541,12,16.8,2.916,Low Risk
39,Business Owner,9.5,182639,57805,844,No,2960213,15,31.65,1.351,Low Risk
56,Salaried,4.8,77848,34257,516,No,1734224,2,44.0,1.856,Medium Risk
31,Self-Employed,10.3,169741,11526,705,No,1135567,10,6.79,0.557,Low Risk
59,Self-Employed,14.8,28883,15739,541,No,1071500,5,54.49,3.091,High Risk
38,Salaried,9.8,194557,62749,746,No,960329,11,32.25,0.411,Low Risk
38,Business Owner,16.0,93779,7468,788,No,2999754,5,7.96,2.666,Low Risk
26,Business Owner,1.0,38653,23665,752,No,258113,2,61.22,0.556,Medium Risk
37,Business Owner,2.2,124977,7095,644,No,2575960,11,5.68,1.718,Low Risk
63,Salaried,15.5,32467,19528,835,Yes,777588,15,60.15,1.996,Medium Risk
23,Salaried,2.9,129374,78218,560,No,2382922,1,60.46,1.535,Medium Risk
25,Business Owner,4.4,84604,20287,562,Yes,941260,5,23.98,0.927,High Risk
53,Business Owner,18.7,99262,40676,579,Yes,978831,6,40.98,0.822,High Risk
33,Salaried,6.7,145319,60679,843,No,2581678,2,41.76,1.48,Low Risk
34,Business Owner,6.4,40928,10664,746,No,462431,13,26.06,0.942,Low Risk
52,Salaried,4.5,55450,30983,550,No,1397873,15,55.88,2.101,High Risk
22,Salaried,1.6,141616,68663,502,No,2284202,9,48.49,1.344,Medium Risk
62,Salaried,6.1,51255,6978,773,No,2750803,5,13.61,4.472,Low Risk
41,Salaried,18.2,39682,21912,811,No,1929302,8,55.22,4.052,Medium Risk
53,Self-Employed,10.1,97218,59218,596,No,1101776,9,60.91,0.944,Medium Risk
26,Salaried,7.4,150892,37132,556,No,1689434,2,24.61,0.933,Low Risk
57,Self-Employed,3.8,188143,27965,678,No,300844,2,14.86,0.133,Low Risk
36,Salaried,16.6,77093,20466,710,No,1917570,11,26.55,2.073,Low Risk
32,Self-Employed,1.4,163620,35117,676,No,1455494,3,21.46,0.741,Low Risk
62,Self-Employed,14.9,39674,2036,824,No,2140775,12,5.13,4.497,Low Risk
25,Business Owner,3.5,162292,71114,814,No,2304995,15,43.82,1.184,Low Risk
43,Self-Employed,8.1,94010,35662,806,No,344755,1,37.93,0.306,Low Risk
44,Salaried,12.0,184801,93415,674,No,1559064,11,50.55,0.703,Medium Risk
46,Salaried,7.6,152347,36953,574,Yes,872722,8,24.26,0.477,Medium Risk
61,Business Owner,2.2,60910,18475,568,No,1616766,7,30.33,2.212,Medium Risk
44,Salaried,5.6,22095,7947,839,No,1333378,14,35.97,5.029,Medium Risk
62,Self-Employed,2.7,78322,4175,693,No,1865715,14,5.33,1.985,Low Risk
32,Self-Employed,1.0,154204,52322,552,Yes,114388,11,33.93,0.062,High Risk
47,Self-Employed,11.1,35465,17272,551,No,2349399,3,48.7,5.52,Medium Risk
21,Self-Employed,1.5,70377,26460,556,No,2866566,3,37.6,3.394,Medium Risk
29,Salaried,2.0,58819,9860,784,No,155243,9,16.76,0.22,Low Risk
38,Self-Employed,6.9,60775,23818,683,Yes,2579065,10,39.19,3.536,Medium Risk
40,Salaried,0.5,44187,3330,783,No,2638978,13,7.54,4.977,Medium Risk
28,Salaried,4.0,46680,23711,626,No,224576,14,50.79,0.401,Medium Risk
41,Salaried,6.7,136128,88887,584,No,2325550,10,65.3,1.424,Medium Risk
29,Salaried,8.8,134473,32008,827,No,2888812,6,23.8,1.79,Low Risk
52,Business Owner,19.6,176970,96176,768,No,635301,15,54.35,0.299,Low Risk
55,Salaried,17.1,26220,16564,552,No,1481722,4,63.17,4.709,High Risk
40,Salaried,12.5,53095,29803,761,No,501004,15,56.13,0.786,Low Risk
62,Self-Employed,6.1,165665,52432,732,No,2737412,3,31.65,1.377,Low Risk
56,Salaried,3.9,188180,71783,784,Yes,1036473,1,38.15,0.459,Medium Risk
45,Salaried,15.2,150474,103507,786,No,204595,11,68.79,0.113,Low Risk
35,Self-Employed,9.7,50253,24321,549,No,2870980,10,48.4,4.761,Medium Risk
49,Self-Employed,18.7,82796,48379,706,No,157633,6,58.43,0.159,Medium Risk
42,Business Owner,6.8,110303,71115,690,No,1383713,12,64.47,1.045,Medium Risk
22,Business Owner,3.2,68908,29241,500,No,2628086,7,42.43,3.178,Medium Risk
57,Business Owner,1.5,98128,27823,578,No,2378437,7,28.35,2.02,Medium Risk
21,Self-Employed,0.7,32706,9895,715,No,1079488,8,30.25,2.75,Medium Risk
38,Self-Employed,9.2,31332,3257,662,No,1838012,2,10.4,4.889,Medium Risk
35,Self-Employed,11.5,38117,9310,782,No,1600362,4,24.42,3.499,Low Risk
61,Salaried,10.5,70974,25642,704,No,774146,11,36.13,0.909,Low Risk
60,Self-Employed,6.3,98982,34534,755,Yes,856442,6,34.89,0.721,Medium Risk
21,Business Owner,1.2,68283,14084,572,Yes,830265,4,20.63,1.013,High Risk
40,Business Owner,0.6,28364,6468,732,No,1391066,2,22.8,4.087,Medium Risk
42,Self-Employed,5.3,124417,54772,667,No,1422570,8,44.02,0.953,Low Risk
39,Business Owner,18.6,120708,19697,755,No,1688901,1,16.32,1.166,Low Risk
31,Self-Employed,2.6,138535,12459,609,No,705652,10,8.99,0.424,Low Risk
42,Business Owner,12.2,114066,19144,613,No,1451230,11,16.78,1.06,Low Risk
55,Salaried,10.7,79338,6344,510,Yes,686453,10,8.0,0.721,Medium Risk
48,Self-Employed,4.1,181804,80005,726,No,2135801,5,44.01,0.979,Low Risk
31,Business Owner,2.2,54346,3651,544,No,2371526,15,6.72,3.636,Medium Risk
32,Salaried,5.3,83108,36046,707,No,980451,8,43.37,0.983,Low Risk
21,Self-Employed,1.1,53083,30927,516,Yes,607972,14,58.26,0.954,High Risk
35,Business Owner,3.1,31837,7843,683,No,734278,1,24.63,1.922,Medium Risk
47,Salaried,13.6,32779,3903,622,No,987709,6,11.91,2.511,Medium Risk
60,Salaried,10.0,147720,15524,531,No,2810055,1,10.51,1.585,Low Risk
32,Business Owner,8.4,109546,36116,692,No,1528210,7,32.97,1.163,Low Risk
64,Self-Employed,14.2,36774,14128,688,No,2615332,5,38.42,5.927,Medium Risk
21,Business Owner,1.6,182961,105702,573,No,1298122,13,57.77,0.591,Medium Risk
43,Business Owner,16.2,76936,10684,619,No,1715103,11,13.89,1.858,Low Risk
61,Self-Employed,9.6,160109,87971,645,No,1314776,8,54.94,0.684,Medium Risk
39,Salaried,9.2,51003,22937,680,No,2676472,12,44.97,4.373,Medium Risk
27,Salaried,6.2,150797,49483,715,No,1525985,1,32.81,0.843,Low Risk
43,Salaried,13.3,189896,120131,714,No,211160,13,63.26,0.093,Low Risk
57,Salaried,11.3,189870,49129,780,No,2877387,2,25.88,1.263,Low Risk
60,Salaried,3.5,84462,8025,558,No,2725900,9,9.5,2.689,Medium Risk
64,Self-Employed,1.0,184940,108530,823,No,1506348,4,58.68,0.679,Medium Risk
29,Salaried,2.6,147479,19175,682,No,400363,14,13.0,0.226,Low Risk
29,Self-Employed,9.1,155480,80585,831,No,1836798,4,51.83,0.984,Low Risk
52,Salaried,2.1,59904,26602,598,No,221290,12,44.41,0.308,Medium Risk
36,Self-Employed,15.0,84397,35478,775,No,722865,14,42.04,0.714,Low Risk
36,Business Owner,12.7,74310,10632,723,No,2862811,11,14.31,3.21,Low Risk
53,Self-Employed,7.9,74707,9893,745,No,2345515,12,13.24,2.616,Low Risk
37,Salaried,9.6,165160,29912,849,No,1536542,10,18.11,0.775,Low Risk
25,Self-Employed,6.3,157309,22125,548,No,1252556,11,14.06,0.664,Low Risk
22,Self-Employed,3.3,62904,31780,701,No,1908091,8,50.52,2.528,Medium Risk
35,Self-Employed,1.5,57879,21248,643,No,1548822,4,36.71,2.23,Medium Risk
36,Self-Employed,17.1,115795,56417,660,Yes,1718593,10,48.72,1.237,Medium Risk
51,Self-Employed,5.6,135680,51877,801,No,790746,5,38.23,0.486,Low Risk
57,Self-Employed,14.3,51539,3303,708,No,1420792,1,6.41,2.297,Low Risk
47,Business Owner,3.0,168762,54379,696,No,1500070,14,32.22,0.741,Low Risk
28,Salaried,8.3,34217,20980,564,No,1852760,12,61.31,4.512,High Risk
52,Salaried,12.1,80664,42817,511,No,2550760,13,53.08,2.635,Medium Risk
34,Self-Employed,11.1,90592,55552,537,No,562409,5,61.32,0.517,Medium Risk
48,Business Owner,7.7,21145,3614,600,No,2169585,8,17.09,8.55,Medium Risk
56,Business Owner,18.7,195146,102344,503,No,1546568,8,52.44,0.66,Medium Risk
57,Self-Employed,17.2,55898,16368,766,No,2849111,1,29.28,4.247,Low Risk
50,Salaried,4.5,190322,85098,568,No,1999111,9,44.71,0.875,Medium Risk
64,Salaried,15.6,70611,23941,579,No,2479789,12,33.91,2.927,Medium Risk
38,Self-Employed,1.7,123470,45357,727,No,926824,7,36.74,0.626,Low Risk
61,Salaried,13.6,156372,51152,502,No,680148,15,32.71,0.362,Low Risk
30,Salaried,9.9,32847,20673,846,No,2211327,15,62.94,5.61,Medium Risk
38,Salaried,8.1,86355,47720,778,No,991357,7,55.26,0.957,Low Risk
49,Business Owner,11.7,26013,17313,760,No,2999681,9,66.56,9.61,Medium Risk
59,Self-Employed,10.2,187283,19808,605,No,1507474,11,10.58,0.671,Low Risk
64,Self-Employed,12.3,94983,59737,806,No,2458420,6,62.89,2.157,Medium Risk
47,Self-Employed,11.6,33631,4168,596,No,2707312,6,12.39,6.708,Medium Risk
26,Business Owner,7.5,118094,9736,834,Yes,103835,2,8.24,0.073,Low Risk
27,Self-Employed,3.0,48763,17500,771,No,2793925,1,35.89,4.775,Medium Risk
55,Salaried,4.7,157343,82910,795,No,249830,5,52.69,0.132,Low Risk
37,Business Owner,1.8,93884,8443,623,No,1801490,7,8.99,1.599,Medium Risk
53,Self-Employed,2.0,75987,44974,597,No,2845298,2,59.19,3.12,High Risk
38,Business Owner,13.1,145124,36526,663,No,309458,4,25.17,0.178,Low Risk
23,Business Owner,3.4,47029,30541,764,Yes,1699846,5,64.94,3.012,High Risk
49,Salaried,10.0,138175,56209,518,No,2650969,1,40.68,1.599,Medium Risk
30,Self-Employed,9.6,192243,22446,810,No,2443586,11,11.68,1.059,Low Risk
34,Self-Employed,11.4,134276,14866,687,No,1732684,7,11.07,1.075,Low Risk
54,Self-Employed,2.7,169094,71245,697,No,2529099,12,42.13,1.246,Medium Risk
54,Salaried,13.4,61898,19745,743,Yes,1445732,14,31.9,1.946,Medium Risk
22,Self-Employed,3.9,160590,29676,597,No,2799553,9,18.48,1.453,Low Risk
25,Business Owner,2.8,105760,35517,576,No,1135631,6,33.58,0.895,Medium Risk
36,Salaried,10.6,175521,96677,760,No,767826,7,55.08,0.365,Low Risk
46,Business Owner,3.3,142716,91128,746,No,281673,2,63.85,0.164,Medium Risk
64,Self-Employed,11.0,90171,58960,719,No,2636515,14,65.39,2.437,Medium Risk
34,Salaried,13.1,73056,3960,763,No,760981,15,5.42,0.868,Low Risk
50,Salaried,9.8,120728,39780,786,No,1031045,5,32.95,0.712,Low Risk
41,Salaried,12.9,36051,5660,564,Yes,1654479,5,15.7,3.824,High Risk
48,Salaried,19.4,21158,12112,739,No,132103,9,57.25,0.52,Medium Risk
57,Self-Employed,2.9,22090,10278,614,No,800101,8,46.53,3.018,High Risk
51,Self-Employed,9.4,50396,6479,756,No,1438148,3,12.86,2.378,Low Risk
65,Business Owner,9.9,152108,98718,601,No,2627232,1,64.9,1.439,Medium Risk
21,Self-Employed,2.8,58384,5696,572,No,1268776,3,9.76,1.811,Medium Risk
33,Self-Employed,10.3,148151,28266,847,Yes,1562968,12,19.08,0.879,Low Risk
63,Self-Employed,17.1,193595,65933,740,No,2696456,14,34.06,1.161,Low Risk
48,Salaried,13.7,172715,79463,555,No,2658164,7,46.01,1.283,Medium Risk
43,Self-Employed,8.4,139343,43805,520,No,2957417,7,31.44,1.769,Low Risk
54,Salaried,4.3,89734,5424,814,No,738956,3,6.04,0.686,Low Risk
39,Salaried,19.7,119578,59000,686,No,2024736,10,49.34,1.411,Low Risk
33,Business Owner,3.1,43132,18402,632,No,2716268,12,42.66,5.248,Medium Risk
21,Self-Employed,0.6,94583,34131,624,No,578224,6,36.09,0.509,Medium Risk
52,Business Owner,11.9,41657,26665,668,No,503419,1,64.01,1.007,Medium Risk
25,Self-Employed,5.1,59686,19242,515,No,664344,7,32.24,0.928,Medium Risk
43,Business Owner,11.7,74771,36273,739,Yes,2607662,8,48.51,2.906,Medium Risk
56,Salaried,4.8,95765,36385,605,No,474378,10,37.99,0.413,Medium Risk
32,Salaried,4.3,125622,44821,546,No,1712306,4,35.68,1.136,Medium Risk
53,Self-Employed,19.7,121538,73469,847,No,753331,1,60.45,0.517,Low Risk
34,Salaried,15.1,149723,74897,836,No,1630363,3,50.02,0.907,Low Risk
54,Salaried,6.6,161223,42965,803,Yes,2189014,11,26.65,1.131,Low Risk
29,Self-Employed,0.5,29013,14448,845,No,187204,9,49.8,0.538,Medium Risk
46,Business Owner,1.5,99742,48200,693,No,1440623,2,48.32,1.204,Medium Risk
58,Salaried,11.4,108583,25177,573,No,580422,7,23.19,0.445,Low Risk
62,Salaried,14.7,189073,94999,601,Yes,1443302,15,50.24,0.636,High Risk
47,Business Owner,18.2,119978,52656,602,No,475009,15,43.89,0.33,Low Risk
24,Salaried,4.5,174490,14669,804,No,376683,9,8.41,0.18,Low Risk
49,Business Owner,2.7,20931,12060,658,Yes,2330088,1,57.62,9.277,High Risk
32,Business Owner,9.2,80461,21592,642,No,2380674,15,26.84,2.466,Medium Risk
59,Salaried,12.7,33257,15101,617,No,1201055,12,45.41,3.01,Medium Risk
35,Business Owner,7.8,131331,14123,713,No,2338875,15,10.75,1.484,Low Risk
62,Salaried,10.5,41586,5873,570,No,1899731,9,14.12,3.807,Medium Risk
25,Self-Employed,6.0,169966,41984,734,Yes,1175564,13,24.7,0.576,Medium Risk
50,Salaried,17.5,77747,7609,545,No,1563189,11,9.79,1.676,Low Risk
56,Salaried,13.6,84096,4662,813,No,950617,10,5.54,0.942,Low Risk
49,Business Owner,10.3,56571,6309,799,Yes,1393627,3,11.15,2.053,Medium Risk
63,Self-Employed,12.3,144353,100925,682,No,535560,7,69.92,0.309,Medium Risk
52,Self-Employed,9.8,45767,17433,745,No,625400,11,38.09,1.139,Low Risk
54,Business Owner,16.3,76818,24271,620,No,2306055,15,31.6,2.502,Medium Risk
63,Business Owner,7.5,43011,22523,703,Yes,2783852,3,52.37,5.394,High Risk
50,Self-Employed,3.9,61658,10460,721,No,2258905,14,16.96,3.053,Low Risk
65,Business Owner,0.7,71043,24219,703,No,1757477,14,34.09,2.062,Medium Risk
41,Salaried,4.2,187988,82987,775,Yes,102834,8,44.14,0.046,Medium Risk
39,Business Owner,11.9,103359,43167,554,No,1531928,10,41.76,1.235,Medium Risk
51,Self-Employed,9.6,133727,34738,808,No,1694598,5,25.98,1.056,Low Risk
22,Business Owner,3.4,166025,48161,772,No,223003,15,29.01,0.112,Low Risk
25,Business Owner,6.6,96259,12621,725,No,1725425,6,13.11,1.494,Low Risk
51,Business Owner,11.9,169856,16218,571,No,1578406,14,9.55,0.774,Low Risk
46,Self-Employed,16.1,160085,63453,541,No,1393396,9,39.64,0.725,Medium Risk
48,Salaried,1.6,190783,54314,522,No,2631132,3,28.47,1.149,Medium Risk
37,Self-Employed,11.5,187404,31412,728,No,2160557,6,16.76,0.961,Low Risk
61,Self-Employed,19.9,184222,37101,508,No,2573173,4,20.14,1.164,Low Risk
22,Salaried,0.9,59302,16067,506,No,2227249,7,27.09,3.13,Medium Risk
61,Salaried,10.1,64804,27318,511,No,2797474,10,42.15,3.597,Medium Risk
43,Salaried,19.9,62480,12345,596,No,984245,14,19.76,1.313,Low Risk
28,Business Owner,5.8,120779,19240,521,No,2190754,11,15.93,1.512,Low Risk
33,Salaried,14.1,88597,49665,697,No,1876180,3,56.06,1.765,Medium Risk
37,Business Owner,15.4,138287,39586,740,Yes,2763619,5,28.63,1.665,Medium Risk
22,Business Owner,3.3,149713,93523,547,No,1262197,5,62.47,0.703,Medium Risk
46,Business Owner,19.2,116332,73968,847,No,2180533,5,63.58,1.562,Low Risk
24,Business Owner,2.6,149223,83989,685,No,1161796,6,56.28,0.649,Medium Risk
35,Self-Employed,6.0,37192,8645,835,No,2402559,9,23.24,5.383,Low Risk
63,Self-Employed,7.4,154771,27721,637,No,1344339,9,17.91,0.724,Low Risk
35,Business Owner,16.0,112582,53555,719,No,1846889,14,47.57,1.367,Low Risk
52,Salaried,9.0,122665,72301,765,No,747002,1,58.94,0.507,Low Risk
63,Self-Employed,9.7,157501,56094,760,Yes,1319400,4,35.62,0.698,Medium Risk
31,Business Owner,5.6,179929,74590,836,No,1156219,5,41.46,0.535,Low Risk
36,Business Owner,8.0,176516,88052,774,No,199737,13,49.88,0.094,Low Risk
40,Self-Employed,16.1,114680,79868,516,No,2331418,5,69.64,1.694,Medium Risk
46,Self-Employed,3.7,22147,1843,600,No,2631297,13,8.32,9.901,Medium Risk
33,Business Owner,1.2,142536,48525,750,Yes,2575857,6,34.04,1.506,Medium Risk
38,Business Owner,15.9,110533,53445,502,No,219862,2,48.35,0.166,Medium Risk
47,Salaried,7.0,112055,13610,519,No,2990410,12,12.15,2.224,Low Risk
61,Salaried,6.3,110045,7159,594,Yes,495159,5,6.51,0.375,Medium Risk
34,Self-Employed,4.0,36968,5195,737,No,2967981,11,14.05,6.69,Medium Risk
64,Business Owner,5.0,78667,42314,817,Yes,1486686,4,53.79,1.575,Medium Risk
26,Business Owner,5.9,46363,5684,622,No,2516357,1,12.26,4.523,Medium Risk
38,Salaried,8.3,68405,42767,635,No,1920877,14,62.52,2.34,Medium Risk
64,Self-Employed,18.2,195069,53364,526,No,2179998,4,27.36,0.931,Low Risk
54,Salaried,11.3,197444,54803,649,No,436580,5,27.76,0.184,Low Risk
61,Self-Employed,19.5,178237,104352,820,No,1073708,6,58.55,0.502,Low Risk
27,Salaried,4.6,99806,27308,683,No,2970007,4,27.36,2.48,Medium Risk
65,Self-Employed,14.1,129544,17905,595,No,551531,7,13.82,0.355,Low Risk
50,Salaried,5.3,85583,25711,571,No,2900959,6,30.04,2.825,Medium Risk
51,Self-Employed,19.3,63721,34708,631,Yes,828969,13,54.47,1.084,High Risk
48,Salaried,10.5,157814,20049,835,No,770181,1,12.7,0.407,Low Risk
58,Business Owner,18.7,131121,55223,542,No,1909789,4,42.12,1.214,Medium Risk
22,Salaried,3.7,176686,47426,537,No,2172287,1,26.84,1.025,Medium Risk
40,Self-Employed,1.1,106489,55238,802,No,624467,15,51.87,0.489,Medium Risk
64,Business Owner,14.6,135530,26824,551,Yes,1003088,5,19.79,0.617,Medium Risk
35,Business Owner,15.7,159091,106945,657,No,479381,11,67.22,0.251,Medium Risk
39,Business Owner,3.5,58076,16845,624,No,1636238,1,29.01,2.348,Medium Risk
64,Salaried,11.3,82271,9839,630,No,1617549,13,11.96,1.638,Low Risk
44,Self-Employed,7.9,68445,30400,532,No,1489302,5,44.42,1.813,Medium Risk
58,Salaried,15.1,184812,40325,543,No,951960,11,21.82,0.429,Low Risk
40,Salaried,9.0,181228,52943,543,Yes,2975933,11,29.21,1.368,Medium Risk
31,Business Owner,12.8,146827,53499,847,No,1445084,1,36.44,0.82,Low Risk
47,Salaried,13.8,50065,33377,739,No,1735052,15,66.67,2.888,Medium Risk
42,Salaried,18.2,76001,46148,760,No,1892480,3,60.72,2.075,Medium Risk
64,Business Owner,2.1,34044,17882,750,No,2694399,3,52.53,6.595,High Risk
31,Salaried,7.9,84536,26045,538,No,1956623,4,30.81,1.929,Medium Risk
64,Self-Employed,9.0,146889,18220,513,No,2469278,9,12.4,1.401,Low Risk
64,Self-Employed,10.0,135886,63629,677,Yes,2695227,14,46.83,1.653,Medium Risk
26,Self-Employed,7.0,34805,7493,662,No,844831,1,21.53,2.023,Medium Risk
29,Business Owner,4.5,156509,32651,753,No,243508,15,20.86,0.13,Low Risk
34,Business Owner,15.1,187235,51498,528,No,1426274,9,27.5,0.635,Low Risk
46,Self-Employed,15.3,32381,6623,524,No,2635821,13,20.45,6.783,Medium Risk
34,Self-Employed,6.8,140386,69017,652,No,2350116,12,49.16,1.395,Low Risk
30,Salaried,9.6,162004,61277,522,No,1121677,14,37.82,0.577,Medium Risk
56,Business Owner,3.1,65225,6300,660,No,1125789,5,9.66,1.438,Low Risk
45,Salaried,2.5,101396,15594,501,No,2345702,11,15.38,1.928,Medium Risk
56,Salaried,7.6,81878,13344,781,No,2973690,12,16.3,3.027,Low Risk
25,Business Owner,3.0,51865,26990,826,No,1842045,14,52.04,2.96,Medium Risk
21,Salaried,1.8,197402,95526,544,No,2108585,4,48.39,0.89,Medium Risk
45,Business Owner,0.7,153767,66909,656,No,1896884,8,43.51,1.028,Medium Risk
32,Salaried,1.1,112691,15113,631,No,518269,13,13.41,0.383,Low Risk
24,Self-Employed,5.5,139734,17354,623,No,1631692,14,12.42,0.973,Low Risk
22,Business Owner,2.8,179031,46265,592,No,126926,9,25.84,0.059,Medium Risk
44,Salaried,15.4,173129,93448,818,No,2795184,5,53.98,1.345,Low Risk
44,Self-Employed,18.7,130183,57747,572,No,1543331,6,44.36,0.988,Medium Risk
45,Salaried,12.2,138887,45563,540,No,1971277,12,32.81,1.183,Low Risk
64,Salaried,13.9,197138,74058,712,No,1885335,4,37.57,0.797,Low Risk
58,Self-Employed,8.3,55251,29417,695,Yes,1948091,9,53.24,2.938,High Risk
35,Salaried,6.6,149608,27656,550,No,2300973,8,18.49,1.282,Low Risk
39,Salaried,3.7,56645,10837,835,Yes,1310852,11,19.13,1.928,Medium Risk
45,Salaried,6.4,122493,76648,590,No,958966,12,62.57,0.652,Medium Risk
34,Salaried,5.1,198251,24145,734,No,505850,11,12.18,0.213,Low Risk
40,Salaried,12.7,46808,13737,651,No,572675,10,29.35,1.02,Low Risk
46,Business Owner,14.9,74318,46572,712,No,214140,14,62.67,0.24,Medium Risk
37,Self-Employed,6.3,161203,110428,698,No,2126000,15,68.5,1.099,Medium Risk
22,Salaried,1.8,166468,92659,618,No,1267291,9,55.66,0.634,Medium Risk
35,Self-Employed,11.8,187954,37233,616,No,430334,13,19.81,0.191,Low Risk
43,Business Owner,19.5,58002,32287,804,No,2800498,3,55.67,4.024,Medium Risk
51,Salaried,8.0,176843,34482,532,No,1208229,1,19.5,0.569,Low Risk
45,Business Owner,18.8,58051,24750,541,No,814453,3,42.63,1.169,Medium Risk
53,Salaried,6.0,52526,20332,510,No,579042,8,38.71,0.919,Medium Risk
65,Business Owner,15.6,124983,59217,745,No,1979885,9,47.38,1.32,Low Risk
60,Business Owner,15.9,156482,74565,795,No,1294787,10,47.65,0.69,Low Risk
60,Self-Employed,12.7,34910,8910,569,No,621095,2,25.52,1.483,Medium Risk
38,Business Owner,17.1,108015,74757,682,No,498126,9,69.21,0.384,Medium Risk
60,Business Owner,13.4,22467,7442,752,No,2971887,14,33.12,11.023,Medium Risk
41,Self-Employed,17.3,44828,31180,602,No,805326,10,69.55,1.497,Medium Risk
50,Self-Employed,16.7,137606,80043,712,No,2602671,5,58.17,1.576,Low Risk
59,Self-Employed,4.7,166945,63377,545,No,986085,9,37.96,0.492,Medium Risk
65,Business Owner,12.0,172243,107926,527,No,799147,12,62.66,0.387,Medium Risk
24,Salaried,4.7,188559,110334,755,No,2170944,6,58.51,0.959,Low Risk
33,Business Owner,10.6,50125,15181,599,No,605557,13,30.29,1.007,Medium Risk
36,Salaried,8.7,158119,41763,796,No,290459,5,26.41,0.153,Low Risk
65,Business Owner,16.8,83615,30063,583,No,1340899,6,35.95,1.336,Medium Risk
54,Self-Employed,10.3,109586,54974,620,No,2557847,9,50.17,1.945,Medium Risk
28,Salaried,5.1,92994,65047,611,No,746456,3,69.95,0.669,Medium Risk
41,Self-Employed,2.6,91389,8712,807,No,872826,6,9.53,0.796,Low Risk
56,Salaried,12.8,86600,51167,715,Yes,545828,14,59.08,0.525,Medium Risk
32,Business Owner,3.0,29783,3842,777,No,2496827,10,12.9,6.986,Medium Risk
37,Self-Employed,5.3,74502,38753,784,No,1080436,2,52.02,1.209,Low Risk
41,Self-Employed,4.7,33820,14949,504,Yes,2072553,10,44.2,5.107,High Risk
46,Business Owner,13.4,108519,60104,818,No,2562657,7,55.39,1.968,Low Risk
65,Business Owner,6.5,171858,68734,569,No,234680,9,39.99,0.114,Medium Risk
60,Business Owner,17.4,48209,16853,825,No,889294,6,34.96,1.537,Low Risk
62,Salaried,8.7,153227,14073,605,No,2707599,8,9.18,1.473,Low Risk
33,Self-Employed,7.1,145362,72691,561,No,1049434,12,50.01,0.602,Medium Risk
39,Salaried,14.3,67253,16723,833,No,816118,12,24.87,1.011,Low Risk
38,Salaried,13.9,157680,98032,617,No,357240,7,62.17,0.189,Medium Risk
64,Salaried,4.1,81522,27067,657,Yes,494870,15,33.2,0.506,Medium Risk
55,Salaried,13.2,101265,24164,586,No,2418388,14,23.86,1.99,Low Risk
38,Salaried,13.6,195152,13667,643,No,1642898,1,7.0,0.702,Low Risk
65,Business Owner,6.5,127833,35560,546,No,2259034,7,27.82,1.473,Low Risk
63,Salaried,19.6,129190,89568,504,No,2515743,5,69.33,1.623,Medium Risk
27,Self-Employed,4.7,70437,31954,817,No,907489,8,45.37,1.074,Low Risk
23,Self-Employed,1.9,186798,25639,666,Yes,2970486,11,13.73,1.325,Medium Risk
60,Salaried,10.4,66945,20124,538,No,396114,1,30.06,0.493,Medium Risk
62,Salaried,6.7,103761,46768,592,No,2589874,3,45.07,2.08,Medium Risk
23,Business Owner,4.8,83402,30207,695,No,2884871,15,36.22,2.882,Medium Risk
48,Business Owner,3.9,64008,26909,619,No,1709452,2,42.04,2.226,Medium Risk
57,Self-Employed,2.3,37150,16952,777,No,904780,10,45.63,2.03,Medium Risk
64,Salaried,16.8,80422,44975,656,No,2841837,11,55.92,2.945,Medium Risk
30,Self-Employed,0.5,131316,64040,762,No,1233128,7,48.77,0.783,Low Risk
33,Salaried,12.2,196828,76036,809,No,1098789,5,38.63,0.465,Low Risk
34,Self-Employed,6.2,158100,47084,813,No,256374,9,29.78,0.135,Low Risk
48,Self-Employed,16.3,66066,15511,787,No,2701400,3,23.48,3.407,Low Risk
56,Self-Employed,7.2,137903,31006,674,No,191053,10,22.48,0.115,Low Risk
43,Salaried,19.5,166654,76968,767,No,1665388,10,46.18,0.833,Low Risk
38,Self-Employed,16.9,22164,4692,718,No,2637760,14,21.17,9.918,Medium Risk
48,Self-Employed,6.9,104598,46087,740,No,287911,5,44.06,0.229,Low Risk
50,Salaried,16.2,157110,28424,519,No,2569199,6,18.09,1.363,Low Risk
38,Salaried,11.2,139361,26196,640,Yes,2660709,11,18.8,1.591,Medium Risk
46,Business Owner,7.9,133675,44020,801,No,2530140,5,32.93,1.577,Low Risk
50,Salaried,8.5,47916,16647,828,No,1917099,10,34.74,3.334,Low Risk
24,Salaried,5.2,182850,61475,542,No,1001325,13,33.62,0.456,Low Risk
54,Self-Employed,16.0,137448,16041,700,No,1603643,7,11.67,0.972,Low Risk
48,Business Owner,6.9,191080,51622,777,No,1871579,1,27.02,0.816,Low Risk
64,Salaried,8.0,193588,46489,788,Yes,2965089,3,24.01,1.276,Low Risk
34,Self-Employed,11.3,116452,52049,827,Yes,2513753,9,44.7,1.799,Medium Risk
41,Salaried,17.7,92938,24232,508,No,1815305,7,26.07,1.628,Medium Risk
57,Salaried,9.9,101491,8080,635,Yes,2452962,7,7.96,2.014,Medium Risk
25,Self-Employed,5.9,160786,69474,669,No,621652,5,43.21,0.322,Low Risk
23,Salaried,2.0,198910,121041,775,No,2157315,7,60.85,0.904,Medium Risk
32,Self-Employed,12.3,98867,37985,536,No,1145925,9,38.42,0.966,Medium Risk
62,Self-Employed,11.7,126746,77143,526,No,921506,6,60.86,0.606,Medium Risk
53,Self-Employed,4.8,42172,2704,540,Yes,692664,8,6.41,1.369,High Risk
56,Business Owner,7.9,107415,11240,812,No,106433,13,10.46,0.083,Low Risk
39,Business Owner,18.5,116697,17018,750,No,2298573,7,14.58,1.641,Low Risk
51,Salaried,17.9,121526,31950,575,No,914965,12,26.29,0.627,Low Risk
48,Salaried,5.4,198258,46158,821,No,1790163,9,23.28,0.752,Low Risk
59,Self-Employed,15.1,84121,16926,775,No,731407,4,20.12,0.725,Low Risk
35,Self-Employed,7.8,130540,14060,524,No,1022079,14,10.77,0.652,Low Risk
28,Self-Employed,3.4,113671,39744,719,No,1834245,15,34.96,1.345,Low Risk
29,Self-Employed,3.1,122868,41643,660,No,2236747,10,33.89,1.517,Low Risk
56,Business Owner,10.0,149996,33333,753,Yes,1670069,10,22.22,0.928,Low Risk
38,Business Owner,6.1,82764,54758,757,No,680228,10,66.16,0.685,Low Risk
43,Salaried,9.2,140506,78920,514,Yes,1106742,8,56.17,0.656,High Risk
45,Self-Employed,8.7,144602,33679,635,Yes,194486,14,23.29,0.112,Medium Risk
51,Self-Employed,9.6,41107,10288,727,No,1350102,2,25.03,2.737,Low Risk
25,Self-Employed,5.4,74446,35260,606,No,2567763,1,47.36,2.874,Medium Risk
23,Business Owner,3.7,169677,102352,517,No,1662800,7,60.32,0.817,Medium Risk
43,Business Owner,10.4,83482,44593,634,No,2303409,13,53.42,2.299,Medium Risk
42,Business Owner,13.3,115802,24307,592,Yes,2938847,3,20.99,2.115,Medium Risk
47,Self-Employed,19.7,185490,91688,843,No,254430,5,49.43,0.114,Low Risk
50,Salaried,17.2,169584,89703,535,No,1129763,14,52.9,0.555,Medium Risk
40,Business Owner,19.8,194502,55450,715,No,2616611,12,28.51,1.121,Low Risk
59,Business Owner,11.6,124622,73752,541,No,526989,11,59.18,0.352,Medium Risk
41,Business Owner,4.7,137393,77203,641,No,420867,5,56.19,0.255,Medium Risk
40,Self-Employed,9.2,44381,16952,831,No,2142042,11,38.2,4.022,Medium Risk
21,Self-Employed,2.3,172974,54927,843,No,1708095,9,31.75,0.823,Low Risk
30,Business Owner,7.6,117744,60380,688,No,2618255,10,51.28,1.853,Medium Risk
44,Salaried,10.8,182221,17141,584,No,1071221,1,9.41,0.49,Low Risk
32,Business Owner,10.0,150122,48764,646,Yes,1423494,5,32.48,0.79,Medium Risk
51,Business Owner,5.2,160254,52005,579,No,329827,6,32.45,0.172,Low Risk
25,Salaried,6.2,159443,48241,516,No,1389867,8,30.26,0.726,Low Risk
36,Salaried,10.2,43668,9374,756,No,1195343,8,21.47,2.281,Low Risk
40,Self-Employed,16.6,20698,3564,810,No,532481,1,17.22,2.144,Low Risk
64,Salaried,18.4,79226,44288,746,No,1598829,2,55.9,1.682,Medium Risk
55,Business Owner,13.8,126505,40336,754,No,500606,4,31.88,0.33,Low Risk
26,Salaried,7.4,40015,15148,596,No,1590410,9,37.86,3.312,Medium Risk
44,Salaried,5.7,129683,71597,773,No,1564910,4,55.21,1.006,Low Risk
60,Business Owner,15.6,115598,53696,560,No,2626302,6,46.45,1.893,Medium Risk
42,Business Owner,16.2,35174,20251,767,No,2941291,13,57.57,6.968,Medium Risk
25,Salaried,6.8,165227,113426,669,No,2276127,14,68.65,1.148,Medium Risk
28,Self-Employed,4.9,182747,30259,775,No,507270,10,16.56,0.231,Low Risk
35,Self-Employed,9.3,169930,18625,521,No,922410,9,10.96,0.452,Low Risk
25,Self-Employed,6.1,69565,15195,810,Yes,825821,5,21.84,0.989,Medium Risk
31,Salaried,9.1,116986,49515,623,Yes,318196,14,42.33,0.227,Medium Risk
58,Business Owner,18.5,65452,5966,660,No,910305,5,9.12,1.159,Low Risk
26,Salaried,2.7,125271,13439,627,No,2789024,6,10.73,1.855,Low Risk
44,Salaried,17.1,36455,9423,519,No,1388959,5,25.85,3.175,Medium Risk
21,Self-Employed,1.6,43055,20951,551,Yes,2686371,15,48.66,5.199,High Risk
47,Self-Employed,12.5,99450,47872,660,No,1806147,12,48.14,1.513,Low Risk
48,Salaried,15.1,100065,26177,655,No,2441938,12,26.16,2.034,Low Risk
32,Business Owner,8.5,57056,17932,814,Yes,2607988,5,31.43,3.809,Medium Risk
42,Salaried,1.6,100422,49697,816,Yes,531924,1,49.49,0.441,Medium Risk
47,Salaried,18.4,120255,82787,694,No,491259,1,68.84,0.34,Medium Risk
24,Business Owner,4.5,186841,25423,840,No,617987,7,13.61,0.276,Low Risk
55,Salaried,8.6,151978,98981,577,No,2754238,13,65.13,1.51,Medium Risk
52,Self-Employed,18.6,125410,20169,695,No,2484381,13,16.08,1.651,Low Risk
45,Salaried,1.1,70738,32570,754,No,462179,12,46.04,0.544,Low Risk
21,Salaried,1.4,80396,11292,824,No,2757305,6,14.05,2.858,Low Risk
52,Salaried,15.3,164511,75304,525,No,762283,3,45.77,0.386,Medium Risk
22,Salaried,3.9,193279,67869,636,No,2682368,8,35.11,1.157,Medium Risk
29,Self-Employed,9.0,165883,58225,562,No,1566530,2,35.1,0.787,Medium Risk
39,Self-Employed,4.1,31716,8413,762,Yes,2794921,1,26.53,7.344,High Risk
30,Business Owner,11.4,124709,7527,694,No,2417009,1,6.04,1.615,Low Risk
32,Salaried,4.0,129709,72516,653,Yes,1205157,8,55.91,0.774,High Risk
46,Business Owner,19.6,109408,8433,796,No,449937,11,7.71,0.343,Low Risk
53,Business Owner,11.9,106633,35527,632,No,493292,15,33.32,0.386,Low Risk
45,Self-Employed,12.7,112908,37307,568,No,2444045,8,33.04,1.804,Low Risk
54,Business Owner,18.6,136076,71195,695,No,2672544,10,52.32,1.637,Medium Risk
36,Salaried,4.1,192753,129788,713,No,679032,14,67.33,0.294,Medium Risk
58,Salaried,17.8,45608,25978,599,No,138258,15,56.96,0.253,Medium Risk
38,Self-Employed,16.7,92638,44699,728,Yes,434040,13,48.25,0.39,Medium Risk
57,Business Owner,0.8,153415,9334,668,No,1175213,14,6.08,0.638,Low Risk
54,Business Owner,16.1,104581,54843,786,No,2488814,5,52.44,1.983,Low Risk
40,Salaried,12.0,51990,11373,788,No,1617026,4,21.88,2.592,Low Risk
40,Self-Employed,3.0,82749,35792,547,Yes,1814796,8,43.25,1.828,High Risk
34,Business Owner,1.4,167953,44574,613,No,1751898,8,26.54,0.869,Medium Risk
21,Business Owner,1.1,153833,83599,706,No,2317614,12,54.34,1.255,Medium Risk
47,Self-Employed,7.9,193232,28407,585,No,2883058,11,14.7,1.243,Low Risk
55,Business Owner,4.1,61641,24139,584,No,106754,13,39.16,0.144,Medium Risk
28,Business Owner,2.6,84348,24696,521,No,2238898,9,29.28,2.212,Medium Risk
42,Self-Employed,10.9,98125,48374,716,No,1817585,11,49.3,1.544,Low Risk
52,Business Owner,0.9,124654,28802,782,No,1227432,12,23.11,0.821,Low Risk
38,Business Owner,6.8,170691,61229,575,No,1599103,11,35.87,0.781,Medium Risk
33,Salaried,14.1,104509,66175,850,No,1483084,10,63.32,1.183,Low Risk
61,Salaried,18.5,183224,67345,775,No,1259448,2,36.76,0.573,Low Risk
64,Salaried,14.3,96318,65590,697,No,756367,7,68.1,0.654,Medium Risk
49,Self-Employed,15.3,190895,24164,815,No,1880065,5,12.66,0.821,Low Risk
42,Salaried,5.7,126498,35563,662,No,1602359,13,28.11,1.056,Low Risk
62,Self-Employed,6.6,49253,22036,725,No,1889994,4,44.74,3.198,Medium Risk
21,Salaried,1.9,74144,20621,758,No,355959,14,27.81,0.4,Low Risk
28,Self-Employed,8.0,29866,3160,667,No,2835557,11,10.58,7.912,Medium Risk
30,Salaried,11.1,57901,7647,643,No,1001634,5,13.21,1.442,Low Risk
63,Business Owner,3.8,120026,38005,524,No,2280618,13,31.66,1.583,Medium Risk
37,Self-Employed,12.6,32927,22084,824,Yes,240870,5,67.07,0.61,Medium Risk
21,Salaried,1.0,98646,40426,536,No,1499403,14,40.98,1.267,Medium Risk
35,Self-Employed,12.8,118232,66974,769,No,2138307,2,56.65,1.507,Low Risk
43,Self-Employed,5.6,129269,80468,676,No,746933,15,62.25,0.482,Medium Risk
46,Salaried,12.5,134666,49148,636,Yes,1789887,11,36.5,1.108,Medium Risk
65,Salaried,10.2,32603,14963,605,No,1353730,10,45.89,3.46,Medium Risk
57,Salaried,2.6,60149,30790,678,No,2727888,15,51.19,3.779,Medium Risk
64,Salaried,16.2,115533,61188,587,Yes,1599114,6,52.96,1.153,High Risk
62,Business Owner,4.7,84461,51486,844,No,1526835,14,60.96,1.506,Medium Risk
41,Business Owner,3.2,61606,18548,713,No,2647368,6,30.11,3.581,Low Risk
46,Self-Employed,13.0,89991,21379,702,No,2453753,10,23.76,2.272,Low Risk
22,Self-Employed,3.4,41544,20070,788,No,519660,10,48.31,1.042,Low Risk
53,Salaried,9.4,118210,34365,578,No,2985649,5,29.07,2.105,Medium Risk
40,Salaried,16.0,178338,99422,673,No,520731,7,55.75,0.243,Medium Risk
38,Business Owner,11.1,156318,84969,625,No,2801520,6,54.36,1.493,Medium Risk
63,Business Owner,9.8,135336,45908,679,No,1438986,10,33.92,0.886,Low Risk
23,Self-Employed,0.6,105496,26052,813,No,981839,11,24.69,0.776,Low Risk
40,Salaried,19.7,133222,53166,836,No,1510484,14,39.91,0.945,Low Risk
47,Business Owner,3.9,56926,29707,798,No,2668975,14,52.19,3.907,Medium Risk
24,Self-Employed,2.7,83174,20294,557,No,1609706,10,24.4,1.613,Medium Risk
50,Self-Employed,2.9,33357,16065,556,No,1496811,11,48.16,3.739,High Risk
37,Self-Employed,8.9,79956,43834,814,Yes,1108276,11,54.82,1.155,Medium Risk
25,Business Owner,2.2,160655,58549,588,No,1632105,8,36.44,0.847,Medium Risk
53,Self-Employed,8.3,47226,9214,638,No,2758685,8,19.51,4.868,Medium Risk
40,Salaried,8.2,106192,65743,691,No,2698683,11,61.91,2.118,Medium Risk
41,Salaried,5.1,57897,23081,690,No,174041,14,39.87,0.251,Low Risk
64,Business Owner,11.9,110180,40314,806,No,2145977,6,36.59,1.623,Low Risk
53,Salaried,13.2,125500,9890,771,No,1200968,11,7.88,0.797,Low Risk
61,Salaried,15.6,127621,20288,609,No,2848112,13,15.9,1.86,Low Risk
61,Self-Employed,9.2,98796,6111,552,No,2586815,8,6.19,2.182,Medium Risk
61,Business Owner,2.4,149158,72362,750,No,1129940,5,48.51,0.631,Low Risk
28,Business Owner,3.8,103713,43740,521,No,1009124,8,42.17,0.811,Medium Risk
39,Self-Employed,14.4,125492,9299,736,No,2652163,14,7.41,1.761,Low Risk
45,Salaried,0.9,140616,38832,847,No,264893,13,27.62,0.157,Low Risk
27,Self-Employed,6.9,120458,42041,830,No,240272,8,34.9,0.166,Low Risk
55,Self-Employed,14.2,66687,44260,660,No,510483,7,66.37,0.638,Medium Risk
30,Salaried,9.1,115725,49287,621,No,2555249,7,42.59,1.84,Low Risk
49,Self-Employed,13.7,112521,78634,719,No,1107273,6,69.88,0.82,Low Risk
64,Self-Employed,14.2,175804,55358,750,No,637236,3,31.49,0.302,Low Risk
55,Business Owner,4.7,42380,28758,618,No,546569,13,67.86,1.075,Medium Risk
33,Business Owner,0.6,91330,15820,809,No,1399762,3,17.32,1.277,Low Risk
52,Business Owner,6.5,181083,35739,707,Yes,1043785,6,19.74,0.48,Low Risk
51,Business Owner,15.6,168839,53882,532,Yes,1224199,9,31.91,0.604,Medium Risk
22,Salaried,3.0,194996,11145,526,Yes,2925050,12,5.72,1.25,Medium Risk
35,Self-Employed,13.3,134544,80493,787,No,1735073,14,59.83,1.075,Low Risk
22,Business Owner,1.1,109838,18448,842,No,2074995,13,16.8,1.574,Low Risk
58,Self-Employed,14.3,37906,5381,759,Yes,2293998,7,14.2,5.043,Medium Risk
48,Business Owner,2.5,53097,25855,600,No,797290,2,48.69,1.251,Medium Risk
37,Business Owner,12.7,104481,64086,693,No,553846,10,61.34,0.442,Medium Risk
52,Business Owner,11.2,58468,34957,816,Yes,1753874,13,59.79,2.5,Medium Risk
41,Self-Employed,19.3,184934,84871,693,Yes,1000811,3,45.89,0.451,Medium Risk
44,Business Owner,16.5,93443,22068,539,No,509178,13,23.62,0.454,Medium Risk
65,Business Owner,13.5,109812,11581,695,Yes,886768,9,10.55,0.673,Medium Risk
22,Business Owner,1.7,35188,6473,831,No,520551,12,18.4,1.233,Low Risk
58,Salaried,9.2,132417,50775,551,No,1272133,14,38.34,0.801,Medium Risk
52,Salaried,5.6,195835,26923,514,Yes,1194862,11,13.75,0.508,Medium Risk
54,Salaried,4.4,104841,23435,530,Yes,566792,3,22.35,0.451,Medium Risk
49,Salaried,11.1,122017,7006,500,No,1756299,15,5.74,1.199,Low Risk
39,Self-Employed,18.2,32113,16892,505,Yes,2874113,11,52.6,7.458,High Risk
51,Self-Employed,2.6,162465,33176,738,No,2632101,6,20.42,1.35,Low Risk
21,Self-Employed,1.6,146557,72967,533,No,878218,2,49.79,0.499,Medium Risk
52,Salaried,1.3,163025,63630,764,No,306887,11,39.03,0.157,Low Risk
40,Salaried,10.3,170550,33179,615,Yes,2915578,3,19.45,1.425,Medium Risk
45,Self-Employed,13.3,125016,27111,719,No,557968,10,21.69,0.372,Low Risk
60,Salaried,8.3,104646,54065,850,No,2655279,11,51.66,2.114,Low Risk
22,Self-Employed,3.2,85581,48563,791,No,2467935,12,56.75,2.403,Medium Risk
52,Business Owner,0.8,98215,13254,838,Yes,2600572,8,13.49,2.207,Medium Risk
64,Salaried,2.9,38127,20181,691,No,518763,4,52.93,1.134,Medium Risk
46,Business Owner,3.3,122566,43138,505,No,834638,2,35.2,0.567,Medium Risk
42,Salaried,1.8,85265,39601,703,No,1529956,3,46.44,1.495,Medium Risk
46,Salaried,3.2,49643,16146,512,No,2239279,8,32.52,3.759,Medium Risk
44,Self-Employed,10.5,57110,34960,808,No,1643743,9,61.22,2.399,Medium Risk
35,Business Owner,14.2,70364,34731,818,No,117874,7,49.36,0.14,Low Risk
44,Self-Employed,5.2,105530,63670,745,No,1164183,7,60.33,0.919,Low Risk
57,Salaried,15.5,110481,14294,583,No,1376151,1,12.94,1.038,Low Risk
26,Salaried,7.3,84105,14559,792,No,2252630,11,17.31,2.232,Low Risk
58,Business Owner,9.9,171568,9909,612,No,2628737,8,5.78,1.277,Low Risk
27,Self-Employed,8.4,41350,25102,513,No,1548711,7,60.71,3.121,High Risk
53,Self-Employed,18.2,170242,42093,566,No,1702168,1,24.73,0.833,Low Risk
42,Salaried,19.3,86419,34703,618,No,2747431,9,40.16,2.649,Medium Risk
58,Self-Employed,4.6,137497,41300,632,No,2437705,8,30.04,1.477,Low Risk
46,Self-Employed,9.6,194910,64930,531,No,1273630,4,33.31,0.545,Low Risk
40,Self-Employed,18.9,191980,114768,800,No,2008603,11,59.78,0.872,Low Risk
61,Business Owner,16.9,40979,19071,741,No,287096,4,46.54,0.584,Low Risk
35,Salaried,4.9,130152,69823,731,No,2196617,15,53.65,1.406,Medium Risk
37,Self-Employed,2.7,20084,4949,643,Yes,281148,10,24.64,1.167,High Risk
40,Business Owner,17.5,135025,70414,611,No,2370801,2,52.15,1.463,Medium Risk
43,Self-Employed,0.9,109366,65546,583,No,2008467,10,59.93,1.53,High Risk
58,Self-Employed,16.4,98353,56237,711,No,541182,2,57.18,0.459,Medium Risk
24,Self-Employed,5.7,171029,61096,657,Yes,1618578,5,35.72,0.789,Medium Risk
64,Business Owner,7.3,109501,38311,762,No,2012253,3,34.99,1.531,Low Risk
31,Self-Employed,9.0,75073,18200,672,No,2953386,1,24.24,3.278,Low Risk
34,Business Owner,0.7,153030,33297,850,No,1563286,12,21.76,0.851,Low Risk
47,Salaried,16.9,119341,62095,805,No,2826106,12,52.03,1.973,Low Risk
47,Salaried,4.8,54659,35827,780,No,2720583,13,65.55,4.148,Medium Risk
49,Self-Employed,17.9,135089,59101,739,No,2844142,4,43.75,1.754,Low Risk
57,Business Owner,17.9,126500,18191,614,No,2571533,3,14.38,1.694,Low Risk
49,Salaried,13.6,42386,3639,724,No,1599842,2,8.59,3.145,Low Risk
29,Business Owner,6.8,65191,11202,516,No,2839543,15,17.18,3.63,Medium Risk
31,Self-Employed,3.0,80772,14150,623,No,700194,4,17.52,0.722,Low Risk
60,Business Owner,18.6,86120,19976,511,No,215468,14,23.2,0.208,Medium Risk
45,Business Owner,19.7,87787,44773,848,Yes,1772800,10,51.0,1.683,Medium Risk
43,Business Owner,3.0,109397,36590,700,No,689613,10,33.45,0.525,Low Risk
40,Salaried,3.2,110081,22851,524,No,1704489,14,20.76,1.29,Medium Risk
37,Self-Employed,10.3,165669,44501,772,No,1528759,4,26.86,0.769,Low Risk
27,Salaried,8.7,185609,100180,766,No,1173427,3,53.97,0.527,Low Risk
44,Self-Employed,19.3,57531,22674,503,No,1962549,7,39.41,2.843,Medium Risk
40,Salaried,7.6,27828,10068,717,No,2774043,8,36.18,8.307,Medium Risk
55,Self-Employed,1.0,67297,5204,802,Yes,807930,2,7.73,1.0,Medium Risk
36,Salaried,16.5,28960,18427,547,No,1467462,9,63.63,4.223,High Risk
46,Self-Employed,18.5,175154,97070,838,No,2079608,10,55.42,0.989,Low Risk
54,Self-Employed,3.6,156156,58260,539,No,760625,13,37.31,0.406,Medium Risk
40,Business Owner,7.6,127136,20710,557,No,2895642,10,16.29,1.898,Low Risk
46,Self-Employed,6.4,131964,7314,599,No,2372901,9,5.54,1.498,Low Risk
53,Salaried,9.7,25081,6539,521,No,2145428,5,26.07,7.128,High Risk
42,Business Owner,2.0,25558,3722,581,No,2851813,13,14.56,9.299,High Risk
21,Salaried,2.3,148214,42175,687,Yes,380276,7,28.46,0.214,Medium Risk
38,Business Owner,10.2,56041,26791,534,No,1228520,7,47.81,1.827,Medium Risk
47,Salaried,17.6,103764,49044,509,No,1591124,3,47.26,1.278,Medium Risk
46,Business Owner,13.8,137261,29423,587,No,1063900,14,21.44,0.646,Low Risk
46,Salaried,9.9,109562,26298,777,Yes,891210,4,24.0,0.678,Low Risk
21,Business Owner,2.9,153087,102419,572,Yes,2989013,9,66.9,1.627,High Risk
34,Self-Employed,8.8,188889,10729,525,No,1188907,6,5.68,0.525,Low Risk
49,Business Owner,3.5,55279,17184,538,No,2883590,9,31.09,4.347,Medium Risk
42,Business Owner,14.2,182781,84495,503,No,285743,12,46.23,0.13,Medium Risk
27,Business Owner,4.2,179725,123613,747,No,216219,10,68.78,0.1,Medium Risk
29,Self-Employed,1.3,54261,4343,787,No,1579883,3,8.0,2.426,Low Risk
36,Salaried,12.8,168138,57583,501,No,2513189,11,34.25,1.246,Low Risk
33,Self-Employed,9.0,152519,23639,552,No,2749260,15,15.5,1.502,Low Risk
44,Self-Employed,16.3,40270,13252,608,No,2809203,8,32.91,5.813,Medium Risk
26,Self-Employed,5.0,25084,15994,738,No,2027242,5,63.76,6.735,High Risk
65,Salaried,19.9,101205,65235,653,No,2061860,14,64.46,1.698,Medium Risk
36,Business Owner,7.7,121050,16304,807,No,2387630,4,13.47,1.644,Low Risk
65,Salaried,4.0,191215,81040,740,No,1088322,13,42.38,0.474,Low Risk
62,Self-Employed,14.3,140871,50997,632,No,2764877,5,36.2,1.636,Low Risk
33,Business Owner,13.3,99770,45367,736,No,791183,10,45.47,0.661,Low Risk
45,Self-Employed,9.8,108488,69172,657,No,2274861,14,63.76,1.747,Medium Risk
64,Business Owner,1.3,61075,27404,792,No,1049567,5,44.87,1.432,Low Risk
55,Business Owner,0.9,97811,12861,741,No,1856413,1,13.15,1.582,Low Risk
61,Salaried,14.6,168799,39938,807,No,1586195,8,23.66,0.783,Low Risk
35,Self-Employed,7.4,95493,59333,707,No,680579,3,62.13,0.594,Medium Risk
44,Self-Employed,12.1,28664,5548,806,No,2597426,13,19.36,7.551,Medium Risk
26,Business Owner,7.7,185027,126457,551,No,722050,8,68.35,0.325,Medium Risk
36,Salaried,17.0,49792,26833,594,No,1760952,5,53.89,2.947,High Risk
25,Self-Employed,3.7,106051,34331,506,Yes,2759752,2,32.37,2.169,High Risk
54,Self-Employed,3.0,180006,102274,611,Yes,2661962,9,56.82,1.232,High Risk
38,Self-Employed,16.1,62882,9599,775,No,2815311,13,15.27,3.731,Low Risk
41,Business Owner,8.6,128904,82825,746,No,445694,6,64.25,0.288,Low Risk
36,Business Owner,0.8,64252,10152,583,No,2050239,12,15.8,2.659,Medium Risk
36,Self-Employed,6.2,31195,16153,573,No,166686,10,51.78,0.445,Medium Risk
23,Business Owner,4.9,34575,11445,732,No,2804995,5,33.1,6.761,Medium Risk
40,Salaried,9.3,148159,31428,666,No,2862614,1,21.21,1.61,Low Risk
39,Salaried,13.0,52752,16372,752,No,356545,12,31.04,0.563,Low Risk
48,Self-Employed,19.0,90160,59953,615,No,1382521,4,66.5,1.278,Medium Risk
64,Business Owner,8.3,25039,5763,608,No,2918022,10,23.02,9.712,Medium Risk
32,Business Owner,5.2,154580,54834,613,No,931009,4,35.47,0.502,Low Risk
53,Salaried,17.9,84559,5310,746,No,1527686,4,6.28,1.506,Low Risk
61,Business Owner,4.6,67392,46551,716,No,849578,3,69.07,1.051,Medium Risk
39,Self-Employed,18.7,25672,11855,775,No,2023659,3,46.18,6.569,Medium Risk
24,Salaried,1.8,31749,8278,537,No,626441,4,26.07,1.644,Medium Risk
29,Self-Employed,1.5,27428,10062,545,No,1595247,6,36.69,4.847,High Risk
55,Self-Employed,1.6,174077,116878,636,No,319476,5,67.14,0.153,Medium Risk
30,Salaried,10.8,196974,48150,674,No,398661,2,24.44,0.169,Low Risk
58,Business Owner,3.5,117586,71293,567,No,2241996,13,60.63,1.589,Medium Risk
23,Self-Employed,4.0,39757,17141,627,No,1548122,15,43.11,3.245,Medium Risk
22,Self-Employed,3.0,78514,41141,658,No,1165052,15,52.4,1.237,Medium Risk
25,Business Owner,5.1,143324,17421,754,Yes,1417258,6,12.15,0.824,Low Risk
52,Salaried,17.9,122847,40657,618,No,2259777,11,33.1,1.533,Low Risk
62,Salaried,19.6,127368,26737,720,No,1821834,3,20.99,1.192,Low Risk
25,Business Owner,4.9,160626,76641,721,No,651229,1,47.71,0.338,Low Risk
21,Self-Employed,1.6,39177,9921,648,No,1418656,10,25.32,3.018,Medium Risk
56,Business Owner,8.0,113978,55162,715,No,2031808,15,48.4,1.486,Low Risk
25,Self-Employed,1.7,76563,38303,716,No,2218905,1,50.03,2.415,Medium Risk
58,Salaried,2.6,40616,26226,713,No,309946,12,64.57,0.636,Medium Risk
34,Business Owner,2.8,154596,60430,785,No,2590983,4,39.09,1.397,Low Risk
23,Self-Employed,4.1,122429,58360,697,Yes,2427262,9,47.67,1.652,Medium Risk
28,Self-Employed,9.7,144028,73457,680,No,2973314,6,51.0,1.72,Medium Risk
47,Business Owner,1.4,111886,51245,838,No,1501196,7,45.8,1.118,Low Risk
56,Business Owner,15.3,119665,43212,768,No,2109773,3,36.11,1.469,Low Risk
52,Salaried,16.6,187331,129125,557,No,1317955,8,68.93,0.586,Medium Risk
30,Business Owner,2.7,75254,20966,644,No,2263275,4,27.86,2.506,Medium Risk
22,Business Owner,1.3,124947,55274,766,No,2549424,11,44.24,1.7,Low Risk
57,Self-Employed,2.5,86926,23934,645,No,957397,7,27.53,0.918,Medium Risk
50,Salaried,5.6,146040,32309,518,Yes,1689297,9,22.12,0.964,Medium Risk
53,Business Owner,8.6,117668,11113,787,No,2161179,15,9.44,1.531,Low Risk
27,Salaried,4.1,112883,37276,679,No,1632778,14,33.02,1.205,Low Risk
46,Salaried,19.9,85259,55587,545,No,2724865,11,65.2,2.663,Medium Risk
49,Salaried,12.0,58417,3538,516,No,2319860,14,6.06,3.309,Medium Risk
43,Self-Employed,7.0,76079,15683,740,No,2122119,13,20.61,2.324,Low Risk
36,Salaried,12.3,46062,13636,785,No,2582619,13,29.6,4.672,Low Risk
31,Self-Employed,1.8,94231,38246,844,No,534095,3,40.59,0.472,Low Risk
37,Business Owner,1.6,118290,79366,648,No,199719,11,67.09,0.141,Medium Risk
24,Self-Employed,2.1,28218,10715,518,No,2558487,15,37.97,7.556,High Risk
56,Salaried,11.6,150016,46647,734,No,2239103,8,31.09,1.244,Low Risk
29,Self-Employed,4.5,122689,23245,603,No,1283206,4,18.95,0.872,Low Risk
54,Salaried,15.6,35581,2415,797,No,1037014,6,6.79,2.429,Low Risk
31,Business Owner,4.3,79251,54750,751,No,1265931,2,69.08,1.331,Medium Risk
49,Business Owner,11.5,188773,60087,638,No,1725233,3,31.83,0.762,Low Risk
53,Business Owner,10.2,71026,20136,767,No,1683736,3,28.35,1.975,Low Risk
30,Self-Employed,2.3,105801,48742,528,No,634332,4,46.07,0.5,Medium Risk
23,Salaried,1.5,95227,7172,695,No,1994180,14,7.53,1.745,Low Risk
27,Salaried,3.6,192830,55887,788,No,1200562,2,28.98,0.519,Low Risk
54,Business Owner,3.7,152865,95337,506,No,1831483,7,62.37,0.998,Medium Risk
48,Salaried,14.3,50083,30169,611,No,2145967,9,60.24,3.571,Medium Risk
56,Self-Employed,15.5,147379,68189,517,No,1700619,13,46.27,0.962,Medium Risk
33,Self-Employed,1.7,56840,20341,813,No,2413810,13,35.79,3.539,Medium Risk
39,Self-Employed,6.4,23883,3441,632,No,725686,5,14.41,2.532,Medium Risk
55,Business Owner,16.8,70172,36540,625,Yes,1084426,8,52.07,1.288,High Risk
25,Self-Employed,2.9,79339,52599,556,Yes,232398,12,66.3,0.244,High Risk
30,Self-Employed,8.3,185491,80068,562,Yes,609698,10,43.17,0.274,Medium Risk
36,Business Owner,10.5,21678,6484,512,No,488035,14,29.91,1.876,Medium Risk
53,Business Owner,16.7,52542,31001,797,No,2682175,3,59.0,4.254,Medium Risk
41,Self-Employed,19.2,197351,86738,655,No,1816338,9,43.95,0.767,Low Risk
56,Business Owner,15.7,95881,8745,523,No,429219,5,9.12,0.373,Low Risk
26,Salaried,6.2,155179,18213,787,No,1408834,1,11.74,0.757,Low Risk
42,Salaried,14.1,80674,12244,825,No,2563089,11,15.18,2.648,Low Risk
21,Self-Employed,1.3,30106,11335,712,No,1252974,13,37.65,3.468,Medium Risk
24,Self-Employed,3.0,97571,46773,757,No,992045,2,47.94,0.847,Low Risk
22,Salaried,0.9,112717,61533,699,No,2087266,3,54.59,1.543,Medium Risk
30,Self-Employed,4.3,143835,63254,527,No,1222937,1,43.98,0.709,Medium Risk
35,Salaried,14.7,137894,30694,816,No,2672940,15,22.26,1.615,Low Risk
54,Self-Employed,0.6,80206,16884,554,No,1749134,12,21.05,1.817,Medium Risk
60,Self-Employed,2.2,185170,57947,653,No,1716100,1,31.29,0.772,Low Risk
35,Salaried,7.5,138206,38405,533,No,2434219,1,27.79,1.468,Low Risk
43,Self-Employed,18.5,123960,25651,850,No,440637,1,20.69,0.296,Low Risk
55,Business Owner,8.4,107107,25916,548,No,1047323,7,24.2,0.815,Low Risk
23,Self-Employed,4.7,25588,2301,725,No,2285457,7,8.99,7.443,Medium Risk
50,Business Owner,6.4,167175,49496,825,No,2276111,10,29.61,1.135,Low Risk
38,Business Owner,5.4,38176,13504,832,No,546792,1,35.37,1.194,Low Risk
24,Self-Employed,4.9,21029,11351,727,No,1030814,11,53.98,4.085,High Risk
51,Self-Employed,11.7,101249,44255,603,No,255072,8,43.71,0.21,Low Risk
54,Salaried,2.7,39368,13288,793,No,1874711,14,33.75,3.968,Medium Risk
24,Salaried,2.0,26193,4208,547,No,1331970,2,16.07,4.238,High Risk
43,Self-Employed,17.1,130853,44625,616,No,2891658,11,34.1,1.842,Low Risk
54,Self-Employed,13.4,126733,87471,675,No,778464,4,69.02,0.512,Medium Risk
57,Salaried,9.9,198180,13324,608,No,1610759,4,6.72,0.677,Low Risk
21,Salaried,1.3,173528,74503,696,No,1559549,4,42.93,0.749,Medium Risk
45,Business Owner,2.7,180805,65172,733,No,2006017,4,36.05,0.925,Low Risk
57,Self-Employed,15.4,60572,13779,753,No,738526,15,22.75,1.016,Low Risk
33,Business Owner,12.3,111487,66866,692,Yes,2873500,4,59.98,2.148,High Risk
60,Salaried,17.4,192714,111359,783,No,487926,5,57.78,0.211,Low Risk
65,Salaried,19.8,83288,18970,602,No,2119997,15,22.78,2.121,Medium Risk
59,Self-Employed,9.1,28749,9481,687,No,2788900,2,32.98,8.084,Medium Risk
51,Salaried,16.6,141243,62838,560,Yes,609335,7,44.49,0.36,Medium Risk
29,Self-Employed,0.8,173995,71728,596,Yes,1656063,13,41.22,0.793,High Risk
37,Self-Employed,6.1,74690,43525,773,No,1978462,1,58.27,2.207,Medium Risk
27,Self-Employed,6.1,184729,86791,684,No,1067946,10,46.98,0.482,Low Risk
36,Self-Employed,12.1,144632,72626,550,No,1757252,7,50.21,1.012,Medium Risk
58,Salaried,7.6,53067,23499,832,No,200049,10,44.28,0.314,Low Risk
32,Self-Employed,13.8,21858,1774,541,No,565928,11,8.12,2.158,Medium Risk
24,Salaried,5.0,131183,12852,536,No,2028008,4,9.8,1.288,Low Risk
56,Self-Employed,15.9,183443,83910,541,No,467924,14,45.74,0.213,Medium Risk
35,Salaried,1.3,165762,63453,835,No,2326570,14,38.28,1.17,Low Risk
40,Business Owner,19.4,170198,77597,848,No,2451671,14,45.59,1.2,Low Risk
46,Self-Employed,3.0,196646,128982,537,No,2890514,5,65.59,1.225,Medium Risk
54,Salaried,10.1,142212,94805,625,No,1830955,14,66.66,1.073,Medium Risk
44,Self-Employed,14.6,38404,17045,564,Yes,2324265,9,44.38,5.043,High Risk
29,Salaried,0.7,75921,40840,769,No,1767803,14,53.79,1.94,Medium Risk
39,Salaried,9.9,36549,16986,821,Yes,1036773,14,46.47,2.364,Medium Risk
22,Salaried,1.2,88628,48477,821,No,1101330,7,54.7,1.036,Medium Risk
53,Salaried,6.7,184017,82102,533,No,2039619,7,44.62,0.924,Medium Risk
38,Salaried,16.8,58624,11517,795,No,2497318,12,19.65,3.55,Low Risk
35,Business Owner,3.5,109991,15502,773,No,2763653,13,14.09,2.094,Low Risk
46,Self-Employed,18.3,65824,19573,808,No,2546006,5,29.74,3.223,Low Risk
59,Business Owner,11.6,63362,41729,660,No,2679080,7,65.86,3.524,Medium Risk
37,Self-Employed,6.1,156376,36119,627,No,2741546,7,23.1,1.461,Low Risk
55,Self-Employed,10.4,50447,4961,613,No,1887132,5,9.83,3.117,Low Risk
22,Business Owner,3.0,26428,6827,755,No,1500661,6,25.83,4.732,Medium Risk
65,Self-Employed,12.1,192995,107716,528,No,1730143,12,55.81,0.747,Medium Risk
31,Self-Employed,7.1,179842,15086,682,No,2986081,3,8.39,1.384,Low Risk
22,Business Owner,3.1,122281,81918,739,No,1829967,3,66.99,1.247,Medium Risk
46,Self-Employed,14.6,76718,11104,665,No,403920,9,14.47,0.439,Low Risk
21,Salaried,2.1,110361,52712,801,No,2153975,8,47.76,1.626,Low Risk
35,Business Owner,8.0,169749,30066,683,Yes,2527952,6,17.71,1.241,Medium Risk
43,Salaried,11.5,188689,109530,630,No,1230081,11,58.05,0.543,Medium Risk
26,Salaried,1.0,197055,37592,700,Yes,2012810,1,19.08,0.851,Medium Risk
34,Business Owner,8.7,58906,39752,701,Yes,2042031,14,67.48,2.889,High Risk
48,Salaried,2.5,115621,77032,649,No,772630,4,66.62,0.557,Medium Risk
34,Salaried,12.8,162354,12651,703,Yes,234525,12,7.79,0.12,Low Risk
53,Business Owner,3.3,63549,29130,826,No,2244448,8,45.84,2.943,Low Risk
35,Salaried,13.7,30306,19007,849,No,2301019,4,62.72,6.327,Medium Risk
26,Salaried,5.3,80169,41333,680,No,1318898,9,51.56,1.371,Medium Risk
43,Salaried,4.1,143715,19679,532,No,194396,9,13.69,0.113,Low Risk
39,Salaried,11.1,86423,50924,535,No,771783,8,58.92,0.744,Medium Risk
60,Business Owner,8.9,74877,34369,667,No,2720205,12,45.9,3.027,Medium Risk
41,Self-Employed,7.0,199419,101922,509,Yes,438749,1,51.11,0.183,High Risk
53,Salaried,12.6,160972,88467,565,No,825271,4,54.96,0.427,Medium Risk
65,Salaried,0.8,129665,7388,731,No,1109263,6,5.7,0.713,Low Risk
23,Salaried,3.9,158660,31747,597,No,2963882,3,20.01,1.557,Medium Risk
61,Self-Employed,4.4,139772,37051,604,No,1923427,13,26.51,1.147,Low Risk
57,Salaried,17.1,166867,11612,810,No,1842913,12,6.96,0.92,Low Risk
46,Salaried,2.9,131744,59013,785,No,2935606,5,44.79,1.857,Low Risk
21,Salaried,1.0,20376,4386,642,Yes,369599,1,21.53,1.512,High Risk
45,Salaried,9.0,89180,38096,502,No,2392587,5,42.72,2.236,Medium Risk
39,Business Owner,7.0,27200,3125,835,No,1807991,5,11.49,5.539,Low Risk
30,Business Owner,11.4,64553,24867,800,No,502202,2,38.52,0.648,Low Risk
43,Salaried,6.7,24760,11767,708,No,1843581,2,47.52,6.205,Medium Risk
33,Salaried,5.3,62579,31942,690,No,1125684,12,51.04,1.499,Medium Risk
31,Salaried,8.8,164880,108498,666,No,2399519,4,65.8,1.213,Medium Risk
50,Business Owner,9.2,99733,20222,638,No,1383719,8,20.28,1.156,Low Risk
46,Salaried,18.8,197304,35319,686,No,546722,2,17.9,0.231,Low Risk
28,Self-Employed,7.9,105098,27070,722,No,2041991,8,25.76,1.619,Low Risk
55,Business Owner,11.0,125346,9557,542,Yes,1259139,9,7.62,0.837,Medium Risk
58,Salaried,19.4,25209,5434,683,No,2338276,15,21.56,7.73,Medium Risk
53,Salaried,14.3,175453,62475,778,No,1398129,14,35.61,0.664,Low Risk
29,Salaried,6.9,77720,22475,668,Yes,1337389,11,28.92,1.434,Medium Risk
44,Business Owner,17.6,31847,8340,680,No,1957886,6,26.19,5.123,Medium Risk
49,Self-Employed,12.2,43137,5156,596,No,2584765,13,11.95,4.993,Medium Risk
56,Salaried,0.9,100071,54347,739,No,698929,8,54.31,0.582,Medium Risk
37,Self-Employed,14.7,198999,23413,699,No,2490699,15,11.77,1.043,Low Risk
43,Business Owner,11.6,30217,17184,555,Yes,2865294,15,56.87,7.902,High Risk
31,Salaried,2.0,73767,13346,767,No,1676894,1,18.09,1.894,Low Risk
21,Business Owner,1.0,140194,46433,536,No,2228975,11,33.12,1.325,Medium Risk
57,Business Owner,11.9,79580,4343,753,No,543872,12,5.46,0.57,Low Risk
28,Business Owner,2.8,170010,75279,827,No,2593069,3,44.28,1.271,Low Risk
50,Salaried,12.9,106077,53288,524,Yes,1024117,4,50.24,0.805,High Risk
54,Business Owner,10.0,161820,100855,846,No,710413,9,62.33,0.366,Low Risk
44,Business Owner,13.0,167015,101797,762,No,2834523,2,60.95,1.414,Low Risk
55,Self-Employed,15.6,170832,60443,624,No,2484348,1,35.38,1.212,Low Risk
62,Salaried,9.7,150139,64830,815,No,2665737,14,43.18,1.48,Low Risk
62,Self-Employed,15.7,101954,35751,828,No,1399004,5,35.07,1.143,Low Risk
28,Salaried,4.8,172444,110133,587,No,668066,7,63.87,0.323,Medium Risk
61,Self-Employed,6.1,80885,19697,731,No,2482553,2,24.35,2.558,Low Risk
65,Self-Employed,1.1,87925,18655,796,No,2261713,4,21.22,2.144,Low Risk
60,Business Owner,6.9,184279,85494,790,No,2038025,13,46.39,0.922,Low Risk
59,Business Owner,15.8,132510,37967,660,No,1035196,15,28.65,0.651,Low Risk
64,Self-Employed,6.9,194586,134468,782,No,2100478,9,69.1,0.9,Low Risk
40,Salaried,19.8,197521,14876,607,No,1957475,11,7.53,0.826,Low Risk
63,Salaried,16.2,142151,50137,698,No,2977637,11,35.27,1.746,Low Risk
33,Self-Employed,10.0,188275,86074,751,No,1013989,7,45.72,0.449,Low Risk
58,Salaried,3.4,71739,36951,756,No,157269,4,51.51,0.183,Medium Risk
33,Self-Employed,8.9,178338,48337,783,No,281269,12,27.1,0.131,Low Risk
32,Salaried,1.7,56239,36797,849,No,1421461,4,65.43,2.106,Medium Risk
31,Self-Employed,3.5,195891,100317,560,No,1989493,3,51.21,0.846,Medium Risk
37,Business Owner,13.3,69381,9767,565,No,2121954,8,14.08,2.549,Medium Risk
25,Self-Employed,3.3,180530,47720,517,No,1597093,6,26.43,0.737,Medium Risk
44,Self-Employed,14.0,30984,19942,576,No,1824166,2,64.36,4.906,High Risk
51,Self-Employed,1.9,129601,88562,635,Yes,1611841,10,68.33,1.036,High Risk
38,Self-Employed,16.1,49139,26922,555,No,1145562,15,54.79,1.943,Medium Risk
63,Business Owner,2.3,186426,27192,846,No,159849,14,14.59,0.071,Low Risk
47,Self-Employed,1.1,126226,14792,578,No,726742,15,11.72,0.48,Medium Risk
55,Business Owner,5.1,185759,12477,697,No,1858446,9,6.72,0.834,Low Risk
65,Self-Employed,5.3,21145,13933,689,No,1526522,10,65.89,6.016,High Risk
42,Salaried,3.0,126925,23857,670,No,2195987,8,18.8,1.442,Low Risk
52,Business Owner,12.3,196203,49551,610,No,674193,8,25.25,0.286,Low Risk
47,Salaried,11.7,177445,15991,847,No,248334,1,9.01,0.117,Low Risk
54,Salaried,14.0,84014,26061,693,No,696081,7,31.02,0.69,Low Risk
57,Salaried,4.1,199739,33845,531,No,1670870,6,16.94,0.697,Low Risk
64,Salaried,8.3,140038,77388,519,No,2038721,1,55.26,1.213,Medium Risk
25,Self-Employed,4.9,65257,4903,606,No,975708,5,7.51,1.246,Low Risk
40,Business Owner,1.1,134405,59062,583,Yes,1703870,3,43.94,1.056,High Risk
25,Business Owner,4.7,199795,40855,618,No,2764192,14,20.45,1.153,Low Risk
25,Business Owner,4.4,171516,111127,832,No,571753,1,64.79,0.278,Low Risk
42,Salaried,1.0,42292,6502,713,No,333426,15,15.37,0.657,Low Risk
56,Salaried,17.7,153931,31027,737,No,1273265,3,20.16,0.689,Low Risk
50,Salaried,6.7,182645,75575,751,No,2345831,15,41.38,1.07,Low Risk
49,Salaried,17.9,58087,5251,599,No,2869221,9,9.04,4.116,Medium Risk
65,Business Owner,15.0,40748,28016,585,No,2519784,9,68.75,5.153,High Risk
24,Self-Employed,1.9,129860,37359,796,No,1235615,8,28.77,0.793,Low Risk
47,Salaried,17.0,129302,75255,509,No,1212620,8,58.2,0.782,Medium Risk
30,Business Owner,7.7,109821,18118,736,No,2407338,8,16.5,1.827,Low Risk
65,Self-Employed,9.7,163512,104483,633,No,115114,13,63.9,0.059,Medium Risk
65,Business Owner,12.3,129202,33173,739,No,321701,7,25.68,0.207,Low Risk
26,Salaried,7.3,154728,58035,732,Yes,742370,9,37.51,0.4,Medium Risk
40,Salaried,8.3,36068,20455,569,No,715000,15,56.71,1.652,Medium Risk
46,Business Owner,14.5,188794,102200,631,No,212599,1,54.13,0.094,Medium Risk
42,Salaried,17.4,39538,18565,717,No,1724003,12,46.95,3.634,Medium Risk
46,Business Owner,10.5,72760,7151,828,No,1381839,8,9.83,1.583,Low Risk
57,Self-Employed,12.9,57839,20419,768,No,616783,15,35.3,0.889,Low Risk
32,Self-Employed,2.3,199493,56781,691,No,1232700,2,28.46,0.515,Low Risk
46,Salaried,2.2,178316,18837,815,No,1197612,9,10.56,0.56,Low Risk
22,Business Owner,2.0,51064,18196,763,No,2973748,7,35.63,4.853,Medium Risk
52,Salaried,7.7,30330,10970,832,No,329906,8,36.17,0.906,Low Risk
39,Salaried,6.1,78965,25744,780,No,1956543,10,32.6,2.065,Low Risk
45,Self-Employed,14.1,189899,122069,711,No,325270,6,64.28,0.143,Low Risk
25,Salaried,0.7,169592,110464,526,No,313893,14,65.14,0.154,High Risk
27,Self-Employed,5.2,114927,7844,590,No,301600,3,6.83,0.219,Low Risk
43,Business Owner,6.1,144139,22523,820,No,2963357,10,15.63,1.713,Low Risk
32,Salaried,1.6,196837,31867,740,No,2718798,13,16.19,1.151,Low Risk
59,Self-Employed,5.7,140772,68751,834,No,1499902,11,48.84,0.888,Low Risk
35,Business Owner,7.5,175976,107978,731,No,1167051,14,61.36,0.553,Low Risk
31,Self-Employed,2.4,193829,95137,815,No,1181774,11,49.08,0.508,Low Risk
62,Salaried,1.6,41857,13097,557,No,985791,8,31.29,1.963,Medium Risk
39,Salaried,18.9,198240,119541,547,Yes,887078,4,60.3,0.373,High Risk
50,Business Owner,15.5,136428,76825,702,No,2980341,10,56.31,1.82,Low Risk
49,Self-Employed,10.9,197224,125303,502,No,1443144,6,63.53,0.61,Medium Risk
52,Salaried,16.3,140010,34410,836,No,1623245,9,24.58,0.966,Low Risk
40,Business Owner,14.6,155321,59168,640,No,2668065,1,38.09,1.431,Low Risk
53,Salaried,4.6,108449,40902,587,No,289300,11,37.72,0.222,Medium Risk
43,Self-Employed,5.5,106691,7194,816,No,1931777,4,6.74,1.509,Low Risk
32,Self-Employed,5.5,83828,21483,725,No,558354,2,25.63,0.555,Low Risk
28,Salaried,7.1,34877,22397,765,No,397041,9,64.22,0.949,Medium Risk
37,Self-Employed,13.0,154133,68789,842,Yes,1448498,10,44.63,0.783,Medium Risk
35,Salaried,1.8,113576,66713,710,No,2893441,4,58.74,2.123,Medium Risk
24,Business Owner,3.0,72051,34083,772,No,267282,15,47.3,0.309,Low Risk
30,Salaried,8.1,129731,28807,677,No,2177606,11,22.21,1.399,Low Risk
29,Salaried,4.0,107000,25972,583,No,2268629,14,24.27,1.767,Medium Risk
51,Business Owner,17.4,179844,25464,532,Yes,1282440,8,14.16,0.594,Medium Risk
64,Self-Employed,12.4,161513,37475,656,No,1336008,3,23.2,0.689,Low Risk
58,Salaried,18.7,47182,17134,780,Yes,2961324,8,36.31,5.23,Medium Risk
32,Salaried,4.0,40584,14111,755,No,298890,13,34.77,0.614,Low Risk
38,Self-Employed,16.1,182921,108091,592,No,1894564,10,59.09,0.863,Medium Risk
53,Business Owner,13.2,139274,60346,777,No,2073995,6,43.33,1.241,Low Risk
39,Self-Employed,6.9,87628,54703,650,Yes,1088178,5,62.43,1.035,High Risk
21,Salaried,2.8,55702,28928,797,Yes,993507,7,51.93,1.486,High Risk
21,Business Owner,1.3,177828,59168,732,No,368445,12,33.27,0.173,Low Risk
58,Salaried,5.4,85325,32881,513,No,1269371,14,38.54,1.24,Medium Risk
54,Self-Employed,15.9,145440,64376,716,No,2906323,6,44.26,1.665,Low Risk
47,Salaried,18.5,38325,26359,709,No,1786374,3,68.78,3.884,Medium Risk
29,Business Owner,10.2,36279,24596,738,No,1856933,6,67.8,4.265,Medium Risk
60,Self-Employed,10.6,102856,69846,552,No,650794,12,67.91,0.527,Medium Risk
29,Self-Employed,7.2,98514,20375,527,No,1945462,11,20.68,1.646,Medium Risk
32,Business Owner,10.2,148990,13977,711,No,779272,5,9.38,0.436,Low Risk
40,Self-Employed,17.5,112312,36158,532,No,540988,3,32.19,0.401,Low Risk
61,Salaried,4.6,23758,8779,595,No,2147952,9,36.95,7.534,High Risk
24,Self-Employed,2.8,103610,52118,652,No,2241850,6,50.3,1.803,Medium Risk
53,Self-Employed,7.8,112704,37356,651,No,220470,3,33.15,0.163,Low Risk
61,Business Owner,13.8,66142,17864,538,Yes,2879868,9,27.01,3.628,High Risk
55,Self-Employed,8.9,30879,19836,661,No,2673007,5,64.24,7.214,High Risk
45,Business Owner,18.5,178786,70063,658,No,2203449,15,39.19,1.027,Low Risk
31,Business Owner,11.0,95119,32517,518,No,286462,4,34.19,0.251,Medium Risk
26,Business Owner,2.2,196819,31278,815,No,2030518,2,15.89,0.86,Low Risk
31,Salaried,9.8,24396,4518,721,Yes,2293429,7,18.52,7.834,High Risk
39,Salaried,15.9,145968,59021,569,No,2371545,12,40.43,1.354,Medium Risk
63,Self-Employed,4.1,57755,22754,693,Yes,1120058,3,39.4,1.616,Medium Risk
21,Business Owner,3.0,146646,50115,615,No,1935559,2,34.17,1.1,Low Risk
21,Self-Employed,1.0,160756,31815,613,No,2756233,6,19.79,1.429,Low Risk
61,Business Owner,7.7,83627,22778,717,No,2827866,3,27.24,2.818,Low Risk
49,Self-Employed,13.1,29581,2555,669,No,2326087,6,8.64,6.553,Medium Risk
58,Self-Employed,4.8,52984,29373,612,No,2906803,14,55.44,4.572,High Risk
29,Salaried,6.3,137483,89337,511,No,784581,13,64.98,0.476,Medium Risk
37,Salaried,14.6,59948,15898,672,No,1821948,9,26.52,2.533,Low Risk
59,Business Owner,15.9,199288,38842,796,No,2021634,11,19.49,0.845,Low Risk
23,Self-Employed,1.0,128938,46397,785,No,390038,6,35.98,0.252,Low Risk
58,Self-Employed,12.9,94839,29384,830,No,2313096,7,30.98,2.032,Low Risk
42,Self-Employed,12.4,97862,66208,642,No,1209631,12,67.65,1.03,Medium Risk
63,Self-Employed,10.2,79838,14746,591,No,395921,12,18.47,0.413,Low Risk
31,Self-Employed,7.3,106584,29733,738,Yes,1935860,1,27.9,1.514,Medium Risk
21,Business Owner,2.6,62383,12817,814,No,1411918,10,20.55,1.886,Low Risk
58,Business Owner,16.9,61853,20049,516,No,200786,11,32.41,0.271,Medium Risk
56,Business Owner,6.8,35507,3740,524,No,1127348,10,10.53,2.646,Medium Risk
53,Salaried,14.0,83261,43202,758,No,1676727,3,51.89,1.678,Low Risk
55,Salaried,5.3,131227,53451,527,No,2398958,13,40.73,1.523,Medium Risk
25,Salaried,4.0,24432,16255,687,No,966988,8,66.53,3.298,High Risk
38,Salaried,6.9,140162,8937,825,No,2159412,3,6.38,1.284,Low Risk
53,Self-Employed,1.9,103563,67513,687,No,2868451,10,65.19,2.308,Medium Risk
44,Self-Employed,14.1,172401,83453,651,No,2174659,6,48.41,1.051,Low Risk
57,Self-Employed,12.4,117217,80243,513,Yes,1459835,15,68.46,1.038,High Risk
62,Salaried,13.9,121377,16641,823,No,581224,5,13.71,0.399,Low Risk
53,Self-Employed,17.6,95032,60195,786,No,1546926,3,63.34,1.356,Low Risk
65,Self-Employed,3.1,193750,122639,573,No,358801,8,63.3,0.154,Medium Risk
63,Business Owner,13.1,151235,23686,538,No,1414222,2,15.66,0.779,Low Risk
25,Business Owner,4.6,68489,7544,691,No,1340891,6,11.01,1.632,Low Risk
30,Salaried,9.7,30580,17222,840,No,2745242,7,56.32,7.481,Medium Risk
60,Self-Employed,9.5,26742,10252,780,No,337747,4,38.34,1.052,Low Risk
44,Business Owner,17.2,65168,33905,546,No,1293335,15,52.03,1.654,Medium Risk
39,Salaried,14.9,65317,28007,723,No,2801071,14,42.88,3.574,Low Risk
22,Business Owner,1.4,66144,37582,545,No,262676,6,56.82,0.331,High Risk
63,Salaried,7.4,169860,43491,790,No,212867,5,25.6,0.104,Low Risk
51,Business Owner,18.3,43210,5989,835,No,745349,6,13.86,1.437,Low Risk
40,Self-Employed,0.7,165146,104872,544,Yes,577535,4,63.5,0.291,High Risk
40,Business Owner,19.3,81138,17874,757,No,2083870,2,22.03,2.14,Low Risk
33,Salaried,9.2,199730,90921,590,Yes,1893144,9,45.52,0.79,Medium Risk
47,Salaried,4.1,82709,19745,565,No,588624,3,23.87,0.593,Medium Risk
22,Salaried,2.7,73429,27655,614,No,1316344,10,37.66,1.494,Medium Risk
40,Business Owner,1.2,182023,71293,808,No,2386045,11,39.17,1.092,Low Risk
54,Business Owner,1.9,119574,58630,654,No,761791,4,49.03,0.531,Medium Risk
28,Business Owner,1.5,170920,105075,518,No,394035,11,61.48,0.192,Medium Risk
34,Salaried,5.5,167216,87385,605,No,735875,4,52.26,0.367,Medium Risk
48,Business Owner,8.3,34112,23694,535,Yes,456835,1,69.46,1.116,High Risk
62,Salaried,14.0,167635,18433,558,Yes,2109632,5,11.0,1.049,Medium Risk
23,Self-Employed,4.2,27909,3427,605,No,196159,13,12.28,0.586,Medium Risk
36,Self-Employed,17.2,89074,38754,720,No,2168180,2,43.51,2.028,Low Risk
37,Business Owner,9.3,122456,33579,753,No,743809,6,27.42,0.506,Low Risk
62,Self-Employed,3.5,39724,23301,606,No,209460,14,58.66,0.439,Medium Risk
33,Business Owner,7.7,188424,71128,539,No,2917892,12,37.75,1.29,Medium Risk
24,Self-Employed,4.7,135210,92586,515,Yes,2504724,10,68.48,1.544,High Risk
45,Salaried,1.7,124579,76650,511,No,2590611,10,61.53,1.733,Medium Risk
38,Self-Employed,18.3,124045,38229,809,No,674304,13,30.82,0.453,Low Risk
36,Salaried,12.6,35536,2453,555,No,1434944,9,6.9,3.365,Medium Risk
21,Salaried,1.9,37223,8499,524,No,930055,4,22.83,2.082,Medium Risk
32,Salaried,4.5,28027,15959,707,No,2341925,13,56.94,6.963,High Risk
52,Self-Employed,6.1,162006,81127,782,No,2830872,3,50.08,1.456,Low Risk
36,Self-Employed,6.4,21364,12743,752,No,2300327,14,59.65,8.973,Medium Risk
41,Business Owner,16.9,57060,28292,781,Yes,1250697,6,49.58,1.827,Medium Risk
41,Salaried,4.6,49970,31541,715,No,1000815,15,63.12,1.669,Medium Risk
40,Business Owner,17.3,81658,26820,777,No,964830,9,32.84,0.985,Low Risk
52,Salaried,8.2,167480,99947,598,No,1108816,9,59.68,0.552,Medium Risk
22,Salaried,1.4,81704,25923,724,No,1405271,7,31.73,1.433,Low Risk
47,Self-Employed,10.6,145726,96678,636,No,1068415,8,66.34,0.611,Medium Risk
26,Salaried,0.8,79764,9466,670,No,807398,10,11.87,0.844,Medium Risk
49,Self-Employed,8.3,51936,11379,762,No,2251136,2,21.91,3.612,Low Risk
28,Business Owner,7.9,86338,49171,689,No,2381911,2,56.95,2.299,Medium Risk
40,Business Owner,4.7,119416,75180,537,No,1698907,2,62.96,1.186,Medium Risk
27,Self-Employed,3.8,28138,17131,692,No,2265926,10,60.88,6.711,High Risk
31,Self-Employed,9.9,25802,14417,674,No,2744896,5,55.88,8.865,High Risk
45,Self-Employed,18.2,65993,35107,756,Yes,1692891,9,53.2,2.138,Medium Risk
37,Salaried,9.7,43463,30103,513,No,2938111,5,69.26,5.633,High Risk
61,Business Owner,6.6,108594,65258,681,No,1878348,1,60.09,1.441,Medium Risk
21,Salaried,3.0,42605,4698,711,No,677416,3,11.03,1.325,Low Risk
52,Salaried,19.2,157012,46266,800,No,1220112,11,29.47,0.648,Low Risk
29,Business Owner,1.5,136659,72899,606,No,2324562,4,53.34,1.417,Medium Risk
55,Self-Employed,13.3,34510,22863,666,No,2746525,8,66.25,6.632,High Risk
22,Business Owner,1.2,27700,15445,809,No,1804512,11,55.76,5.429,High Risk
44,Salaried,11.1,38253,6611,632,Yes,180784,4,17.28,0.394,Medium Risk
38,Business Owner,12.8,167317,37949,742,No,242296,1,22.68,0.121,Low Risk
65,Self-Employed,3.9,147667,96452,669,No,2517603,6,65.32,1.421,Medium Risk
28,Self-Employed,8.2,175691,117805,630,No,1724025,7,67.05,0.818,Medium Risk
57,Self-Employed,6.2,42162,28992,743,No,1583644,14,68.76,3.13,Medium Risk
48,Salaried,9.8,64185,24090,506,No,380334,11,37.53,0.494,Medium Risk
49,Salaried,5.8,140837,60134,645,No,1437665,10,42.7,0.851,Low Risk
32,Salaried,4.7,50813,29496,608,No,780761,7,58.05,1.28,Medium Risk
38,Business Owner,10.5,147510,76260,849,Yes,322385,2,51.7,0.182,Medium Risk
49,Salaried,9.6,47116,6198,818,No,2851938,6,13.15,5.044,Low Risk
49,Self-Employed,19.1,82759,6341,638,Yes,2475144,5,7.66,2.492,Medium Risk
56,Self-Employed,2.3,95607,15577,826,No,1128541,6,16.29,0.984,Low Risk
43,Salaried,15.8,162035,29376,609,No,2929070,9,18.13,1.506,Low Risk
51,Business Owner,7.5,126268,60354,793,Yes,623006,11,47.8,0.411,Medium Risk
34,Salaried,14.7,128673,80475,693,No,2014048,12,62.54,1.304,Medium Risk
51,Salaried,16.6,109561,42342,566,Yes,371578,14,38.65,0.283,Medium Risk
54,Self-Employed,19.2,196982,123817,804,No,108510,8,62.86,0.046,Low Risk
57,Salaried,2.8,129188,16474,653,Yes,1181271,5,12.75,0.762,Medium Risk
45,Business Owner,13.2,47019,32894,758,No,2518277,8,69.96,4.463,Medium Risk
44,Self-Employed,3.9,99160,61237,750,No,2912337,9,61.76,2.448,Medium Risk
55,Business Owner,15.4,68424,14148,842,No,1326380,9,20.68,1.615,Low Risk
64,Business Owner,10.2,21240,1842,786,No,607509,11,8.67,2.384,Low Risk
30,Self-Employed,3.3,107643,70552,580,No,2825464,12,65.54,2.187,Medium Risk
56,Salaried,11.2,62840,33979,707,No,2555999,1,54.07,3.39,Medium Risk
60,Self-Employed,13.5,127986,66963,575,No,1612406,15,52.32,1.05,Medium Risk
34,Business Owner,15.9,169708,79811,684,No,1819107,5,47.03,0.893,Low Risk
46,Business Owner,10.8,48420,26609,500,No,892353,11,54.95,1.536,Medium Risk
51,Salaried,16.7,175642,105000,510,No,1131661,8,59.78,0.537,Medium Risk
54,Salaried,10.8,154248,83090,713,Yes,1923027,13,53.87,1.039,Medium Risk
58,Salaried,3.7,150733,85972,517,No,2259435,4,57.04,1.249,Medium Risk
38,Business Owner,5.8,60514,29473,722,No,1377033,9,48.7,1.896,Low Risk
49,Self-Employed,18.7,66137,29775,677,No,2091337,13,45.02,2.635,Medium Risk
39,Business Owner,17.3,109211,33498,726,No,2075060,7,30.67,1.583,Low Risk
44,Business Owner,5.9,176783,67423,757,No,2557774,5,38.14,1.206,Low Risk
52,Self-Employed,11.8,20915,12725,520,No,1500244,13,60.84,5.978,High Risk
29,Salaried,1.1,134678,92083,703,No,1046940,1,68.37,0.648,Medium Risk
34,Salaried,13.6,121958,58680,630,No,1656996,8,48.11,1.132,Low Risk
35,Salaried,0.7,28652,20040,736,No,1181754,13,69.94,3.437,High Risk
23,Business Owner,2.2,107821,11456,763,No,2814956,3,10.63,2.176,Low Risk
38,Self-Employed,8.3,145471,42079,564,No,2440337,4,28.93,1.398,Low Risk
51,Business Owner,11.7,26481,2389,683,No,980558,7,9.02,3.086,Medium Risk
47,Business Owner,18.6,70888,9811,722,No,1181593,3,13.84,1.389,Low Risk
30,Business Owner,11.4,124922,19184,766,No,686417,15,15.36,0.458,Low Risk
35,Self-Employed,11.6,68821,18517,796,No,248247,4,26.91,0.301,Low Risk
35,Business Owner,8.3,33947,1850,799,No,2847185,4,5.45,6.989,Low Risk
37,Salaried,4.3,136856,7834,601,No,924822,11,5.72,0.563,Low Risk
28,Business Owner,6.5,154909,28945,643,No,2761778,13,18.69,1.486,Low Risk
26,Salaried,3.2,147628,92866,820,Yes,1229870,8,62.91,0.694,Medium Risk
35,Self-Employed,2.2,157301,89758,828,No,2981836,11,57.06,1.58,Medium Risk
28,Self-Employed,9.5,169780,81184,776,No,2836985,11,47.82,1.392,Low Risk
45,Self-Employed,7.7,113465,28327,573,No,2152975,11,24.97,1.581,Low Risk
65,Business Owner,15.9,141521,64176,580,No,226321,6,45.35,0.133,Medium Risk
34,Business Owner,2.8,138044,24688,808,No,2320126,6,17.88,1.401,Low Risk
60,Salaried,5.6,54809,21486,784,No,2499838,1,39.2,3.801,Low Risk
35,Business Owner,8.0,179170,63549,846,No,1013069,11,35.47,0.471,Low Risk
34,Salaried,11.2,25991,5321,548,No,1669218,13,20.47,5.352,Medium Risk
58,Business Owner,8.7,110556,62864,541,No,225214,3,56.86,0.17,Medium Risk
42,Salaried,8.2,133875,83005,832,No,2775531,11,62.0,1.728,Low Risk
23,Self-Employed,3.4,78498,54462,753,No,492672,14,69.38,0.523,Medium Risk
40,Business Owner,11.8,159432,52384,572,No,1603133,12,32.86,0.838,Low Risk
60,Salaried,17.9,20254,4055,671,No,715037,14,20.02,2.942,Medium Risk
51,Self-Employed,3.8,47043,12298,789,No,1115077,15,26.14,1.975,Low Risk
64,Self-Employed,6.3,170145,83342,712,No,2632174,5,48.98,1.289,Low Risk
60,Self-Employed,18.4,95767,5238,784,No,1443792,13,5.47,1.256,Low Risk
39,Self-Employed,7.6,193676,91879,601,No,344141,9,47.44,0.148,Low Risk
52,Salaried,1.1,59221,31382,546,No,714345,12,52.99,1.005,High Risk
50,Salaried,7.9,118577,22997,585,No,1737966,11,19.39,1.221,Low Risk
50,Salaried,14.5,68729,11032,604,No,2218090,8,16.05,2.689,Low Risk
38,Business Owner,4.7,37121,12137,700,No,502813,10,32.7,1.129,Low Risk
28,Salaried,6.2,99262,40366,720,No,196072,12,40.67,0.165,Low Risk
49,Salaried,19.5,60436,19260,655,Yes,1976003,13,31.87,2.725,Medium Risk
56,Business Owner,12.7,71826,34614,763,No,1622814,11,48.19,1.883,Low Risk
38,Salaried,9.9,132917,75327,815,No,2614359,4,56.67,1.639,Low Risk
52,Salaried,18.4,96712,62373,836,No,2778065,9,64.49,2.394,Medium Risk
27,Salaried,2.9,148671,86154,639,No,2510250,14,57.95,1.407,Medium Risk
40,Self-Employed,18.3,75943,37792,619,No,2403102,15,49.76,2.637,Medium Risk
24,Business Owner,4.7,105349,14222,793,No,1491481,7,13.5,1.18,Low Risk
48,Self-Employed,18.4,43036,17625,726,No,1370634,12,40.95,2.654,Medium Risk
49,Self-Employed,2.3,158586,103007,776,No,1966719,5,64.95,1.033,Medium Risk
36,Self-Employed,6.7,178919,104241,760,No,998930,9,58.26,0.465,Low Risk
23,Self-Employed,1.2,104769,9172,622,No,2493472,11,8.75,1.983,Low Risk
58,Business Owner,8.1,123096,70342,827,No,1032357,5,57.14,0.699,Low Risk
35,Self-Employed,4.6,126351,55173,590,Yes,882928,14,43.67,0.582,High Risk
27,Business Owner,3.5,28439,16627,758,No,121428,9,58.47,0.356,Medium Risk
55,Salaried,4.6,101354,32711,648,No,102901,15,32.27,0.085,Low Risk
40,Business Owner,16.1,75558,27202,632,No,2027516,7,36.0,2.236,Medium Risk
58,Salaried,13.3,41474,13559,595,No,1517797,1,32.69,3.05,Medium Risk
36,Business Owner,10.6,198409,62159,660,Yes,2412106,13,31.33,1.013,Medium Risk
47,Business Owner,10.3,38384,17849,827,No,1369607,2,46.5,2.973,Low Risk
41,Business Owner,12.2,76323,14565,567,No,1844762,12,19.08,2.014,Medium Risk
63,Self-Employed,0.5,78569,30261,661,No,208683,3,38.52,0.221,Medium Risk
58,Self-Employed,15.8,146332,25676,765,No,230722,2,17.55,0.131,Low Risk
32,Self-Employed,11.4,142079,15847,777,No,1671951,9,11.15,0.981,Low Risk
24,Self-Employed,4.6,191461,110181,806,No,2483221,13,57.55,1.081,Low Risk
58,Salaried,4.2,125164,57145,691,No,1594185,6,45.66,1.061,Low Risk
28,Business Owner,1.4,175481,34166,795,No,1937198,2,19.47,0.92,Low Risk
53,Self-Employed,16.0,149094,14898,503,No,2792786,5,9.99,1.561,Low Risk
60,Salaried,12.2,73479,37448,785,Yes,1633606,1,50.96,1.853,Medium Risk
52,Business Owner,2.5,130772,13656,802,No,689287,2,10.44,0.439,Low Risk
33,Self-Employed,8.9,62780,42384,521,No,1212272,1,67.51,1.609,Medium Risk
63,Salaried,18.9,75888,27373,846,No,2076291,8,36.07,2.28,Low Risk
44,Business Owner,11.3,121018,18204,729,No,128961,7,15.04,0.089,Low Risk
46,Salaried,1.8,67530,43106,567,No,2824898,4,63.83,3.486,High Risk
24,Self-Employed,3.8,117150,77679,719,No,2926013,2,66.31,2.081,Medium Risk
31,Salaried,2.0,133147,10817,829,No,443382,15,8.12,0.278,Low Risk
28,Business Owner,7.4,195157,99881,617,Yes,2677740,14,51.18,1.143,High Risk
59,Salaried,4.3,67738,17677,798,Yes,2230574,13,26.1,2.744,Medium Risk
52,Business Owner,14.6,55561,4929,577,No,1293233,14,8.87,1.94,Low Risk
63,Self-Employed,12.2,165482,79062,758,No,542312,14,47.78,0.273,Low Risk
22,Business Owner,3.0,186006,22326,707,Yes,303013,5,12.0,0.136,Medium Risk
43,Salaried,7.2,43344,4001,525,No,1870803,1,9.23,3.597,Medium Risk
54,Salaried,8.4,91849,50920,785,No,1161882,5,55.44,1.054,Low Risk
47,Salaried,17.6,39759,19866,755,Yes,1176486,1,49.97,2.466,Medium Risk
56,Salaried,5.8,167829,43920,643,No,1578059,1,26.17,0.784,Low Risk
46,Salaried,12.0,107141,63065,756,No,652402,12,58.86,0.507,Low Risk
50,Self-Employed,7.1,133298,58142,612,No,2774615,9,43.62,1.735,Low Risk
43,Business Owner,13.3,147693,32142,811,Yes,427885,5,21.76,0.241,Low Risk
30,Business Owner,7.6,24214,5781,683,No,2828572,8,23.87,9.735,Medium Risk
48,Salaried,6.7,69947,34163,821,No,2004798,7,48.84,2.388,Low Risk
45,Business Owner,2.2,177435,101879,599,No,1738907,14,57.42,0.817,Medium Risk
39,Self-Employed,3.2,185154,57501,740,Yes,2919814,12,31.06,1.314,Medium Risk
45,Business Owner,6.7,23754,3268,698,No,1970619,7,13.76,6.913,Medium Risk
26,Salaried,6.2,121435,16894,776,No,133042,13,13.91,0.091,Low Risk
33,Self-Employed,9.2,53416,12048,704,Yes,2593497,15,22.56,4.046,Medium Risk
61,Business Owner,8.6,190515,15219,702,No,760188,14,7.99,0.333,Low Risk
52,Business Owner,10.1,199258,48216,580,No,1626403,14,24.2,0.68,Low Risk
52,Salaried,4.5,58670,15224,640,No,951775,6,25.95,1.352,Medium Risk
30,Self-Employed,10.0,122309,72192,500,No,2291442,14,59.02,1.561,Medium Risk
60,Self-Employed,12.2,36388,12525,555,No,337252,6,34.42,0.772,Medium Risk
30,Salaried,7.7,79680,21099,544,No,599235,9,26.48,0.627,Medium Risk
38,Self-Employed,18.4,24366,6435,819,No,2884521,3,26.41,9.865,Medium Risk
36,Salaried,2.7,52395,2846,543,Yes,2527043,5,5.43,4.019,High Risk
37,Business Owner,4.7,48574,27461,641,Yes,2787186,13,56.53,4.782,High Risk
25,Self-Employed,6.1,161098,105045,748,No,1212493,12,65.21,0.627,Low Risk
33,Business Owner,12.7,142048,87980,746,No,2381665,3,61.94,1.397,Low Risk
65,Self-Employed,1.4,58951,6652,558,No,2326771,3,11.28,3.289,Medium Risk
35,Salaried,4.1,183239,121159,848,Yes,2268643,2,66.12,1.032,Medium Risk
53,Salaried,13.2,31176,17852,790,No,1403305,3,57.26,3.751,Medium Risk
47,Self-Employed,19.9,156136,86192,722,No,2949118,6,55.2,1.574,Low Risk
44,Business Owner,9.7,93987,52125,677,Yes,1849073,4,55.46,1.639,High Risk
65,Self-Employed,10.3,159771,22913,752,No,725344,6,14.34,0.378,Low Risk
40,Self-Employed,15.1,53622,24967,603,No,383570,15,46.56,0.596,Medium Risk
50,Business Owner,13.8,68907,28238,669,No,1146596,5,40.98,1.387,Low Risk
42,Self-Employed,5.0,158219,27110,741,No,1198889,8,17.13,0.631,Low Risk
46,Self-Employed,9.0,119316,60921,772,No,2390014,8,51.06,1.669,Low Risk
40,Self-Employed,14.3,151217,51472,840,No,2724664,8,34.04,1.502,Low Risk
41,Salaried,1.9,76399,39415,699,No,2634103,4,51.59,2.873,Medium Risk
27,Self-Employed,7.1,55720,17133,548,No,244563,8,30.75,0.366,Medium Risk
39,Business Owner,18.0,41548,9016,634,No,2765775,14,21.7,5.547,Medium Risk
28,Salaried,8.2,41396,9533,646,No,2578334,13,23.03,5.19,Medium Risk
59,Self-Employed,18.7,112412,57340,659,No,958748,4,51.01,0.711,Medium Risk
25,Business Owner,5.7,145521,16421,562,No,1620118,4,11.28,0.928,Low Risk
35,Salaried,15.1,172208,113028,584,No,2680604,8,65.63,1.297,Medium Risk
22,Salaried,0.6,31982,17114,824,No,1335192,5,53.51,3.479,Medium Risk
59,Business Owner,10.2,162275,82056,782,No,2729404,2,50.57,1.402,Low Risk
54,Business Owner,10.4,144823,55413,527,Yes,648756,2,38.26,0.373,Medium Risk
44,Business Owner,12.0,150846,67059,611,No,1021029,9,44.46,0.564,Low Risk
29,Self-Employed,10.0,172927,106154,607,No,771835,3,61.39,0.372,Medium Risk
32,Salaried,12.3,104277,23110,520,Yes,1941181,1,22.16,1.551,Medium Risk
39,Self-Employed,4.5,50843,34948,768,No,1762382,9,68.74,2.889,Medium Risk
50,Self-Employed,9.5,150120,32470,735,No,1789001,7,21.63,0.993,Low Risk
47,Self-Employed,8.3,20978,10215,730,No,684055,3,48.69,2.717,Medium Risk
56,Salaried,2.8,67444,37893,830,No,607184,10,56.18,0.75,Medium Risk
34,Business Owner,6.9,160819,25292,784,No,1947020,3,15.73,1.009,Low Risk
48,Self-Employed,14.3,76490,33591,601,Yes,1355625,12,43.92,1.477,Medium Risk
44,Business Owner,11.9,132954,55900,839,No,1787353,7,42.04,1.12,Low Risk
63,Self-Employed,1.1,91608,36918,618,No,948862,5,40.3,0.863,Medium Risk
62,Self-Employed,4.5,109142,42422,641,No,2458967,2,38.87,1.877,Medium Risk
28,Business Owner,6.7,133507,37177,578,Yes,860492,2,27.85,0.537,Medium Risk
22,Self-Employed,3.1,142600,58789,545,No,179595,5,41.23,0.105,Medium Risk
56,Business Owner,14.7,79119,44547,629,No,2318900,2,56.3,2.442,Medium Risk
26,Business Owner,3.6,108617,46336,685,No,2417289,13,42.66,1.855,Low Risk
61,Business Owner,7.8,87635,13890,818,No,2506726,13,15.85,2.384,Low Risk
33,Salaried,3.5,127508,22406,701,No,2182659,3,17.57,1.426,Low Risk
52,Self-Employed,9.5,156227,57810,749,No,979124,6,37.0,0.522,Low Risk
56,Self-Employed,1.9,100897,10901,631,Yes,406074,10,10.8,0.335,Medium Risk
43,Salaried,15.6,165594,10808,780,No,1348980,3,6.53,0.679,Low Risk
48,Self-Employed,17.2,70328,12681,810,No,2155244,14,18.03,2.554,Low Risk
46,Salaried,7.6,27226,1948,538,No,2657642,2,7.15,8.135,Medium Risk
42,Self-Employed,10.8,20058,5016,593,No,1830981,5,25.01,7.607,High Risk
52,Business Owner,3.5,39552,8702,799,No,465034,1,22.0,0.98,Low Risk
54,Self-Employed,2.4,120787,67069,628,No,2640070,1,55.53,1.821,Medium Risk
40,Business Owner,19.6,192667,85122,545,No,2118330,4,44.18,0.916,Medium Risk
54,Business Owner,18.5,119987,41422,793,No,2894692,4,34.52,2.01,Low Risk
45,Self-Employed,4.0,29586,12711,701,No,860114,13,42.96,2.423,Medium Risk
33,Self-Employed,3.1,100098,19561,588,No,2234553,13,19.54,1.86,Low Risk
45,Business Owner,11.5,61479,38872,685,No,2067013,2,63.23,2.802,Medium Risk
63,Business Owner,7.6,198788,67301,600,No,2150564,8,33.86,0.902,Low Risk
21,Salaried,0.8,107986,27036,816,No,2056830,11,25.04,1.587,Low Risk
52,Salaried,12.7,67942,35643,711,No,2558862,7,52.46,3.139,Medium Risk
53,Self-Employed,8.4,164657,81852,828,No,1862031,13,49.71,0.942,Low Risk
25,Salaried,6.5,157296,42936,809,No,1554454,9,27.3,0.824,Low Risk
45,Self-Employed,17.3,174969,42110,608,Yes,915990,14,24.07,0.436,Medium Risk
47,Self-Employed,5.8,150071,12484,695,No,2155218,7,8.32,1.197,Low Risk
52,Business Owner,8.8,111920,48847,635,No,2273666,8,43.64,1.693,Low Risk
62,Business Owner,8.1,182272,39833,798,No,1956477,12,21.85,0.894,Low Risk
26,Self-Employed,3.2,184720,106389,622,No,1959554,15,57.59,0.884,Medium Risk
37,Self-Employed,12.5,187385,25168,512,No,1112242,8,13.43,0.495,Low Risk
52,Salaried,12.2,21457,8871,639,No,2298730,10,41.34,8.928,High Risk
46,Self-Employed,17.6,188213,85718,670,Yes,1094148,8,45.54,0.484,Medium Risk
43,Self-Employed,11.3,28529,15758,746,No,1671175,4,55.24,4.882,Medium Risk
55,Salaried,4.4,159900,46646,706,No,882362,12,29.17,0.46,Low Risk
59,Salaried,5.3,177505,52693,768,No,1260548,13,29.69,0.592,Low Risk
22,Self-Employed,1.3,74796,6431,640,No,105485,12,8.6,0.118,Medium Risk
45,Salaried,3.9,87519,52072,660,No,692035,7,59.5,0.659,Medium Risk
44,Business Owner,5.0,159713,54905,797,No,947631,15,34.38,0.494,Low Risk
39,Self-Employed,9.6,189795,62172,701,Yes,256626,4,32.76,0.113,Medium Risk
34,Salaried,14.5,71528,41805,792,No,1209210,2,58.45,1.409,Low Risk
42,Business Owner,3.4,34073,17400,794,No,392828,1,51.07,0.961,Medium Risk
26,Salaried,1.8,148249,49447,747,No,562107,11,33.35,0.316,Low Risk
59,Self-Employed,2.7,98388,67385,634,No,2035603,8,68.49,1.724,Medium Risk
57,Business Owner,9.7,155887,27686,620,Yes,191133,7,17.76,0.102,Medium Risk
26,Self-Employed,2.4,104261,35519,835,No,2084150,9,34.07,1.666,Low Risk
58,Salaried,17.2,26010,17291,676,No,2789920,11,66.48,8.939,High Risk
32,Self-Employed,0.9,142510,9811,706,Yes,2072879,6,6.88,1.212,Medium Risk
48,Self-Employed,1.7,42333,19631,777,No,602268,3,46.37,1.186,Medium Risk
59,Salaried,5.2,124628,80957,611,No,634253,4,64.96,0.424,Medium Risk
52,Self-Employed,5.4,176820,82928,766,Yes,2919292,2,46.9,1.376,Medium Risk
65,Business Owner,19.3,85132,31827,756,No,1502852,15,37.39,1.471,Low Risk
65,Business Owner,15.7,23069,8490,533,No,2733890,13,36.8,9.876,High Risk
46,Business Owner,7.6,27854,16215,636,No,250209,8,58.21,0.749,Medium Risk
54,Salaried,15.3,198449,93185,725,No,1227867,9,46.96,0.516,Low Risk
33,Salaried,3.8,155671,92924,679,No,1915544,15,59.69,1.025,Medium Risk
42,Business Owner,6.1,197836,10823,649,Yes,2701269,3,5.47,1.138,Medium Risk
51,Salaried,10.5,181045,10216,560,Yes,2423984,14,5.64,1.116,Medium Risk
53,Salaried,15.9,122225,69953,631,No,446898,7,57.23,0.305,Medium Risk
52,Business Owner,10.6,183623,69166,636,Yes,1220513,15,37.67,0.554,Medium Risk
23,Business Owner,3.0,170086,108115,800,No,938453,3,63.56,0.46,Low Risk
61,Salaried,9.5,117450,39136,675,No,2697590,10,33.32,1.914,Low Risk
24,Salaried,4.6,61668,11370,832,No,646637,10,18.44,0.874,Low Risk
59,Business Owner,12.6,119902,21258,510,Yes,792615,15,17.73,0.551,Medium Risk
36,Self-Employed,15.4,124739,34828,501,Yes,223109,8,27.92,0.149,Medium Risk
59,Business Owner,12.1,112594,25769,530,No,2963104,8,22.89,2.193,Medium Risk
34,Salaried,0.9,58265,35725,821,No,1001783,2,61.31,1.433,Medium Risk
56,Self-Employed,0.6,96600,12869,540,No,2330111,3,13.32,2.01,Medium Risk
65,Salaried,15.3,120796,79319,564,No,332643,5,65.66,0.229,Medium Risk
54,Salaried,15.7,28528,11933,528,Yes,1553704,5,41.83,4.539,High Risk
54,Self-Employed,14.3,77020,49670,683,No,2135971,10,64.49,2.311,Medium Risk
49,Salaried,11.9,157739,104386,576,No,1482057,11,66.18,0.783,Medium Risk
64,Self-Employed,5.1,47519,13951,543,No,2138513,3,29.36,3.75,Medium Risk
64,Salaried,15.4,56197,18758,640,Yes,2561559,6,33.38,3.798,Medium Risk
27,Business Owner,3.4,114984,33039,739,No,2314032,13,28.73,1.677,Low Risk
54,Business Owner,14.6,108222,69091,802,No,324972,15,63.84,0.25,Low Risk
53,Salaried,11.7,182680,48122,655,No,2204735,8,26.34,1.006,Low Risk
45,Salaried,13.7,108757,6491,650,No,1281639,10,5.97,0.982,Low Risk
28,Business Owner,8.5,27982,10683,569,No,1308407,7,38.18,3.897,Medium Risk
39,Salaried,5.1,107146,7221,711,No,1614612,6,6.74,1.256,Low Risk
43,Business Owner,14.1,75136,21742,670,No,426329,14,28.94,0.473,Low Risk
24,Business Owner,4.7,55154,26564,728,No,1483010,5,48.16,2.241,Medium Risk
49,Self-Employed,12.7,149278,33809,794,Yes,1651629,5,22.65,0.922,Low Risk
28,Salaried,2.6,137277,20104,647,No,1141527,8,14.64,0.693,Low Risk
59,Self-Employed,12.5,24463,9070,645,Yes,1627515,10,37.08,5.544,High Risk
39,Business Owner,16.7,169209,84130,713,No,1212126,15,49.72,0.597,Low Risk
27,Self-Employed,4.1,71767,35204,674,No,2864008,14,49.05,3.326,Medium Risk
52,Salaried,3.5,115424,49745,675,Yes,807813,13,43.1,0.583,Medium Risk
49,Self-Employed,9.2,183594,96801,510,No,619778,13,52.73,0.281,Medium Risk
30,Salaried,6.1,198137,72070,684,No,363208,5,36.37,0.153,Low Risk
44,Salaried,14.0,72942,16747,754,Yes,2771643,14,22.96,3.166,Medium Risk
24,Salaried,2.4,115561,31046,623,No,1581395,6,26.87,1.14,Medium Risk
60,Self-Employed,17.8,115297,74985,595,Yes,1878228,9,65.04,1.358,High Risk
63,Salaried,4.5,192497,70141,712,No,326360,9,36.44,0.141,Low Risk
60,Self-Employed,15.3,99042,68590,797,No,2208653,7,69.25,1.858,Low Risk
24,Self-Employed,1.6,144164,15529,668,No,2445267,6,10.77,1.413,Low Risk
31,Salaried,8.3,171803,59601,618,No,2431982,7,34.69,1.18,Low Risk
23,Business Owner,3.6,83588,51467,842,No,251191,9,61.57,0.25,Medium Risk
57,Business Owner,19.7,163214,45320,847,No,469078,1,27.77,0.24,Low Risk
44,Self-Employed,15.9,164668,29309,540,No,1649476,14,17.8,0.835,Low Risk
34,Salaried,1.2,126403,29739,516,No,896328,11,23.53,0.591,Medium Risk
64,Business Owner,5.1,76920,50866,721,No,2563883,1,66.13,2.778,Medium Risk
32,Salaried,9.5,81919,33028,825,No,811184,11,40.32,0.825,Low Risk
25,Business Owner,4.0,75379,29649,645,Yes,1986575,9,39.33,2.196,High Risk
27,Self-Employed,7.1,133318,41691,639,Yes,666711,12,31.27,0.417,Medium Risk
21,Business Owner,1.1,154349,77882,595,No,1797676,7,50.46,0.971,Medium Risk
39,Self-Employed,5.9,128272,32006,515,No,2818933,9,24.95,1.831,Low Risk
33,Business Owner,11.6,149736,65813,722,No,1955322,10,43.95,1.088,Low Risk
62,Self-Employed,10.6,199070,99632,742,No,1368159,5,50.05,0.573,Low Risk
60,Business Owner,3.8,121756,47754,839,No,1178958,7,39.22,0.807,Low Risk
60,Salaried,19.7,169169,76260,671,No,1471690,6,45.08,0.725,Low Risk
48,Self-Employed,6.6,57794,10252,642,No,740035,11,17.74,1.067,Low Risk
45,Business Owner,15.3,165626,109343,692,No,2571073,7,66.02,1.294,Medium Risk
45,Self-Employed,13.5,156147,14291,562,No,2355589,3,9.15,1.257,Low Risk
29,Business Owner,8.7,58245,12112,832,No,2807851,3,20.79,4.017,Low Risk
38,Self-Employed,11.4,56010,9563,526,No,971529,4,17.07,1.445,Low Risk
52,Business Owner,11.4,90737,7677,698,No,369785,4,8.46,0.34,Low Risk
53,Self-Employed,10.1,98853,50361,766,Yes,2179420,9,50.95,1.837,Medium Risk
36,Salaried,16.7,106429,28002,697,No,1465463,11,26.31,1.147,Low Risk
49,Business Owner,8.3,194610,125608,690,No,2030951,9,64.54,0.87,Medium Risk
45,Business Owner,13.7,34185,21412,672,No,652661,15,62.64,1.591,Medium Risk
46,Business Owner,15.1,190828,62177,827,No,2623521,5,32.58,1.146,Low Risk
34,Self-Employed,14.7,63413,22415,688,No,1171057,7,35.35,1.539,Low Risk
43,Salaried,17.7,86373,14288,531,No,468176,11,16.54,0.452,Low Risk
53,Self-Employed,9.1,139514,71847,688,No,1146731,6,51.5,0.685,Medium Risk
26,Business Owner,4.8,169854,115697,677,No,2857323,1,68.12,1.402,Medium Risk
42,Self-Employed,7.8,46550,9451,662,Yes,2395669,6,20.3,4.289,High Risk
24,Business Owner,1.0,88973,61639,595,No,2459944,9,69.28,2.304,High Risk
51,Self-Employed,8.5,73690,12602,750,No,299734,13,17.1,0.339,Low Risk
38,Salaried,4.5,163646,18371,705,No,2219829,10,11.23,1.13,Low Risk
25,Business Owner,5.9,31329,2344,577,No,441926,9,7.48,1.175,Medium Risk
38,Self-Employed,9.5,191524,106493,651,No,1804687,6,55.6,0.785,Medium Risk
60,Business Owner,0.9,54787,19587,592,No,2702299,7,35.75,4.11,High Risk
27,Salaried,7.3,76510,19567,757,No,287683,5,25.57,0.313,Low Risk
21,Business Owner,1.7,116018,15114,520,No,145464,10,13.03,0.104,Medium Risk
30,Salaried,1.8,164116,70896,647,No,943752,14,43.2,0.479,Medium Risk
50,Salaried,6.0,137181,28189,579,No,1131082,2,20.55,0.687,Low Risk
60,Salaried,9.1,85250,48584,591,No,1824838,6,56.99,1.784,Medium Risk
46,Salaried,3.9,72755,22635,711,Yes,1525025,9,31.11,1.747,Medium Risk
22,Self-Employed,3.2,85679,29551,669,No,1865744,8,34.49,1.815,Low Risk
29,Salaried,7.6,126216,57919,742,No,703868,8,45.89,0.465,Low Risk
41,Salaried,0.7,113387,72253,850,Yes,2406276,8,63.72,1.768,High Risk
23,Self-Employed,3.1,103678,36343,538,No,845876,2,35.05,0.68,Medium Risk
65,Business Owner,2.3,120419,41528,806,No,855932,4,34.49,0.592,Low Risk
44,Salaried,11.7,80197,43640,618,No,1654305,5,54.42,1.719,Medium Risk
54,Self-Employed,14.8,103800,70522,714,No,335153,15,67.94,0.269,Low Risk
49,Business Owner,6.3,58084,35399,770,No,720361,5,60.94,1.034,Low Risk
32,Self-Employed,9.7,128072,68828,671,No,2969360,6,53.74,1.932,Medium Risk
28,Business Owner,0.7,29049,7204,834,Yes,1454734,12,24.8,4.173,High Risk
40,Business Owner,10.3,102853,11730,810,No,1292999,7,11.4,1.048,Low Risk
44,Business Owner,5.3,129221,23519,621,No,2121629,12,18.2,1.368,Low Risk
44,Business Owner,6.4,142018,71771,527,No,2366011,15,50.54,1.388,Medium Risk
39,Salaried,8.4,89087,17963,729,No,2812706,3,20.16,2.631,Low Risk
27,Self-Employed,0.6,90662,30512,556,No,1530295,12,33.65,1.407,Medium Risk
65,Business Owner,3.8,198247,117469,614,Yes,2732287,14,59.25,1.149,High Risk
57,Business Owner,9.7,137723,64353,776,No,2319567,2,46.73,1.404,Low Risk
50,Self-Employed,12.3,118297,8745,809,No,1093021,12,7.39,0.77,Low Risk
57,Salaried,1.1,38137,26226,677,No,2573221,2,68.77,5.623,High Risk
45,Business Owner,15.5,69598,14670,833,No,2569849,4,21.08,3.077,Low Risk
45,Self-Employed,13.0,27321,10585,631,No,281027,7,38.74,0.857,Medium Risk
43,Business Owner,14.5,185014,44849,681,No,1501102,10,24.24,0.676,Low Risk
33,Self-Employed,7.3,194049,72448,695,Yes,128129,10,37.33,0.055,Medium Risk
37,Self-Employed,3.8,23237,8245,831,No,717422,11,35.48,2.573,Medium Risk
32,Self-Employed,2.0,193444,112624,710,No,639682,15,58.22,0.276,Medium Risk
61,Business Owner,8.0,37001,4767,723,No,183749,12,12.88,0.414,Low Risk
28,Salaried,9.9,77745,25920,501,No,385226,10,33.34,0.413,Medium Risk
38,Business Owner,0.6,165685,15526,739,No,923361,3,9.37,0.464,Low Risk
52,Business Owner,8.4,64063,25164,676,Yes,2903167,11,39.28,3.776,Medium Risk
65,Business Owner,9.5,148698,89700,525,No,2914481,10,60.32,1.633,Medium Risk
50,Salaried,14.1,152781,20494,551,No,1508663,7,13.41,0.823,Low Risk
62,Business Owner,15.6,177259,113569,656,No,2158803,8,64.07,1.015,Medium Risk
33,Business Owner,5.1,175877,50180,788,No,2586560,14,28.53,1.226,Low Risk
31,Salaried,1.0,51490,35070,688,No,2486280,15,68.11,4.024,High Risk
63,Self-Employed,16.0,159105,88873,812,No,288256,1,55.86,0.151,Low Risk
52,Self-Employed,2.6,142414,76271,768,No,2083417,4,53.56,1.219,Medium Risk
44,Business Owner,2.9,54266,28492,750,No,1199495,9,52.5,1.842,Medium Risk
49,Self-Employed,10.2,179177,36766,814,Yes,2896207,11,20.52,1.347,Low Risk
42,Business Owner,11.2,76665,30596,690,No,2527197,10,39.91,2.747,Medium Risk
51,Salaried,4.0,57904,31990,541,No,358293,12,55.25,0.516,Medium Risk
45,Self-Employed,8.8,171500,22296,695,No,569493,10,13.0,0.277,Low Risk
26,Business Owner,3.7,173424,73511,607,No,2944760,1,42.39,1.415,Medium Risk
34,Business Owner,1.7,165519,59745,610,No,2790201,7,36.1,1.405,Medium Risk
54,Salaried,10.6,145158,42537,620,No,1490339,3,29.3,0.856,Low Risk
48,Business Owner,3.8,55586,24394,641,No,2159234,5,43.89,3.237,Medium Risk
51,Business Owner,2.9,68836,28432,706,No,2886919,10,41.3,3.495,Medium Risk
33,Self-Employed,11.3,52039,17893,792,Yes,634919,3,34.38,1.017,Medium Risk
58,Salaried,2.1,189027,65981,720,No,133868,13,34.91,0.059,Low Risk
36,Business Owner,11.9,199741,103624,724,No,2801845,11,51.88,1.169,Low Risk
24,Self-Employed,2.3,146446,73263,753,No,2459480,2,50.03,1.4,Medium Risk
50,Self-Employed,4.5,52909,25664,608,No,1439093,4,48.51,2.267,Medium Risk
43,Salaried,10.3,40051,3791,669,No,232781,14,9.47,0.484,Low Risk
58,Salaried,18.0,140436,21437,816,No,245288,12,15.26,0.146,Low Risk
33,Self-Employed,9.1,117821,40408,680,Yes,882041,15,34.3,0.624,Medium Risk
60,Self-Employed,4.3,171156,19730,774,No,2031946,1,11.53,0.989,Low Risk
54,Business Owner,6.7,24344,7542,639,No,2529381,11,30.98,8.658,Medium Risk
38,Self-Employed,16.1,35844,20101,534,No,711977,14,56.08,1.655,Medium Risk
52,Business Owner,12.1,88273,40116,678,No,2551722,3,45.45,2.409,Medium Risk
28,Salaried,1.5,157513,89751,758,No,2785925,10,56.98,1.474,Medium Risk
47,Business Owner,17.9,183171,85536,609,Yes,2732580,10,46.7,1.243,Medium Risk
36,Self-Employed,8.3,104137,19431,657,No,2759863,2,18.66,2.209,Low Risk
27,Salaried,3.3,150936,11234,596,No,1649507,7,7.44,0.911,Low Risk
24,Business Owner,1.0,128012,30222,582,No,1366209,14,23.61,0.889,Medium Risk
42,Self-Employed,6.0,62642,3264,591,Yes,1066849,6,5.21,1.419,Medium Risk
37,Self-Employed,12.0,64464,9261,627,No,116634,8,14.37,0.151,Low Risk
26,Self-Employed,2.3,97359,19365,697,No,360293,15,19.89,0.308,Low Risk
60,Self-Employed,16.7,87944,31395,525,No,312384,7,35.7,0.296,Medium Risk
24,Salaried,5.6,157753,95378,539,No,2524684,13,60.46,1.334,Medium Risk
43,Salaried,8.1,108420,14826,632,No,458225,12,13.67,0.352,Low Risk
32,Salaried,12.8,63373,15158,554,No,1775037,2,23.92,2.334,Medium Risk
45,Business Owner,1.3,179219,48270,629,No,460265,9,26.93,0.214,Medium Risk
42,Self-Employed,2.9,77234,37704,722,No,151728,3,48.82,0.164,Medium Risk
54,Self-Employed,19.6,176573,100661,534,No,1908141,12,57.01,0.901,Medium Risk
41,Business Owner,2.8,189553,84959,841,No,2085767,9,44.82,0.917,Low Risk
31,Business Owner,1.2,106296,17591,655,No,813803,2,16.55,0.638,Low Risk
58,Salaried,13.0,46907,22176,581,No,2648477,5,47.28,4.705,Medium Risk
53,Salaried,6.2,94512,5146,543,No,2252640,6,5.44,1.986,Low Risk
65,Business Owner,8.2,171321,73274,797,No,806356,7,42.77,0.392,Low Risk
41,Salaried,0.6,51642,30404,515,No,1366557,15,58.87,2.205,High Risk
23,Salaried,0.7,152668,71798,657,No,2210558,9,47.03,1.207,Medium Risk
54,Self-Employed,8.4,183641,44669,537,No,716040,8,24.32,0.325,Low Risk
32,Business Owner,2.2,193558,58189,842,No,2644562,2,30.06,1.139,Low Risk
47,Self-Employed,19.2,187579,79696,660,No,727188,12,42.49,0.323,Low Risk
28,Business Owner,6.7,44930,5119,531,No,676272,4,11.39,1.254,Medium Risk
27,Self-Employed,3.9,159885,87757,620,No,2378112,5,54.89,1.239,Medium Risk
21,Business Owner,0.8,86007,26357,701,No,442561,11,30.65,0.429,Medium Risk
36,Salaried,0.7,56552,14338,629,No,2351906,7,25.35,3.466,Medium Risk
49,Salaried,16.4,144279,43307,659,No,2696607,15,30.02,1.558,Low Risk
33,Business Owner,14.9,193307,92679,774,No,1889316,12,47.94,0.814,Low Risk
46,Self-Employed,6.4,161316,81548,755,No,662429,2,50.55,0.342,Low Risk
23,Self-Employed,3.4,66786,37785,526,No,1017138,12,56.58,1.269,Medium Risk
23,Self-Employed,4.3,24894,12376,806,No,2167986,15,49.71,7.257,Medium Risk
30,Self-Employed,9.7,56062,15363,593,No,1313578,15,27.4,1.953,Medium Risk
25,Self-Employed,5.3,194699,134870,803,No,2589436,3,69.27,1.108,Low Risk
52,Self-Employed,15.2,81324,34775,663,No,1020777,9,42.76,1.046,Low Risk
63,Salaried,16.2,64370,36483,761,No,1699400,11,56.68,2.2,Medium Risk
33,Business Owner,9.6,140434,57161,718,No,2105313,15,40.7,1.249,Low Risk
23,Self-Employed,1.3,80882,22565,733,No,1068821,2,27.9,1.101,Low Risk
54,Business Owner,12.2,171732,34848,541,No,2959224,10,20.29,1.436,Low Risk
58,Salaried,13.7,190603,33214,627,No,2061169,12,17.43,0.901,Low Risk
24,Self-Employed,0.5,143019,98571,835,No,2111110,6,68.92,1.23,Medium Risk
21,Business Owner,1.9,97996,40974,837,No,2666729,13,41.81,2.268,Medium Risk
46,Salaried,15.8,139555,41256,713,No,1838972,3,29.56,1.098,Low Risk
25,Salaried,4.1,23010,13293,796,No,2662247,13,57.77,9.642,High Risk
37,Business Owner,5.7,114108,26318,587,No,1655194,10,23.06,1.209,Low Risk
42,Self-Employed,2.5,69526,35471,667,No,1572279,5,51.02,1.885,Medium Risk
27,Business Owner,4.0,192870,95991,556,Yes,517342,1,49.77,0.224,High Risk
59,Self-Employed,10.2,109817,13147,617,Yes,1898886,4,11.97,1.441,Medium Risk
46,Self-Employed,14.8,22573,14962,671,No,1156162,2,66.28,4.268,High Risk
52,Salaried,10.2,57319,8107,633,No,2142057,14,14.14,3.114,Low Risk
53,Self-Employed,17.4,30364,21118,601,Yes,2945540,3,69.55,8.084,High Risk
34,Business Owner,13.3,49369,6959,541,No,2307579,14,14.1,3.895,Medium Risk
60,Business Owner,14.6,80308,22458,657,No,2960475,14,27.96,3.072,Low Risk
41,Salaried,19.1,51458,4935,582,No,1430323,10,9.59,2.316,Medium Risk
48,Salaried,15.3,150559,94739,611,No,1382673,10,62.92,0.765,Medium Risk
34,Salaried,15.9,47565,30132,773,No,779367,4,63.35,1.365,Medium Risk
24,Self-Employed,4.5,107642,60059,797,Yes,2924159,14,55.8,2.264,Medium Risk
22,Salaried,1.3,159604,17890,509,No,1851045,5,11.21,0.966,Medium Risk
56,Self-Employed,14.4,197605,14688,522,No,2200506,3,7.43,0.928,Low Risk
40,Salaried,14.3,26222,10583,729,No,2271793,5,40.36,7.22,Medium Risk
48,Salaried,8.8,164219,58442,728,No,2752208,4,35.59,1.397,Low Risk
32,Salaried,4.3,179011,75733,505,No,638377,1,42.31,0.297,Medium Risk
38,Salaried,13.1,194140,72244,609,No,1386757,5,37.21,0.595,Low Risk
29,Salaried,1.0,114692,10680,523,No,1334084,14,9.31,0.969,Medium Risk
46,Salaried,1.8,184890,44372,602,No,1510243,6,24.0,0.681,Medium Risk
42,Business Owner,9.4,99550,13594,741,No,715477,11,13.66,0.599,Low Risk
64,Salaried,13.7,176446,118936,716,No,2047217,3,67.41,0.967,Low Risk
63,Salaried,10.0,40120,20542,807,Yes,2445883,10,51.2,5.08,High Risk
56,Self-Employed,14.4,139001,51322,743,No,1656360,14,36.92,0.993,Low Risk
25,Salaried,3.8,141823,67590,565,No,2643725,9,47.66,1.553,Medium Risk
26,Business Owner,7.8,78512,35297,829,No,774179,1,44.96,0.822,Low Risk
38,Business Owner,9.8,30180,6902,559,No,1438340,6,22.87,3.972,Medium Risk
53,Self-Employed,18.6,42149,19784,733,No,1036783,5,46.94,2.05,Medium Risk
28,Business Owner,5.8,199723,13961,796,No,1407357,12,6.99,0.587,Low Risk
64,Salaried,5.3,186115,105524,678,Yes,1437975,9,56.7,0.644,Medium Risk
42,Business Owner,4.3,169088,20109,776,No,1100031,11,11.89,0.542,Low Risk
46,Business Owner,3.2,114816,72948,656,No,1087919,10,63.53,0.79,Medium Risk
32,Self-Employed,1.6,167728,42860,515,Yes,1055897,9,25.55,0.525,High Risk
41,Self-Employed,18.0,22210,3136,527,No,2762911,2,14.12,10.367,Medium Risk
43,Salaried,9.4,192157,44469,528,No,1552761,6,23.14,0.673,Low Risk
64,Business Owner,7.3,108231,58579,844,No,1284536,15,54.12,0.989,Low Risk
23,Self-Employed,3.9,155305,79257,846,No,2062867,12,51.03,1.107,Low Risk
53,Business Owner,11.0,174092,113618,584,No,668010,13,65.26,0.32,Medium Risk
27,Salaried,6.8,139414,77620,847,No,1262794,1,55.68,0.755,Low Risk
60,Self-Employed,10.1,37839,26172,588,No,543128,12,69.17,1.196,Medium Risk
49,Self-Employed,13.5,160880,80497,643,No,196408,12,50.04,0.102,Medium Risk
40,Business Owner,8.8,146740,15141,714,No,1246812,3,10.32,0.708,Low Risk
48,Salaried,15.5,98805,57843,754,No,1185323,10,58.54,1.0,Low Risk
56,Self-Employed,9.7,50141,28750,560,No,2055389,13,57.34,3.416,Medium Risk
21,Salaried,1.1,105537,37055,524,No,2866619,5,35.11,2.264,Medium Risk
35,Salaried,8.1,55285,13831,692,No,2323449,10,25.02,3.502,Low Risk
60,Self-Employed,13.3,87205,38411,847,No,996698,11,44.05,0.952,Low Risk
24,Self-Employed,4.9,79658,30567,551,No,1955184,10,38.37,2.045,Medium Risk
59,Business Owner,10.3,174635,73822,633,No,2505896,3,42.27,1.196,Low Risk
39,Self-Employed,0.9,158253,20381,848,No,491095,9,12.88,0.259,Low Risk
48,Self-Employed,5.3,84870,8863,635,Yes,2991300,7,10.44,2.937,Medium Risk
44,Salaried,10.4,52688,8321,688,No,2090740,1,15.79,3.307,Low Risk
22,Salaried,1.4,140663,31794,579,No,1699426,13,22.6,1.007,Medium Risk
64,Self-Employed,6.3,106665,19892,570,No,2823796,11,18.65,2.206,Low Risk
30,Salaried,1.9,108226,23549,826,No,2582493,14,21.76,1.989,Low Risk
22,Business Owner,1.0,119399,6869,552,No,1786157,11,5.75,1.247,Medium Risk
58,Salaried,1.5,28663,8149,565,No,2930722,5,28.43,8.521,High Risk
37,Salaried,12.5,131104,73381,724,No,1124853,12,55.97,0.715,Low Risk
44,Salaried,11.4,195577,27079,717,No,1816968,2,13.85,0.774,Low Risk
64,Self-Employed,13.5,182836,76987,812,No,694203,7,42.11,0.316,Low Risk
65,Salaried,10.9,106363,27067,724,No,1428463,9,25.45,1.119,Low Risk
30,Self-Employed,6.6,188075,85793,530,No,1231252,14,45.62,0.546,Medium Risk
60,Business Owner,16.4,192204,48457,516,No,903225,3,25.21,0.392,Low Risk
33,Self-Employed,8.5,175493,35010,678,No,965092,11,19.95,0.458,Low Risk
61,Self-Employed,17.6,64930,24686,515,No,2179692,6,38.02,2.797,Medium Risk
23,Self-Employed,3.7,153295,16436,822,No,988431,6,10.72,0.537,Low Risk
37,Self-Employed,17.4,113881,19080,742,No,2123431,5,16.75,1.554,Low Risk
39,Self-Employed,11.5,89348,50599,625,No,1891546,5,56.63,1.764,Medium Risk
24,Salaried,2.9,121327,50884,761,Yes,1736510,5,41.94,1.193,Medium Risk
55,Self-Employed,3.0,196054,68101,686,No,2183894,8,34.74,0.928,Low Risk
58,Salaried,15.8,167448,46645,833,Yes,2839822,13,27.86,1.413,Low Risk
45,Salaried,11.9,56625,7295,630,No,759176,14,12.88,1.117,Low Risk
44,Self-Employed,16.3,112858,59278,808,No,488308,13,52.52,0.361,Low Risk
48,Salaried,11.7,181086,109626,613,No,2751778,12,60.54,1.266,Medium Risk
37,Self-Employed,1.1,167761,24017,569,No,536848,12,14.32,0.267,Medium Risk
51,Self-Employed,4.4,199735,61170,529,No,1659161,1,30.63,0.692,Medium Risk
62,Salaried,15.1,173220,42118,845,No,2232868,15,24.31,1.074,Low Risk
54,Self-Employed,19.0,60515,21117,793,No,2975946,15,34.9,4.098,Low Risk
36,Self-Employed,2.1,150908,65569,635,No,1201270,6,43.45,0.663,Medium Risk
40,Business Owner,14.1,112889,57835,681,No,2226822,15,51.23,1.644,Medium Risk
28,Salaried,4.8,70605,36833,752,No,1307526,11,52.17,1.543,Medium Risk
63,Salaried,9.1,47910,18872,567,Yes,2963766,5,39.39,5.155,High Risk
22,Salaried,1.2,74701,22873,840,Yes,2095637,7,30.62,2.338,Medium Risk
27,Self-Employed,4.0,90942,46546,841,No,269596,5,51.18,0.247,Medium Risk
45,Self-Employed,13.4,46030,4718,782,No,2216617,2,10.25,4.013,Low Risk
28,Salaried,3.8,55614,28351,567,No,2629589,3,50.98,3.94,High Risk
23,Self-Employed,4.0,96533,47442,673,No,811807,13,49.15,0.701,Medium Risk
54,Business Owner,19.0,135960,75716,715,No,1244657,3,55.69,0.763,Low Risk
34,Business Owner,3.8,89466,17094,617,No,2015985,4,19.11,1.878,Low Risk
29,Business Owner,5.1,76609,34102,796,No,1545829,2,44.51,1.682,Low Risk
23,Salaried,1.1,20370,7503,584,No,912478,15,36.83,3.733,High Risk
61,Business Owner,5.4,156819,47122,791,No,1704982,13,30.05,0.906,Low Risk
42,Salaried,17.6,37900,10793,682,No,567240,1,28.48,1.247,Low Risk
43,Salaried,0.6,168843,69839,533,No,1031057,1,41.36,0.509,Medium Risk
63,Business Owner,19.8,33563,12069,607,No,2059044,8,35.96,5.112,Medium Risk
35,Salaried,16.7,180510,64915,598,Yes,1254092,2,35.96,0.579,Medium Risk
40,Business Owner,7.1,61919,30640,732,No,1664971,10,49.48,2.241,Low Risk
61,Business Owner,1.0,59158,18799,509,No,346592,8,31.78,0.488,Medium Risk
30,Salaried,0.8,191759,87896,543,Yes,608511,9,45.84,0.264,High Risk
58,Self-Employed,7.3,84306,36887,829,No,2491737,7,43.75,2.463,Low Risk
23,Salaried,1.6,39762,22997,817,Yes,2716562,9,57.84,5.693,High Risk
50,Self-Employed,2.7,114575,38905,817,No,801916,4,33.96,0.583,Low Risk
21,Business Owner,1.8,34860,19743,501,Yes,1287027,2,56.64,3.077,High Risk
50,Self-Employed,0.7,93315,12051,613,Yes,297465,8,12.91,0.266,High Risk
53,Business Owner,11.2,149400,70555,764,No,2132535,6,47.23,1.189,Low Risk
42,Business Owner,11.1,21280,9193,794,No,1373645,6,43.2,5.379,Medium Risk
23,Self-Employed,3.3,134750,22151,627,No,2708960,5,16.44,1.675,Low Risk
64,Self-Employed,3.0,66656,25070,673,No,623616,5,37.61,0.78,Medium Risk
65,Salaried,1.3,79235,37506,638,No,1458756,15,47.34,1.534,Medium Risk
23,Business Owner,4.8,87960,56236,574,No,1719278,5,63.93,1.629,Medium Risk
63,Salaried,18.6,178537,109869,793,Yes,547193,7,61.54,0.255,Medium Risk
45,Self-Employed,5.5,28785,9702,847,No,1859364,10,33.71,5.383,Medium Risk
53,Business Owner,16.8,114346,45325,728,No,416151,13,39.64,0.303,Low Risk
26,Salaried,3.5,134492,46739,577,Yes,1315076,2,34.75,0.815,Medium Risk
53,Self-Employed,12.7,191211,81531,775,No,1429724,4,42.64,0.623,Low Risk
50,Self-Employed,1.5,61971,14327,608,Yes,559337,7,23.12,0.752,High Risk
38,Self-Employed,13.7,176666,68723,575,Yes,1184983,4,38.9,0.559,Medium Risk
49,Business Owner,0.8,135447,7014,520,No,2571202,4,5.18,1.582,Medium Risk
45,Self-Employed,1.8,153421,91240,691,No,2532297,3,59.47,1.375,Medium Risk
48,Business Owner,18.1,56585,30666,612,No,767042,8,54.19,1.13,Medium Risk
34,Self-Employed,12.5,50883,7207,699,Yes,874231,2,14.16,1.432,Medium Risk
30,Salaried,0.6,164852,91868,734,No,2516368,6,55.73,1.272,Medium Risk
58,Salaried,7.7,57188,29090,592,No,1728899,7,50.87,2.519,Medium Risk
22,Salaried,2.5,20220,12517,670,Yes,2355245,4,61.9,9.707,High Risk
47,Business Owner,12.3,73880,5174,637,No,1131336,14,7.0,1.276,Low Risk
61,Self-Employed,7.1,69557,9130,763,No,2348589,5,13.13,2.814,Low Risk
60,Business Owner,12.2,136341,83541,725,No,215817,12,61.27,0.132,Low Risk
52,Salaried,8.8,26525,9925,693,No,1266001,13,37.42,3.977,Medium Risk
36,Salaried,15.8,28227,19628,642,No,432796,12,69.54,1.278,Medium Risk
63,Self-Employed,19.8,94373,16802,786,No,2869572,12,17.8,2.534,Low Risk
61,Self-Employed,5.1,140175,46795,540,Yes,2104916,12,33.38,1.251,Medium Risk
52,Self-Employed,16.7,105205,22696,691,No,1933442,7,21.57,1.531,Low Risk
28,Business Owner,1.9,161351,84045,657,No,814457,8,52.09,0.421,Medium Risk
53,Self-Employed,17.7,184565,16849,555,No,2634878,9,9.13,1.19,Low Risk
53,Self-Employed,3.9,74326,37960,792,No,2754964,3,51.07,3.089,Medium Risk
29,Salaried,8.0,171058,105233,768,Yes,767796,2,61.52,0.374,Medium Risk
41,Business Owner,15.8,23748,8304,562,No,681381,11,34.97,2.391,Medium Risk
65,Salaried,6.1,91592,61023,632,Yes,1572647,7,66.62,1.431,High Risk
50,Self-Employed,1.9,194785,43407,737,No,1693292,7,22.28,0.724,Low Risk
21,Self-Employed,1.3,163669,70854,618,No,514106,7,43.29,0.262,Medium Risk
64,Business Owner,6.5,135388,64227,751,Yes,2899118,8,47.44,1.784,Medium Risk
46,Self-Employed,16.4,133514,40076,628,No,1752760,1,30.02,1.094,Low Risk
56,Self-Employed,3.0,151107,73482,675,No,685853,10,48.63,0.378,Low Risk
48,Self-Employed,6.9,104057,67874,536,No,360143,5,65.23,0.288,Medium Risk
57,Business Owner,11.0,149789,59016,803,No,2145354,3,39.4,1.194,Low Risk
50,Self-Employed,6.3,92318,13121,502,No,2981231,12,14.21,2.691,Medium Risk
56,Self-Employed,14.0,128568,80839,587,No,2349026,8,62.88,1.523,Medium Risk
64,Salaried,13.1,133192,74631,641,No,1693430,13,56.03,1.06,Medium Risk
51,Salaried,6.5,133191,24162,519,No,467924,5,18.14,0.293,Low Risk
36,Salaried,3.9,162602,81723,790,No,1102712,4,50.26,0.565,Low Risk
22,Salaried,0.9,49370,28172,760,No,189977,7,57.06,0.321,Medium Risk
43,Self-Employed,10.3,104772,28607,755,No,659644,12,27.3,0.525,Low Risk
39,Self-Employed,3.5,122942,14485,538,No,1828339,10,11.78,1.239,Low Risk
50,Self-Employed,7.3,157175,29428,537,Yes,2498597,15,18.72,1.325,Medium Risk
55,Salaried,13.2,139610,71648,545,No,1476480,6,51.32,0.881,Medium Risk
46,Self-Employed,18.3,133253,90971,626,No,952843,13,68.27,0.596,Medium Risk
55,Business Owner,16.2,113166,57928,775,No,1149985,2,51.19,0.847,Low Risk
50,Business Owner,10.9,56927,14947,849,No,292561,12,26.26,0.428,Low Risk
28,Business Owner,6.3,172870,120243,721,No,1880768,15,69.56,0.907,Low Risk
59,Self-Employed,12.9,130337,66132,586,No,1749763,13,50.74,1.119,Medium Risk
64,Business Owner,6.0,133145,52111,685,No,2135270,10,39.14,1.336,Low Risk
50,Salaried,9.0,168003,87777,810,Yes,303891,2,52.25,0.151,Medium Risk
21,Salaried,2.1,149617,86564,810,No,2950764,13,57.86,1.644,Medium Risk
60,Self-Employed,17.2,197234,120612,504,No,2869955,8,61.15,1.213,Medium Risk
31,Salaried,11.9,52558,29133,687,No,2499692,1,55.43,3.963,Medium Risk
61,Self-Employed,18.0,120320,19430,656,No,1235238,7,16.15,0.856,Low Risk
65,Salaried,3.4,44602,13557,717,No,2751511,13,30.4,5.141,Medium Risk
36,Business Owner,4.2,197763,55240,767,No,891090,12,27.93,0.375,Low Risk
29,Self-Employed,1.8,83067,40523,546,Yes,160790,4,48.78,0.161,High Risk
24,Business Owner,3.2,102147,67811,804,No,1290418,2,66.39,1.053,Low Risk
64,Self-Employed,17.9,36066,5112,644,No,895350,13,14.17,2.069,Medium Risk
43,Salaried,10.0,116750,6937,807,No,1134952,3,5.94,0.81,Low Risk
53,Salaried,17.2,187680,124088,789,No,2052996,1,66.12,0.912,Low Risk
29,Self-Employed,3.3,99240,64815,603,No,2699359,1,65.31,2.267,Medium Risk
50,Self-Employed,2.4,166082,27076,846,No,2991803,4,16.3,1.501,Low Risk
29,Self-Employed,5.5,188576,36470,723,No,1179006,8,19.34,0.521,Low Risk
46,Salaried,9.0,136342,38452,615,No,1400169,9,28.2,0.856,Low Risk
27,Self-Employed,4.5,45512,7592,699,No,543559,6,16.68,0.995,Low Risk
64,Salaried,11.8,171283,91505,565,No,851753,8,53.42,0.414,Medium Risk
24,Salaried,5.8,110635,9765,828,No,1168219,14,8.83,0.88,Low Risk
35,Business Owner,4.6,33248,11099,741,No,2363221,10,33.38,5.923,Medium Risk
62,Self-Employed,10.3,95503,55204,742,No,2469663,2,57.8,2.155,Medium Risk
29,Business Owner,9.6,31377,6077,557,No,559872,3,19.37,1.487,Medium Risk
49,Self-Employed,12.2,168729,84859,685,No,2901616,15,50.29,1.433,Medium Risk
26,Self-Employed,6.5,42092,23713,545,No,2924194,3,56.34,5.789,High Risk
32,Salaried,11.7,122654,74407,844,No,472632,1,60.66,0.321,Low Risk
21,Business Owner,1.2,85910,14882,628,Yes,1745408,5,17.32,1.693,Medium Risk
39,Self-Employed,4.6,62039,33296,788,No,1854909,10,53.67,2.492,Medium Risk
26,Self-Employed,1.6,21954,10110,737,No,792689,15,46.05,3.009,Medium Risk
49,Self-Employed,14.5,82646,21276,736,No,2730666,9,25.74,2.753,Low Risk
49,Business Owner,6.7,146459,17454,808,Yes,890018,9,11.92,0.506,Low Risk
44,Salaried,1.3,31428,13583,530,No,987960,11,43.22,2.62,High Risk
29,Self-Employed,5.9,131182,61590,743,Yes,1487079,5,46.95,0.945,Medium Risk
46,Self-Employed,11.3,51613,18665,783,No,2039954,11,36.16,3.294,Low Risk
22,Salaried,1.5,130403,60575,612,No,1303941,14,46.45,0.833,Medium Risk
45,Self-Employed,13.1,195676,62327,770,No,372872,6,31.85,0.159,Low Risk
39,Business Owner,8.5,72611,19342,738,No,955692,6,26.64,1.097,Low Risk
25,Business Owner,2.9,150992,46403,845,No,2475317,6,30.73,1.366,Low Risk
58,Self-Employed,6.9,127961,7447,827,Yes,1059095,12,5.82,0.69,Low Risk
35,Self-Employed,12.8,60225,10149,702,No,2263577,5,16.85,3.132,Low Risk
61,Salaried,2.2,167837,25820,565,No,1213861,6,15.38,0.603,Medium Risk
43,Self-Employed,18.4,186172,53873,601,No,647196,4,28.94,0.29,Low Risk
52,Self-Employed,8.6,91569,8750,573,Yes,1387168,4,9.56,1.262,Medium Risk
24,Salaried,3.9,143696,11504,539,No,2141324,3,8.01,1.242,Low Risk
32,Business Owner,8.1,51944,3142,602,No,723294,5,6.05,1.16,Low Risk
63,Salaried,12.3,63567,28273,689,No,2925736,11,44.48,3.836,Medium Risk
40,Business Owner,8.2,54887,22616,513,No,1914111,11,41.2,2.906,Medium Risk
62,Business Owner,12.0,106093,18968,527,Yes,2062253,9,17.88,1.62,Medium Risk
34,Business Owner,16.0,97085,52279,706,No,2715997,1,53.85,2.331,Medium Risk
24,Self-Employed,3.3,101449,25082,720,Yes,1682451,10,24.72,1.382,Medium Risk
40,Business Owner,11.5,133096,87049,502,No,2470064,11,65.4,1.547,Medium Risk
40,Salaried,10.6,152529,23367,849,No,168786,9,15.32,0.092,Low Risk
41,Self-Employed,11.8,107607,60436,718,No,2099525,13,56.16,1.626,Low Risk
32,Self-Employed,5.6,58362,10912,573,No,766221,8,18.7,1.094,Low Risk
36,Business Owner,17.0,128231,83245,810,No,2086324,1,64.92,1.356,Low Risk
64,Self-Employed,9.6,70446,39282,848,No,2776106,5,55.76,3.284,Medium Risk
48,Self-Employed,8.3,32051,8966,652,No,1720407,2,27.97,4.473,Medium Risk
55,Salaried,19.6,154532,47489,757,No,1719476,13,30.73,0.927,Low Risk
54,Business Owner,10.7,143437,95059,815,Yes,1240175,5,66.27,0.721,Medium Risk
59,Self-Employed,17.8,84437,41553,832,No,2711807,6,49.21,2.676,Low Risk
26,Business Owner,7.7,182944,93252,713,No,1062793,11,50.97,0.484,Low Risk
40,Self-Employed,1.4,167179,114310,616,No,1087067,14,68.38,0.542,Medium Risk
27,Business Owner,2.6,27250,3511,796,No,1223466,8,12.88,3.741,Medium Risk
47,Business Owner,1.8,55447,26033,604,No,2171293,10,46.95,3.263,Medium Risk
36,Business Owner,17.5,164450,94490,546,No,761661,3,57.46,0.386,Medium Risk
22,Salaried,1.8,45113,16952,687,No,124762,11,37.58,0.23,Medium Risk
30,Salaried,7.2,115371,17160,537,Yes,1116556,14,14.87,0.806,Medium Risk
46,Business Owner,15.3,76846,37753,649,No,2589936,9,49.13,2.809,Medium Risk
32,Salaried,2.8,31927,5406,562,No,1888649,8,16.93,4.93,Medium Risk
32,Salaried,11.8,67954,30890,809,No,1127121,2,45.46,1.382,Low Risk
63,Self-Employed,10.0,103938,32143,794,No,157634,1,30.93,0.126,Low Risk
65,Salaried,14.0,192007,82216,540,Yes,1677973,14,42.82,0.728,Medium Risk
42,Salaried,16.5,65656,43356,658,No,1178685,4,66.04,1.496,Medium Risk
53,Self-Employed,2.7,39065,9891,752,No,2695462,2,25.32,5.75,Medium Risk
28,Self-Employed,9.8,35357,22404,782,No,659412,8,63.37,1.554,Medium Risk
30,Business Owner,11.6,28697,17174,527,No,1095792,11,59.85,3.182,High Risk
54,Salaried,17.3,162951,106979,603,No,2481951,11,65.65,1.269,Medium Risk
28,Salaried,8.5,63969,7908,841,No,204887,6,12.36,0.267,Low Risk
59,Business Owner,4.7,89546,45098,779,No,2965720,12,50.36,2.76,Medium Risk
43,Salaried,14.4,120763,18611,575,No,280065,15,15.41,0.193,Low Risk
31,Salaried,3.3,45880,15316,788,No,1316907,3,33.38,2.392,Low Risk
54,Business Owner,4.7,121260,45008,513,No,449977,7,37.12,0.309,Medium Risk
49,Business Owner,2.7,133510,92348,739,No,2352415,7,69.17,1.468,Medium Risk
29,Business Owner,0.6,103849,11663,596,No,1176214,13,11.23,0.944,Medium Risk
31,Self-Employed,6.0,24126,3882,520,No,1353536,2,16.09,4.675,Medium Risk
51,Business Owner,16.2,108606,20164,511,No,2925740,1,18.57,2.245,Low Risk
44,Salaried,2.0,156814,36484,538,No,1537461,1,23.27,0.817,Medium Risk
49,Self-Employed,16.0,20689,8130,756,No,2397423,5,39.3,9.657,Medium Risk
47,Self-Employed,9.2,80996,45203,758,No,1996178,10,55.81,2.054,Medium Risk
52,Salaried,14.8,166573,79253,616,Yes,2828023,8,47.58,1.415,Medium Risk
46,Self-Employed,13.4,30574,8280,761,No,1474360,12,27.08,4.019,Low Risk
21,Salaried,1.7,62839,21190,732,No,1956780,4,33.72,2.595,Medium Risk
29,Business Owner,2.5,26762,3387,780,Yes,647088,1,12.66,2.015,Medium Risk
44,Salaried,2.3,61327,5586,598,No,1891712,15,9.11,2.571,Medium Risk
33,Self-Employed,8.2,39135,24489,805,No,223607,3,62.58,0.476,Medium Risk
40,Salaried,8.3,36833,3425,740,No,1245737,14,9.3,2.818,Low Risk
51,Salaried,14.5,140819,11528,701,No,1574900,13,8.19,0.932,Low Risk
49,Business Owner,9.0,153749,63267,599,No,475662,3,41.15,0.258,Medium Risk
37,Salaried,8.8,193079,85477,657,No,2377610,11,44.27,1.026,Low Risk
26,Salaried,4.6,192397,74802,795,No,621339,2,38.88,0.269,Low Risk
38,Self-Employed,14.1,151032,85669,705,No,1845220,15,56.72,1.018,Low Risk
25,Business Owner,6.1,53881,12079,704,No,504470,8,22.42,0.78,Low Risk
23,Business Owner,1.2,44787,15335,656,No,2126565,14,34.24,3.957,Medium Risk
50,Salaried,3.0,59995,28951,784,No,1568034,4,48.26,2.178,Low Risk
40,Self-Employed,10.3,62510,21021,836,No,895225,12,33.63,1.193,Low Risk
30,Salaried,7.6,112618,52195,829,No,2331853,5,46.35,1.725,Low Risk
54,Business Owner,11.3,81792,23269,757,No,2023422,3,28.45,2.062,Low Risk
60,Business Owner,17.6,69853,13253,673,No,2970840,11,18.97,3.544,Low Risk
22,Salaried,3.0,86829,6035,813,No,2209857,7,6.95,2.121,Low Risk
63,Self-Employed,4.3,178971,102003,657,No,1300333,9,56.99,0.605,Medium Risk
39,Self-Employed,3.1,139252,29452,785,No,1747936,13,21.15,1.046,Low Risk
64,Self-Employed,3.1,82848,36604,783,No,1846122,11,44.18,1.857,Low Risk
50,Self-Employed,3.7,60768,21734,670,Yes,1046854,14,35.77,1.436,Medium Risk
36,Self-Employed,16.2,122348,56280,528,Yes,1823906,7,46.0,1.242,Medium Risk
33,Salaried,4.4,35492,4467,568,No,1770832,12,12.59,4.158,Medium Risk
33,Self-Employed,13.3,110012,18161,712,No,818598,13,16.51,0.62,Low Risk
54,Business Owner,8.7,76924,13594,735,No,1257367,5,17.67,1.362,Low Risk
44,Self-Employed,16.1,50721,26939,834,Yes,953061,5,53.11,1.566,Medium Risk
39,Salaried,2.1,47591,16832,635,Yes,1211392,5,35.37,2.121,High Risk
57,Self-Employed,9.8,95712,15157,541,No,2329182,12,15.84,2.028,Medium Risk
40,Salaried,17.2,98710,29225,758,No,1639676,2,29.61,1.384,Low Risk
31,Business Owner,1.9,126920,28877,751,No,828288,15,22.75,0.544,Low Risk
37,Business Owner,7.7,66670,28756,756,Yes,827835,5,43.13,1.035,Medium Risk
49,Business Owner,4.5,76205,36097,818,No,2179713,6,47.37,2.384,Low Risk
62,Business Owner,16.3,114406,23558,501,No,1425754,13,20.59,1.039,Low Risk
28,Self-Employed,4.0,190633,18861,770,No,1265845,8,9.89,0.553,Low Risk
57,Salaried,18.4,81501,6656,738,No,2439184,3,8.17,2.494,Low Risk
37,Self-Employed,14.2,39980,2667,757,No,1152745,7,6.67,2.403,Low Risk
40,Salaried,15.0,160266,74679,696,Yes,1394104,4,46.6,0.725,Medium Risk
24,Business Owner,0.9,90425,41662,506,No,2576057,7,46.07,2.374,High Risk
28,Business Owner,0.8,175958,80470,624,No,1398185,10,45.73,0.662,Medium Risk
27,Salaried,7.3,36740,14228,751,No,2737487,1,38.73,6.209,Medium Risk
45,Self-Employed,0.7,40323,24282,636,No,1567990,10,60.22,3.24,High Risk
21,Salaried,0.8,63172,16234,571,No,901157,2,25.7,1.189,Medium Risk
47,Salaried,0.5,86668,47234,595,Yes,2115773,3,54.5,2.034,High Risk
56,Business Owner,11.1,154070,104036,827,No,824155,1,67.53,0.446,Low Risk
56,Self-Employed,17.8,89277,47843,815,No,691438,6,53.59,0.645,Low Risk
23,Self-Employed,3.3,119805,54107,825,No,1998587,9,45.16,1.39,Low Risk
37,Salaried,1.1,36162,17024,646,No,1231146,3,47.08,2.837,Medium Risk
37,Self-Employed,0.8,144698,28194,750,No,2336655,15,19.48,1.346,Low Risk
48,Salaried,14.5,112789,48074,586,No,1450806,12,42.62,1.072,Medium Risk
59,Business Owner,17.4,91633,31799,665,No,1932142,4,34.7,1.757,Low Risk
52,Business Owner,15.4,152079,24452,617,No,1418653,8,16.08,0.777,Low Risk
51,Business Owner,9.6,177500,82866,606,No,1922628,1,46.69,0.903,Low Risk
51,Self-Employed,14.5,46137,3517,800,No,1243343,12,7.62,2.246,Low Risk
64,Business Owner,2.5,21164,11677,617,No,1091457,6,55.17,4.298,High Risk
48,Business Owner,1.0,54961,21709,782,No,2696157,11,39.5,4.088,Medium Risk
45,Self-Employed,14.5,181848,58636,682,No,2062946,15,32.24,0.945,Low Risk
46,Salaried,18.2,105630,63317,587,No,471626,9,59.94,0.372,Medium Risk
39,Salaried,8.1,193876,26930,659,No,1298364,15,13.89,0.558,Low Risk
27,Business Owner,0.7,54250,32848,676,No,355371,9,60.55,0.546,Medium Risk
43,Business Owner,12.8,104318,32697,623,No,1259388,11,31.34,1.006,Low Risk
36,Self-Employed,14.0,174851,46345,728,No,1850519,15,26.51,0.882,Low Risk
64,Self-Employed,15.6,104605,36422,614,No,1156995,9,34.82,0.922,Low Risk
43,Business Owner,18.4,60556,16027,587,No,1488137,14,26.47,2.048,Medium Risk
56,Self-Employed,8.7,175340,105153,526,No,2162649,13,59.97,1.028,Medium Risk
41,Salaried,17.1,145906,63154,824,Yes,2705357,5,43.28,1.545,Medium Risk
57,Business Owner,15.3,132225,34781,582,No,2717971,7,26.3,1.713,Low Risk
52,Self-Employed,13.7,173302,115703,788,No,696468,1,66.76,0.335,Low Risk
35,Business Owner,9.0,90570,6768,500,No,1199864,13,7.47,1.104,Low Risk
26,Self-Employed,4.8,41534,27490,644,No,2466560,12,66.19,4.949,High Risk
41,Self-Employed,17.8,78032,46363,778,No,946059,11,59.42,1.01,Low Risk
59,Self-Employed,7.8,84921,22666,814,No,394956,5,26.69,0.388,Low Risk
29,Business Owner,5.1,63929,4101,530,No,690295,1,6.41,0.9,Low Risk
46,Salaried,4.5,126854,12628,769,No,2304429,8,9.95,1.514,Low Risk
33,Self-Employed,2.6,67070,31721,678,Yes,891019,11,47.3,1.107,High Risk
34,Business Owner,8.4,95197,11097,813,No,456636,13,11.66,0.4,Low Risk
45,Salaried,19.9,73040,50436,846,No,2216460,14,69.05,2.529,Medium Risk
44,Self-Employed,6.0,158711,75002,627,No,1903069,1,47.26,0.999,Low Risk
63,Salaried,13.7,185271,82108,601,No,2076464,15,44.32,0.934,Low Risk
56,Business Owner,1.4,61509,30428,534,No,1107871,15,49.47,1.501,Medium Risk
47,Self-Employed,14.6,128316,48008,734,No,2008070,4,37.41,1.304,Low Risk
47,Self-Employed,15.4,139574,41224,682,No,1487577,10,29.54,0.888,Low Risk
24,Salaried,1.9,152189,18573,669,No,1149072,4,12.2,0.629,Low Risk
43,Business Owner,14.6,48279,30712,571,No,956975,10,63.61,1.652,Medium Risk
41,Self-Employed,4.5,32927,13147,569,No,1146432,4,39.93,2.901,Medium Risk
62,Salaried,4.5,197921,105766,535,No,2846536,9,53.44,1.199,Medium Risk
41,Self-Employed,15.1,27468,9667,573,No,172829,7,35.19,0.524,Medium Risk
29,Self-Employed,0.6,135347,31527,554,No,617141,12,23.29,0.38,Medium Risk
40,Self-Employed,16.4,145176,48494,554,Yes,1861882,5,33.4,1.069,Medium Risk
56,Salaried,14.8,86840,41647,732,No,2528077,8,47.96,2.426,Low Risk
36,Salaried,3.5,93891,7971,790,No,2104817,15,8.49,1.868,Low Risk
31,Self-Employed,2.6,28802,4392,684,No,965054,8,15.25,2.792,Medium Risk
50,Salaried,3.6,163182,27330,635,No,2446039,10,16.75,1.249,Low Risk
26,Business Owner,5.5,174525,116917,653,No,1602552,2,66.99,0.765,Medium Risk
45,Business Owner,14.6,183824,78777,798,No,1750809,11,42.85,0.794,Low Risk
39,Self-Employed,8.9,104260,14997,799,No,1181407,2,14.38,0.944,Low Risk
44,Salaried,6.4,60949,41804,769,No,2357982,6,68.59,3.224,Medium Risk
42,Self-Employed,10.1,22447,12612,757,No,2147104,10,56.19,7.971,Medium Risk
64,Self-Employed,15.4,52750,33266,654,No,282401,12,63.06,0.446,Medium Risk
60,Business Owner,15.2,131022,48289,828,Yes,286483,12,36.86,0.182,Medium Risk
29,Business Owner,7.8,35019,19903,658,No,2035361,8,56.83,4.843,Medium Risk
23,Business Owner,2.7,90739,45885,716,No,1140984,2,50.57,1.048,Medium Risk
47,Salaried,4.8,98137,5709,749,No,634784,13,5.82,0.539,Low Risk
64,Business Owner,2.2,90305,25063,665,No,2145963,6,27.75,1.98,Medium Risk
39,Business Owner,4.0,151815,77814,841,Yes,626393,13,51.26,0.344,Medium Risk
56,Self-Employed,10.1,151628,40938,546,Yes,2952358,1,27.0,1.623,Medium Risk
48,Self-Employed,10.7,153192,14653,683,No,560583,12,9.57,0.305,Low Risk
41,Self-Employed,16.8,197561,63350,715,No,2542205,15,32.07,1.072,Low Risk
40,Salaried,11.5,130251,85607,622,No,1808474,11,65.72,1.157,Medium Risk
21,Self-Employed,1.9,117123,29729,711,No,400946,4,25.38,0.285,Low Risk
34,Business Owner,5.7,69251,11896,633,Yes,413061,9,17.18,0.497,Medium Risk
30,Self-Employed,5.0,125929,11811,565,No,709534,11,9.38,0.47,Low Risk
48,Business Owner,9.3,101760,41999,698,No,2421320,5,41.27,1.983,Low Risk
54,Self-Employed,11.6,153029,70065,709,No,457667,10,45.79,0.249,Low Risk
48,Salaried,1.6,62476,23212,526,No,959269,7,37.15,1.28,Medium Risk
57,Salaried,4.0,111106,64320,540,No,658459,4,57.89,0.494,Medium Risk
21,Salaried,0.8,93811,29409,505,No,1737679,4,31.35,1.544,Medium Risk
27,Business Owner,1.3,151703,92610,624,No,2961247,11,61.05,1.627,Medium Risk
22,Business Owner,1.8,110675,21808,698,No,728751,3,19.7,0.549,Low Risk
33,Salaried,6.5,111304,35747,605,No,1579689,8,32.12,1.183,Low Risk
50,Self-Employed,8.1,95846,15147,811,No,372143,1,15.8,0.324,Low Risk
40,Salaried,16.8,29262,5592,581,No,177452,4,19.11,0.505,Medium Risk
29,Self-Employed,8.6,65643,33553,655,Yes,1697765,4,51.11,2.155,High Risk
41,Salaried,13.8,80101,44983,711,No,2435343,9,56.16,2.534,Medium Risk
65,Salaried,0.8,83657,49577,776,No,1900478,14,59.26,1.893,Medium Risk
64,Business Owner,14.5,106380,40278,711,Yes,2873761,2,37.86,2.251,Medium Risk
56,Self-Employed,4.4,190246,129187,532,No,493791,11,67.91,0.216,Medium Risk
31,Business Owner,10.0,142324,51931,808,No,977020,11,36.49,0.572,Low Risk
46,Self-Employed,8.0,79909,24371,815,No,834786,9,30.5,0.871,Low Risk
25,Business Owner,2.1,128565,85956,667,No,1273906,6,66.86,0.826,Medium Risk
21,Salaried,1.0,199272,73605,525,No,2901136,11,36.94,1.213,Medium Risk
59,Self-Employed,19.8,28091,16607,751,No,1547186,11,59.12,4.59,Medium Risk
65,Salaried,13.5,48221,23103,579,No,1538436,3,47.91,2.659,Medium Risk
65,Self-Employed,19.1,106513,34026,550,No,1535725,1,31.95,1.202,Low Risk
36,Salaried,7.0,151419,52331,531,No,381265,3,34.56,0.21,Low Risk
65,Self-Employed,6.9,94459,56863,818,No,2372519,10,60.2,2.093,Medium Risk
25,Business Owner,2.8,177127,118946,621,No,809878,15,67.15,0.381,Medium Risk
21,Business Owner,0.7,51668,11871,739,No,1834998,5,22.98,2.96,Medium Risk
57,Salaried,5.3,42255,13325,680,No,1552818,3,31.53,3.062,Medium Risk
53,Salaried,19.2,121378,14631,790,No,2853765,5,12.05,1.959,Low Risk
57,Business Owner,16.4,54351,22598,787,Yes,2534379,13,41.58,3.886,Medium Risk
39,Salaried,13.6,87115,46278,663,No,1816641,14,53.12,1.738,Medium Risk
46,Salaried,14.6,82315,53263,774,No,1539742,11,64.71,1.559,Low Risk
42,Salaried,15.7,28903,14728,798,Yes,1641423,10,50.96,4.733,High Risk
43,Business Owner,8.3,136287,52487,572,Yes,2466933,12,38.51,1.508,Medium Risk
62,Business Owner,15.8,115576,77844,802,No,1709032,13,67.35,1.232,Low Risk
21,Salaried,1.9,94652,10083,826,No,1840922,7,10.65,1.621,Low Risk
27,Business Owner,7.1,195991,39067,517,No,2166628,9,19.93,0.921,Low Risk
23,Self-Employed,1.1,195358,27527,614,Yes,1000366,9,14.09,0.427,Medium Risk
56,Salaried,18.9,61403,3525,795,No,1761019,14,5.74,2.39,Low Risk
51,Self-Employed,19.6,136097,21303,508,No,1961424,4,15.65,1.201,Low Risk
39,Self-Employed,10.3,118391,33746,747,No,2786867,2,28.5,1.962,Low Risk
58,Business Owner,14.1,111096,34846,666,No,1303775,14,31.37,0.978,Low Risk
33,Business Owner,6.4,145387,10479,633,No,1989917,4,7.21,1.141,Low Risk
59,Salaried,2.0,85865,44802,502,No,1533274,5,52.18,1.488,High Risk
48,Business Owner,13.2,149801,80154,623,No,310043,13,53.51,0.172,Medium Risk
43,Business Owner,19.4,132395,52557,529,No,1486283,4,39.7,0.936,Medium Risk
27,Salaried,8.7,66162,21474,714,No,1241362,8,32.46,1.564,Low Risk
53,Salaried,13.9,167731,44123,526,No,480102,13,26.31,0.239,Low Risk
39,Self-Employed,2.9,102702,45749,739,No,154509,1,44.55,0.125,Low Risk
22,Salaried,3.7,196035,16886,517,No,2277064,9,8.61,0.968,Low Risk
41,Self-Employed,8.2,80763,37153,754,No,1785627,13,46.0,1.842,Low Risk
57,Salaried,16.5,186783,127035,783,No,538868,4,68.01,0.24,Low Risk
27,Business Owner,5.0,170795,50500,534,No,701679,2,29.57,0.342,Low Risk
33,Salaried,5.6,52991,34769,777,No,2846203,13,65.61,4.476,Medium Risk
32,Self-Employed,9.0,47148,5011,798,No,923421,13,10.63,1.632,Low Risk
43,Business Owner,6.4,23775,10118,585,No,1285675,2,42.56,4.506,High Risk
32,Self-Employed,8.1,182908,83435,801,No,2965722,4,45.62,1.351,Low Risk
29,Salaried,6.4,137350,67521,739,No,1904414,1,49.16,1.155,Low Risk
61,Self-Employed,16.7,157255,66866,663,Yes,397936,15,42.52,0.211,Medium Risk
33,Self-Employed,0.7,75693,31542,740,No,2338722,8,41.67,2.575,Medium Risk
39,Self-Employed,13.5,191042,33695,770,No,924402,7,17.64,0.403,Low Risk
36,Salaried,12.6,169022,81457,824,No,2969254,14,48.19,1.464,Low Risk
49,Business Owner,0.7,120880,65139,624,No,118517,8,53.89,0.082,Medium Risk
28,Self-Employed,9.4,166601,16977,666,No,1036432,14,10.19,0.518,Low Risk
27,Salaried,7.4,153524,49085,674,No,1983562,7,31.97,1.077,Low Risk
49,Self-Employed,1.9,55807,38613,840,No,2644999,3,69.19,3.95,Medium Risk
23,Salaried,0.8,60916,24058,727,No,1936490,5,39.49,2.649,Medium Risk
23,Self-Employed,2.8,68680,14069,506,No,154356,7,20.48,0.187,Medium Risk
49,Self-Employed,10.8,49036,21405,829,No,2604414,8,43.65,4.426,Medium Risk
63,Salaried,7.9,109549,58929,738,No,1798170,5,53.79,1.368,Low Risk
57,Self-Employed,9.8,87833,44242,548,No,1396773,6,50.37,1.325,Medium Risk
35,Self-Employed,6.4,66582,18712,653,Yes,1346425,11,28.1,1.685,Medium Risk
54,Business Owner,3.4,104708,14730,714,No,2631445,10,14.07,2.094,Low Risk
24,Business Owner,1.1,156478,44979,553,No,532121,14,28.74,0.283,Medium Risk
28,Self-Employed,7.5,144865,91345,618,No,1544178,2,63.06,0.888,Medium Risk
41,Self-Employed,8.8,130221,48363,518,No,352851,11,37.14,0.226,Medium Risk
47,Business Owner,0.7,179519,72523,758,No,384000,14,40.4,0.178,Low Risk
58,Salaried,5.6,104832,53114,590,No,1442337,9,50.67,1.147,Medium Risk
48,Salaried,5.3,183998,44983,676,No,2986312,4,24.45,1.353,Low Risk
34,Business Owner,9.5,84018,20620,684,No,1446469,8,24.54,1.435,Low Risk
24,Self-Employed,0.9,108406,56328,771,Yes,2775831,3,51.96,2.134,High Risk
46,Salaried,10.9,21980,12870,603,No,1229708,11,58.55,4.662,High Risk
30,Self-Employed,1.5,48862,23567,843,No,774044,12,48.23,1.32,Medium Risk
65,Business Owner,18.2,119046,50833,736,Yes,1152507,8,42.7,0.807,Medium Risk
47,Business Owner,16.2,76518,35289,512,No,2434168,6,46.12,2.651,Medium Risk
62,Self-Employed,9.7,136365,73482,594,No,502580,10,53.89,0.307,Medium Risk
33,Salaried,12.0,60636,10081,792,Yes,478646,13,16.63,0.658,Low Risk
32,Business Owner,3.5,153805,83037,500,Yes,1743150,3,53.99,0.944,High Risk
43,Salaried,13.9,85721,52624,548,Yes,1612175,5,61.39,1.567,High Risk
42,Self-Employed,5.9,161336,72342,662,No,2322297,15,44.84,1.2,Low Risk
36,Salaried,5.1,20943,1744,618,No,1042283,1,8.33,4.147,Medium Risk
33,Salaried,7.8,133008,47703,667,No,2668479,1,35.86,1.672,Low Risk
40,Self-Employed,11.8,163304,109135,684,No,1889425,14,66.83,0.964,Medium Risk
53,Business Owner,14.4,191506,26913,599,No,1637992,1,14.05,0.713,Low Risk
54,Self-Employed,3.9,161530,50891,774,No,1325458,11,31.51,0.684,Low Risk
34,Self-Employed,7.3,33248,16471,768,No,2357649,3,49.54,5.909,Medium Risk
34,Salaried,9.4,114765,46347,590,No,2830772,11,40.38,2.055,Medium Risk
39,Self-Employed,9.6,194163,36649,607,No,948748,4,18.88,0.407,Low Risk
22,Business Owner,1.5,30978,3625,580,No,738578,9,11.7,1.987,Medium Risk
21,Salaried,2.9,126227,31877,525,No,1291105,13,25.25,0.852,Medium Risk
63,Self-Employed,6.0,41164,18960,721,No,1104713,5,46.06,2.236,Medium Risk
62,Business Owner,4.8,198208,14364,548,No,2992700,2,7.25,1.258,Low Risk
45,Self-Employed,5.1,118394,39129,573,No,1621832,14,33.05,1.142,Low Risk
41,Self-Employed,1.9,20697,8211,669,No,1686967,3,39.67,6.792,High Risk
31,Business Owner,4.9,47287,21847,761,No,1890923,2,46.2,3.332,Medium Risk
23,Self-Employed,3.8,128677,68951,837,No,866115,14,53.58,0.561,Low Risk
45,Salaried,6.3,174963,10748,553,No,2668940,11,6.14,1.271,Low Risk
42,Salaried,10.5,186252,84888,694,Yes,662446,15,45.58,0.296,Medium Risk
40,Self-Employed,1.9,26266,8423,820,No,2383158,5,32.07,7.561,Medium Risk
41,Self-Employed,17.5,77894,46849,575,Yes,1905956,6,60.14,2.039,High Risk
24,Salaried,5.5,91776,13709,608,No,2500129,4,14.94,2.27,Low Risk
43,Self-Employed,15.0,23666,8274,534,No,164221,11,34.96,0.578,Medium Risk
50,Salaried,12.5,118267,7757,624,No,207099,6,6.56,0.146,Low Risk
61,Business Owner,1.1,131581,43674,548,No,1525300,4,33.19,0.966,Medium Risk
35,Business Owner,3.8,51996,19486,541,No,2511351,13,37.48,4.025,Medium Risk
41,Self-Employed,5.5,37298,6003,782,No,1327701,13,16.09,2.966,Low Risk
